route;date;hour;structural_prediction;ml_prediction
1;2025-11-01;0;5.774918;5.635545
1;2025-11-01;1;0.0;0.0
1;2025-11-01;2;0.0;0.0
1;2025-11-01;3;0.0;0.0
1;2025-11-01;4;7.632952;7.448737
1;2025-11-01;5;143.114633;139.660682
1;2025-11-01;6;535.074516;522.160942
1;2025-11-01;7;1508.523214;1472.116274
1;2025-11-01;8;1896.776976;1850.999858
1;2025-11-01;9;1458.489835;1423.290408
1;2025-11-01;10;1354.80535;1322.108262
1;2025-11-01;11;1419.01361;1384.766909
1;2025-11-01;12;1389.776922;1356.235824
1;2025-11-01;13;1420.584028;1386.299427
1;2025-11-01;14;1352.058552;1319.427755
1;2025-11-01;15;1522.696379;1485.947381
1;2025-11-01;16;1574.088724;1536.099416
1;2025-11-01;17;1773.993668;1731.179821
1;2025-11-01;18;1605.608545;1566.858532
1;2025-11-01;19;1267.727259;1237.131728
1;2025-11-01;20;864.348387;843.488065
1;2025-11-01;21;535.183779;522.267568
1;2025-11-01;22;278.322042;271.604973
1;2025-11-01;23;56.206969;54.850461
1;2025-11-02;0;0.0;0.0
1;2025-11-02;1;0.0;0.0
1;2025-11-02;2;0.0;0.0
1;2025-11-02;3;0.0;0.0
1;2025-11-02;4;0.0;0.0
1;2025-11-02;5;31.303286;30.275365
1;2025-11-02;6;151.084629;146.12339
1;2025-11-02;7;273.574754;264.591247
1;2025-11-02;8;379.708245;367.239581
1;2025-11-02;9;619.690235;599.341165
1;2025-11-02;10;700.748451;677.737633
1;2025-11-02;11;655.108376;633.596264
1;2025-11-02;12;818.637592;791.755591
1;2025-11-02;13;818.623498;791.74196
1;2025-11-02;14;763.280844;738.21662
1;2025-11-02;15;686.528995;663.985108
1;2025-11-02;16;633.335916;612.538756
1;2025-11-02;17;606.835476;586.908525
1;2025-11-02;18;568.926261;550.244153
1;2025-11-02;19;513.3379;496.481174
1;2025-11-02;20;373.613463;361.344936
1;2025-11-02;21;285.084299;275.722848
1;2025-11-02;22;130.622742;126.33342
1;2025-11-02;23;38.424575;37.162809
1;2025-11-03;0;0.0;0.0
1;2025-11-03;1;0.0;0.0
1;2025-11-03;2;0.0;0.0
1;2025-11-03;3;0.0;0.0
1;2025-11-03;4;0.0;0.0
1;2025-11-03;5;30.505103;29.547925
1;2025-11-03;6;147.232215;142.612415
1;2025-11-03;7;266.599038;258.233788
1;2025-11-03;8;370.026297;358.415743
1;2025-11-03;9;603.889132;584.940513
1;2025-11-03;10;682.880495;661.453313
1;2025-11-03;11;638.404168;618.372548
1;2025-11-03;12;797.763652;772.731707
1;2025-11-03;13;797.749918;772.718404
1;2025-11-03;14;743.818412;720.479142
1;2025-11-03;15;669.023611;648.031226
1;2025-11-03;16;617.18687;597.820999
1;2025-11-03;17;591.36215;572.806598
1;2025-11-03;18;554.419558;537.023178
1;2025-11-03;19;500.248611;484.551988
1;2025-11-03;20;364.086922;352.662731
1;2025-11-03;21;277.815109;269.097925
1;2025-11-03;22;127.292073;123.297947
1;2025-11-03;23;37.44481;36.26988
1;2025-11-04;0;0.0;0.0
1;2025-11-04;1;0.0;0.0
1;2025-11-04;2;0.0;0.0
1;2025-11-04;3;0.0;0.0
1;2025-11-04;4;0.0;0.0
1;2025-11-04;5;30.14848;29.476795
1;2025-11-04;6;145.51098;142.269109
1;2025-11-04;7;263.482332;257.612151
1;2025-11-04;8;365.700462;357.55294
1;2025-11-04;9;596.829298;583.532406
1;2025-11-04;10;674.897203;659.861018
1;2025-11-04;11;630.940831;616.883961
1;2025-11-04;12;788.437305;770.871536
1;2025-11-04;13;788.423732;770.858265
1;2025-11-04;14;735.122719;718.744756
1;2025-11-04;15;661.202315;646.471242
1;2025-11-04;16;609.971577;596.381885
1;2025-11-04;17;584.448763;571.4277
1;2025-11-04;18;547.938053;535.73042
1;2025-11-04;19;494.400398;483.385542
1;2025-11-04;20;359.830522;351.813778
1;2025-11-04;21;274.56728;268.450135
1;2025-11-04;22;125.80395;123.001136
1;2025-11-04;23;37.007058;36.182569
1;2025-11-05;0;4.086592;4.021236
1;2025-11-05;1;0.0;0.0
1;2025-11-05;2;0.0;0.0
1;2025-11-05;3;0.0;0.0
1;2025-11-05;4;9.082699;8.937439
1;2025-11-05;5;142.57259;140.292432
1;2025-11-05;6;557.088431;548.178938
1;2025-11-05;7;1454.654244;1431.390017
1;2025-11-05;8;1922.350607;1891.60653
1;2025-11-05;9;1528.404028;1503.960323
1;2025-11-05;10;1345.551609;1324.032256
1;2025-11-05;11;1374.80693;1352.819697
1;2025-11-05;12;1398.1274;1375.767205
1;2025-11-05;13;1441.374313;1418.322472
1;2025-11-05;14;1309.932186;1288.982493
1;2025-11-05;15;1466.078317;1442.631385
1;2025-11-05;16;1470.101007;1446.58974
1;2025-11-05;17;1773.123766;1744.766268
1;2025-11-05;18;1825.668968;1796.471117
1;2025-11-05;19;1419.762284;1397.056083
1;2025-11-05;20;941.540199;926.482184
1;2025-11-05;21;509.066059;500.924586
1;2025-11-05;22;279.123794;274.659779
1;2025-11-05;23;45.80362;45.071085
1;2025-11-06;0;5.029637;5.010105
1;2025-11-06;1;0.0;0.0
1;2025-11-06;2;0.0;0.0
1;2025-11-06;3;0.0;0.0
1;2025-11-06;4;8.094498;8.063065
1;2025-11-06;5;134.203438;133.682282
1;2025-11-06;6;533.532263;531.460385
1;2025-11-06;7;1451.606293;1445.969237
1;2025-11-06;8;1886.480073;1879.154261
1;2025-11-06;9;1465.865573;1460.173143
1;2025-11-06;10;1360.195158;1354.913081
1;2025-11-06;11;1357.295868;1352.025049
1;2025-11-06;12;1385.276102;1379.896628
1;2025-11-06;13;1368.89984;1363.58396
1;2025-11-06;14;1324.855556;1319.710714
1;2025-11-06;15;1423.754943;1418.226043
1;2025-11-06;16;1476.776351;1471.041551
1;2025-11-06;17;1715.935799;1709.272266
1;2025-11-06;18;1818.393342;1811.331933
1;2025-11-06;19;1377.966425;1372.615336
1;2025-11-06;20;916.041625;912.484339
1;2025-11-06;21;502.853269;500.900528
1;2025-11-06;22;258.188336;257.185707
1;2025-11-06;23;52.706602;52.501926
1;2025-11-07;0;5.626296;5.640081
1;2025-11-07;1;0.0;0.0
1;2025-11-07;2;0.0;0.0
1;2025-11-07;3;0.0;0.0
1;2025-11-07;4;7.436512;7.454732
1;2025-11-07;5;139.431459;139.773082
1;2025-11-07;6;521.303928;522.581183
1;2025-11-07;7;1469.700115;1473.301051
1;2025-11-07;8;1847.961844;1852.489565
1;2025-11-07;9;1420.954386;1424.43589
1;2025-11-07;10;1319.938308;1323.17231
1;2025-11-07;11;1382.494114;1385.881386
1;2025-11-07;12;1354.009857;1357.327338
1;2025-11-07;13;1384.024117;1387.415137
1;2025-11-07;14;1317.262201;1320.489646
1;2025-11-07;15;1483.508521;1487.14329
1;2025-11-07;16;1533.578242;1537.335687
1;2025-11-07;17;1728.338465;1732.573096
1;2025-11-07;18;1564.286874;1568.119559
1;2025-11-07;19;1235.101244;1238.127386
1;2025-11-07;20;842.103663;844.166915
1;2025-11-07;21;521.410379;522.687895
1;2025-11-07;22;271.159192;271.823564
1;2025-11-07;23;54.760436;54.894606
1;2025-11-08;0;6.031042;6.1352
1;2025-11-08;1;0.0;0.0
1;2025-11-08;2;0.0;0.0
1;2025-11-08;3;0.0;0.0
1;2025-11-08;4;0.0;0.0
1;2025-11-08;5;34.908001;35.510875
1;2025-11-08;6;180.931262;184.056014
1;2025-11-08;7;353.627848;359.735135
1;2025-11-08;8;483.297588;491.64432
1;2025-11-08;9;734.080437;746.758284
1;2025-11-08;10;853.394367;868.132811
1;2025-11-08;11;787.59979;801.201936
1;2025-11-08;12;962.729473;979.356175
1;2025-11-08;13;973.526415;990.339585
1;2025-11-08;14;905.258747;920.892909
1;2025-11-08;15;780.317335;793.793711
1;2025-11-08;16;748.897097;761.830834
1;2025-11-08;17;701.650815;713.76859
1;2025-11-08;18;633.6392;644.582389
1;2025-11-08;19;599.522999;609.876988
1;2025-11-08;20;448.224056;455.965056
1;2025-11-08;21;327.037751;332.685816
1;2025-11-08;22;146.192435;148.717234
1;2025-11-08;23;37.134224;37.775546
1;2025-11-09;0;0.0;0.0
1;2025-11-09;1;0.0;0.0
1;2025-11-09;2;0.0;0.0
1;2025-11-09;3;0.0;0.0
1;2025-11-09;4;0.0;0.0
1;2025-11-09;5;28.663227;28.37398
1;2025-11-09;6;132.16725;130.833522
1;2025-11-09;7;271.248485;268.511258
1;2025-11-09;8;374.710921;370.929632
1;2025-11-09;9;620.265136;614.005906
1;2025-11-09;10;716.217336;708.989832
1;2025-11-09;11;711.168029;703.991478
1;2025-11-09;12;866.603203;857.858122
1;2025-11-09;13;873.147419;864.336299
1;2025-11-09;14;771.262997;763.480015
1;2025-11-09;15;700.211767;693.145778
1;2025-11-09;16;659.880235;653.221241
1;2025-11-09;17;625.091557;618.783622
1;2025-11-09;18;566.678036;560.959566
1;2025-11-09;19;491.751775;486.789402
1;2025-11-09;20;395.505141;391.514013
1;2025-11-09;21;283.066562;280.210076
1;2025-11-09;22;118.726513;117.528418
1;2025-11-09;23;33.364384;33.027697
1;2025-11-10;0;0.0;0.0
1;2025-11-10;1;0.0;0.0
1;2025-11-10;2;0.0;0.0
1;2025-11-10;3;0.0;0.0
1;2025-11-10;4;9.141037;9.124609
1;2025-11-10;5;141.134855;140.881198
1;2025-11-10;6;555.49114;554.492774
1;2025-11-10;7;1473.493363;1470.845102
1;2025-11-10;8;1892.619773;1889.21823
1;2025-11-10;9;1462.306758;1459.678602
1;2025-11-10;10;1291.458227;1289.137133
1;2025-11-10;11;1318.942972;1316.57248
1;2025-11-10;12;1343.411692;1340.997223
1;2025-11-10;13;1344.730572;1342.313733
1;2025-11-10;14;1296.464877;1294.134784
1;2025-11-10;15;1436.267796;1433.68644
1;2025-11-10;16;1476.460964;1473.80737
1;2025-11-10;17;1782.215609;1779.012492
1;2025-11-10;18;1890.098249;1886.701239
1;2025-11-10;19;1448.85746;1446.253477
1;2025-11-10;20;934.902318;933.222049
1;2025-11-10;21;503.375199;502.470499
1;2025-11-10;22;257.261516;256.799148
1;2025-11-10;23;42.296938;42.22092
1;2025-11-11;0;2.969974;2.959809
1;2025-11-11;1;0.0;0.0
1;2025-11-11;2;0.0;0.0
1;2025-11-11;3;0.0;0.0
1;2025-11-11;4;7.308703;7.283688
1;2025-11-11;5;147.397624;146.893124
1;2025-11-11;6;573.282204;571.320024
1;2025-11-11;7;1550.935424;1545.627016
1;2025-11-11;8;1927.536033;1920.93863
1;2025-11-11;9;1536.407786;1531.149102
1;2025-11-11;10;1415.33434;1410.490056
1;2025-11-11;11;1411.205567;1406.375414
1;2025-11-11;12;1415.341067;1410.496761
1;2025-11-11;13;1417.602883;1412.750835
1;2025-11-11;14;1301.974532;1297.518247
1;2025-11-11;15;1430.224024;1425.328777
1;2025-11-11;16;1461.404984;1456.403014
1;2025-11-11;17;1750.785686;1744.793249
1;2025-11-11;18;1822.837623;1816.598573
1;2025-11-11;19;1457.517288;1452.528624
1;2025-11-11;20;961.530937;958.239892
1;2025-11-11;21;515.090341;513.327335
1;2025-11-11;22;258.817389;257.931532
1;2025-11-11;23;45.874229;45.717215
1;2025-11-12;0;4.010603;4.003209
1;2025-11-12;1;0.0;0.0
1;2025-11-12;2;0.0;0.0
1;2025-11-12;3;0.0;0.0
1;2025-11-12;4;8.913807;8.897374
1;2025-11-12;5;139.921465;139.66352
1;2025-11-12;6;546.729419;545.721526
1;2025-11-12;7;1427.605072;1424.973289
1;2025-11-12;8;1886.60466;1883.126714
1;2025-11-12;9;1499.983484;1497.218272
1;2025-11-12;10;1320.531191;1318.096798
1;2025-11-12;11;1349.242511;1346.75519
1;2025-11-12;12;1372.12934;1369.599826
1;2025-11-12;13;1414.57208;1411.964324
1;2025-11-12;14;1285.574108;1283.204158
1;2025-11-12;15;1438.816715;1436.164264
1;2025-11-12;16;1442.764603;1440.104874
1;2025-11-12;17;1740.15268;1736.944717
1;2025-11-12;18;1791.720808;1788.41778
1;2025-11-12;19;1393.361925;1390.79327
1;2025-11-12;20;924.032339;922.32889
1;2025-11-12;21;499.600019;498.679009
1;2025-11-12;22;273.933511;273.428516
1;2025-11-12;23;44.951906;44.869037
1;2025-11-13;0;5.168684;5.103857
1;2025-11-13;1;0.0;0.0
1;2025-11-13;2;0.0;0.0
1;2025-11-13;3;0.0;0.0
1;2025-11-13;4;8.318275;8.213944
1;2025-11-13;5;137.913569;136.183802
1;2025-11-13;6;548.28207;541.405296
1;2025-11-13;7;1491.736788;1473.026825
1;2025-11-13;8;1938.632904;1914.317791
1;2025-11-13;9;1506.390273;1487.496521
1;2025-11-13;10;1397.798539;1380.266788
1;2025-11-13;11;1394.819096;1377.324714
1;2025-11-13;12;1423.57286;1405.717837
1;2025-11-13;13;1406.743867;1389.09992
1;2025-11-13;14;1361.481953;1344.405699
1;2025-11-13;15;1463.115471;1444.764489
1;2025-11-13;16;1517.602686;1498.568303
1;2025-11-13;17;1763.373836;1741.256892
1;2025-11-13;18;1868.663876;1845.226343
1;2025-11-13;19;1416.061103;1398.300295
1;2025-11-13;20;941.366125;929.559132
1;2025-11-13;21;516.754938;510.27359
1;2025-11-13;22;265.326102;261.998275
1;2025-11-13;23;54.163707;53.484364
1;2025-11-14;0;5.761572;5.707581
1;2025-11-14;1;0.0;0.0
1;2025-11-14;2;0.0;0.0
1;2025-11-14;3;0.0;0.0
1;2025-11-14;4;7.615311;7.54395
1;2025-11-14;5;142.783879;141.445879
1;2025-11-14;6;533.837899;528.835405
1;2025-11-14;7;1505.036849;1490.933435
1;2025-11-14;8;1892.393313;1874.660056
1;2025-11-14;9;1455.119102;1441.483458
1;2025-11-14;10;1351.674244;1339.007962
1;2025-11-14;11;1415.734111;1402.467536
1;2025-11-14;12;1386.564992;1373.571756
1;2025-11-14;13;1417.3009;1404.019644
1;2025-11-14;14;1348.933793;1336.293192
1;2025-11-14;15;1519.177257;1504.941337
1;2025-11-14;16;1570.450829;1555.734434
1;2025-11-14;17;1769.89377;1753.308433
1;2025-11-14;18;1601.897804;1586.886725
1;2025-11-14;19;1264.7974;1252.945225
1;2025-11-14;20;862.350781;854.269857
1;2025-11-14;21;533.946909;528.943394
1;2025-11-14;22;277.678808;275.076733
1;2025-11-14;23;56.077069;55.551581
1;2025-11-15;0;5.559837;5.572033
1;2025-11-15;1;0.0;0.0
1;2025-11-15;2;0.0;0.0
1;2025-11-15;3;0.0;0.0
1;2025-11-15;4;0.0;0.0
1;2025-11-15;5;32.180642;32.251231
1;2025-11-15;6;166.79512;167.160988
1;2025-11-15;7;325.998938;326.714022
1;2025-11-15;8;445.537594;446.514888
1;2025-11-15;9;676.726803;678.211214
1;2025-11-15;10;786.718747;788.444428
1;2025-11-15;11;726.064694;727.657329
1;2025-11-15;12;887.511511;889.458283
1;2025-11-15;13;897.46489;899.433494
1;2025-11-15;14;834.530968;836.361526
1;2025-11-15;15;719.351216;720.929125
1;2025-11-15;16;690.385839;691.900212
1;2025-11-15;17;646.830904;648.249738
1;2025-11-15;18;584.13303;585.414335
1;2025-11-15;19;552.682324;553.894642
1;2025-11-15;20;413.204354;414.110725
1;2025-11-15;21;301.486322;302.147638
1;2025-11-15;22;134.770434;135.066055
1;2025-11-15;23;34.232931;34.308021
1;2025-11-16;0;0.0;0.0
1;2025-11-16;1;0.0;0.0
1;2025-11-16;2;0.0;0.0
1;2025-11-16;3;0.0;0.0
1;2025-11-16;4;0.0;0.0
1;2025-11-16;5;28.76451;28.342819
1;2025-11-16;6;132.634273;130.68984
1;2025-11-16;7;272.206961;268.216378
1;2025-11-16;8;376.03499;370.522276
1;2025-11-16;9;622.456889;613.331603
1;2025-11-16;10;718.748143;708.211217
1;2025-11-16;11;713.680993;703.218352
1;2025-11-16;12;869.665409;856.916019
1;2025-11-16;13;876.232749;863.387082
1;2025-11-16;14;773.988312;762.641559
1;2025-11-16;15;702.686017;692.384563
1;2025-11-16;16;662.211971;652.503871
1;2025-11-16;17;627.300364;618.104072
1;2025-11-16;18;568.680435;560.343518
1;2025-11-16;19;493.489416;486.254808
1;2025-11-16;20;396.902687;391.084051
1;2025-11-16;21;284.066799;279.902349
1;2025-11-16;22;119.146042;117.399348
1;2025-11-16;23;33.48228;32.991426
1;2025-11-17;0;0.0;0.0
1;2025-11-17;1;0.0;0.0
1;2025-11-17;2;0.0;0.0
1;2025-11-17;3;0.0;0.0
1;2025-11-17;4;8.803704;8.878136
1;2025-11-17;5;135.926522;137.075733
1;2025-11-17;6;534.99172;539.514888
1;2025-11-17;7;1419.116693;1431.114826
1;2025-11-17;8;1822.775983;1838.186914
1;2025-11-17;9;1408.342909;1420.249954
1;2025-11-17;10;1243.799242;1254.315129
1;2025-11-17;11;1270.269711;1281.009396
1;2025-11-17;12;1293.835456;1304.774381
1;2025-11-17;13;1295.105666;1306.055329
1;2025-11-17;14;1248.621131;1259.177784
1;2025-11-17;15;1383.26487;1394.959889
1;2025-11-17;16;1421.97478;1433.997077
1;2025-11-17;17;1716.44609;1730.958039
1;2025-11-17;18;1820.347512;1835.737911
1;2025-11-17;19;1395.389934;1407.187467
1;2025-11-17;20;900.401399;908.013977
1;2025-11-17;21;484.799026;488.897832
1;2025-11-17;22;247.767734;249.862523
1;2025-11-17;23;40.736045;41.080454
1;2025-11-18;0;2.777436;2.782478
1;2025-11-18;1;0.0;0.0
1;2025-11-18;2;0.0;0.0
1;2025-11-18;3;0.0;0.0
1;2025-11-18;4;6.834893;6.847302
1;2025-11-18;5;137.842105;138.092345
1;2025-11-18;6;536.117366;537.090639
1;2025-11-18;7;1450.391112;1453.024167
1;2025-11-18;8;1802.577391;1805.849809
1;2025-11-18;9;1436.805274;1439.413665
1;2025-11-18;10;1323.580799;1325.983641
1;2025-11-18;11;1319.719686;1322.115519
1;2025-11-18;12;1323.58709;1325.989943
1;2025-11-18;13;1325.702276;1328.10897
1;2025-11-18;14;1217.5699;1219.780289
1;2025-11-18;15;1337.505212;1339.933332
1;2025-11-18;16;1366.664767;1369.145824
1;2025-11-18;17;1637.285446;1640.257791
1;2025-11-18;18;1704.666388;1707.761057
1;2025-11-18;19;1363.029103;1365.50356
1;2025-11-18;20;899.196642;900.829053
1;2025-11-18;21;481.697975;482.572454
1;2025-11-18;22;242.038731;242.47813
1;2025-11-18;23;42.900286;42.978168
1;2025-11-19;0;4.11148;4.089804
1;2025-11-19;1;0.0;0.0
1;2025-11-19;2;0.0;0.0
1;2025-11-19;3;0.0;0.0
1;2025-11-19;4;9.138012;9.089836
1;2025-11-19;5;143.44085;142.684622
1;2025-11-19;6;560.481071;557.526185
1;2025-11-19;7;1463.513014;1455.797296
1;2025-11-19;8;1934.057623;1923.861169
1;2025-11-19;9;1537.71193;1529.605031
1;2025-11-19;10;1353.745949;1346.608929
1;2025-11-19;11;1383.179433;1375.887238
1;2025-11-19;12;1406.641924;1399.226034
1;2025-11-19;13;1450.152209;1442.50693
1;2025-11-19;14;1317.909605;1310.961516
1;2025-11-19;15;1475.006659;1467.230346
1;2025-11-19;16;1479.053847;1471.256197
1;2025-11-19;17;1783.921999;1774.517068
1;2025-11-19;18;1836.787198;1827.103559
1;2025-11-19;19;1428.408564;1420.877919
1;2025-11-19;20;947.274131;942.280051
1;2025-11-19;21;512.166246;509.466078
1;2025-11-19;22;280.823644;279.343127
1;2025-11-19;23;46.082562;45.839612
1;2025-11-20;0;5.198183;5.121303
1;2025-11-20;1;0.0;0.0
1;2025-11-20;2;0.0;0.0
1;2025-11-20;3;0.0;0.0
1;2025-11-20;4;8.365749;8.242022
1;2025-11-20;5;138.700657;136.649322
1;2025-11-20;6;551.411177;543.255994
1;2025-11-20;7;1500.250297;1478.062106
1;2025-11-20;8;1949.696899;1920.861547
1;2025-11-20;9;1514.987411;1492.581264
1;2025-11-20;10;1405.775932;1384.984985
1;2025-11-20;11;1402.779485;1382.032854
1;2025-11-20;12;1431.69735;1410.523034
1;2025-11-20;13;1414.772312;1393.848312
1;2025-11-20;14;1369.252083;1349.001311
1;2025-11-20;15;1471.465635;1449.70316
1;2025-11-20;16;1526.263814;1503.690893
1;2025-11-20;17;1773.437608;1747.20907
1;2025-11-20;18;1879.32855;1851.533922
1;2025-11-20;19;1424.142722;1403.080137
1;2025-11-20;20;946.738606;932.736665
1;2025-11-20;21;519.704117;512.01787
1;2025-11-20;22;266.840347;262.89387
1;2025-11-20;23;54.472825;53.667191
1;2025-11-21;0;5.775994;5.730999
1;2025-11-21;1;0.0;0.0
1;2025-11-21;2;0.0;0.0
1;2025-11-21;3;0.0;0.0
1;2025-11-21;4;7.634374;7.574902
1;2025-11-21;5;143.141289;142.026226
1;2025-11-21;6;535.174176;531.0052
1;2025-11-21;7;1508.804186;1497.050686
1;2025-11-21;8;1897.130263;1882.351724
1;2025-11-21;9;1458.761487;1447.397817
1;2025-11-21;10;1355.057691;1344.501867
1;2025-11-21;11;1419.27791;1408.221814
1;2025-11-21;12;1390.035776;1379.207475
1;2025-11-21;13;1420.848621;1409.78029
1;2025-11-21;14;1352.310381;1341.775959
1;2025-11-21;15;1522.97999;1511.116061
1;2025-11-21;16;1574.381908;1562.117561
1;2025-11-21;17;1774.324085;1760.502199
1;2025-11-21;18;1605.907599;1593.397669
1;2025-11-21;19;1267.963381;1258.086018
1;2025-11-21;20;864.509377;857.774898
1;2025-11-21;21;535.28346;531.113632
1;2025-11-21;22;278.373881;276.205364
1;2025-11-21;23;56.217438;55.779507
1;2025-11-22;0;5.776039;5.887781
1;2025-11-22;1;0.0;0.0
1;2025-11-22;2;0.0;0.0
1;2025-11-22;3;0.0;0.0
1;2025-11-22;4;0.0;0.0
1;2025-11-22;5;33.432029;34.078796
1;2025-11-22;6;173.281167;176.633419
1;2025-11-22;7;338.675835;345.227768
1;2025-11-22;8;462.862908;471.817331
1;2025-11-22;9;703.042213;716.643081
1;2025-11-22;10;817.311338;833.122826
1;2025-11-22;11;754.298672;768.891134
1;2025-11-22;12;922.023562;939.860784
1;2025-11-22;13;932.36399;950.401256
1;2025-11-22;14;866.9828;883.755219
1;2025-11-22;15;747.324133;761.781667
1;2025-11-22;16;717.232399;731.107786
1;2025-11-22;17;671.983773;684.983792
1;2025-11-22;18;606.84781;618.587726
1;2025-11-22;19;574.174102;585.281921
1;2025-11-22;20;429.272348;437.576936
1;2025-11-22;21;313.210014;319.269292
1;2025-11-22;22;140.011159;142.719778
1;2025-11-22;23;35.564123;36.252137
1;2025-11-23;0;0.0;0.0
1;2025-11-23;1;0.0;0.0
1;2025-11-23;2;0.0;0.0
1;2025-11-23;3;0.0;0.0
1;2025-11-23;4;0.0;0.0
1;2025-11-23;5;28.704156;28.590077
1;2025-11-23;6;132.355977;131.829957
1;2025-11-23;7;271.635811;270.556253
1;2025-11-23;8;375.245985;373.754651
1;2025-11-23;9;621.150836;618.682207
1;2025-11-23;10;717.24005;714.389535
1;2025-11-23;11;712.183533;709.353114
1;2025-11-23;12;867.840658;864.391614
1;2025-11-23;13;874.394219;870.919128
1;2025-11-23;14;772.364313;769.294718
1;2025-11-23;15;701.211626;698.424812
1;2025-11-23;16;660.822503;658.196207
1;2025-11-23;17;625.984149;623.49631
1;2025-11-23;18;567.487218;565.231862
1;2025-11-23;19;492.453966;490.496815
1;2025-11-23;20;396.069898;394.495804
1;2025-11-23;21;283.470764;282.344171
1;2025-11-23;22;118.896047;118.42352
1;2025-11-23;23;33.412027;33.279238
1;2025-11-24;0;0.0;0.0
1;2025-11-24;1;0.0;0.0
1;2025-11-24;2;0.0;0.0
1;2025-11-24;3;0.0;0.0
1;2025-11-24;4;8.484775;8.579694
1;2025-11-24;5;131.002367;132.467877
1;2025-11-24;6;515.610791;521.378878
1;2025-11-24;7;1367.706926;1383.007326
1;2025-11-24;8;1756.743014;1776.395522
1;2025-11-24;9;1357.32344;1372.507682
1;2025-11-24;10;1198.74063;1212.150821
1;2025-11-24;11;1224.252164;1237.94775
1;2025-11-24;12;1246.964202;1260.913866
1;2025-11-24;13;1248.188396;1262.151755
1;2025-11-24;14;1203.387838;1216.850017
1;2025-11-24;15;1333.153892;1348.067752
1;2025-11-24;16;1370.461474;1385.792689
1;2025-11-24;17;1654.265091;1672.771189
1;2025-11-24;18;1754.402518;1774.028843
1;2025-11-24;19;1344.839707;1359.884294
1;2025-11-24;20;867.782921;877.490722
1;2025-11-24;21;467.236408;472.463335
1;2025-11-24;22;238.791952;241.463294
1;2025-11-24;23;39.260316;39.699518
1;2025-11-25;0;2.991793;2.978838
1;2025-11-25;1;0.0;0.0
1;2025-11-25;2;0.0;0.0
1;2025-11-25;3;0.0;0.0
1;2025-11-25;4;7.362396;7.330517
1;2025-11-25;5;148.480472;147.837542
1;2025-11-25;6;577.493789;574.993201
1;2025-11-25;7;1562.329282;1555.564287
1;2025-11-25;8;1941.696566;1933.288884
1;2025-11-25;9;1547.694917;1540.99329
1;2025-11-25;10;1425.732012;1419.558493
1;2025-11-25;11;1421.572907;1415.417397
1;2025-11-25;12;1425.738789;1419.56524
1;2025-11-25;13;1428.017221;1421.833807
1;2025-11-25;14;1311.539414;1305.860356
1;2025-11-25;15;1440.731083;1434.492616
1;2025-11-25;16;1472.141112;1465.766638
1;2025-11-25;17;1763.647733;1756.011015
1;2025-11-25;18;1836.228995;1828.277995
1;2025-11-25;19;1468.224855;1461.867339
1;2025-11-25;20;968.594769;964.400686
1;2025-11-25;21;518.874423;516.627661
1;2025-11-25;22;260.718776;259.589846
1;2025-11-25;23;46.211241;46.011143
1;2025-11-26;0;3.849074;3.879415
1;2025-11-26;1;0.0;0.0
1;2025-11-26;2;0.0;0.0
1;2025-11-26;3;0.0;0.0
1;2025-11-26;4;8.554799;8.622235
1;2025-11-26;5;134.286059;135.344622
1;2025-11-26;6;524.709624;528.845856
1;2025-11-26;7;1370.107577;1380.907997
1;2025-11-26;8;1810.620732;1824.893672
1;2025-11-26;9;1439.570914;1450.918905
1;2025-11-26;10;1267.34615;1277.336511
1;2025-11-26;11;1294.901107;1305.108682
1;2025-11-26;12;1316.866158;1327.24688
1;2025-11-26;13;1357.599496;1368.301315
1;2025-11-26;14;1233.79698;1243.522876
1;2025-11-26;15;1380.867666;1391.752906
1;2025-11-26;16;1384.656551;1395.571659
1;2025-11-26;17;1670.067177;1683.232147
1;2025-11-26;18;1719.558374;1733.113478
1;2025-11-26;19;1337.24359;1347.784946
1;2025-11-26;20;886.816483;893.807168
1;2025-11-26;21;479.478383;483.258063
1;2025-11-26;22;262.900705;264.973124
1;2025-11-26;23;43.141446;43.481525
1;2025-11-27;0;4.888116;4.859078
1;2025-11-27;1;0.0;0.0
1;2025-11-27;2;0.0;0.0
1;2025-11-27;3;0.0;0.0
1;2025-11-27;4;7.86674;7.820007
1;2025-11-27;5;130.427301;129.652486
1;2025-11-27;6;518.520049;515.439734
1;2025-11-27;7;1410.761859;1402.381101
1;2025-11-27;8;1833.399419;1822.507945
1;2025-11-27;9;1424.619919;1416.156836
1;2025-11-27;10;1321.922796;1314.069795
1;2025-11-27;11;1319.105084;1311.268822
1;2025-11-27;12;1346.298027;1338.300223
1;2025-11-27;13;1330.382551;1322.479294
1;2025-11-27;14;1287.577558;1279.928588
1;2025-11-27;15;1383.694174;1375.474214
1;2025-11-27;16;1435.223696;1426.697621
1;2025-11-27;17;1667.653819;1657.746971
1;2025-11-27;18;1767.228472;1756.730093
1;2025-11-27;19;1339.194026;1331.238423
1;2025-11-27;20;890.26659;884.977882
1;2025-11-27;21;488.704283;485.801091
1;2025-11-27;22;250.923586;249.432952
1;2025-11-27;23;51.223575;50.919277
1;2025-11-28;0;5.54831;5.503493
1;2025-11-28;1;0.0;0.0
1;2025-11-28;2;0.0;0.0
1;2025-11-28;3;0.0;0.0
1;2025-11-28;4;7.333434;7.274198
1;2025-11-28;5;137.498798;136.38815
1;2025-11-28;6;514.07813;509.925656
1;2025-11-28;7;1449.328589;1437.621615
1;2025-11-28;8;1822.347229;1807.627191
1;2025-11-28;9;1401.258525;1389.939838
1;2025-11-28;10;1301.642632;1291.128593
1;2025-11-28;11;1363.331352;1352.319022
1;2025-11-28;12;1335.241914;1324.456477
1;2025-11-28;13;1364.840147;1353.81563
1;2025-11-28;14;1299.003618;1288.510896
1;2025-11-28;15;1462.945597;1451.128631
1;2025-11-28;16;1512.3213;1500.105502
1;2025-11-28;17;1704.381951;1690.61478
1;2025-11-28;18;1542.60428;1530.14387
1;2025-11-28;19;1217.981495;1208.143231
1;2025-11-28;20;830.431257;823.723435
1;2025-11-28;21;514.183105;510.029783
1;2025-11-28;22;267.400652;265.24072
1;2025-11-28;23;54.001401;53.565204
1;2025-11-29;0;6.095937;6.172604
1;2025-11-29;1;0.0;0.0
1;2025-11-29;2;0.0;0.0
1;2025-11-29;3;0.0;0.0
1;2025-11-29;4;0.0;0.0
1;2025-11-29;5;35.283615;35.72737
1;2025-11-29;6;182.878105;185.178127
1;2025-11-29;7;357.432928;361.928292
1;2025-11-29;8;488.49793;494.641673
1;2025-11-29;9;741.979234;751.310961
1;2025-11-29;10;862.576997;873.425458
1;2025-11-29;11;796.074462;806.086534
1;2025-11-29;12;973.088562;985.326905
1;2025-11-29;13;984.001681;996.377277
1;2025-11-29;14;914.999445;926.507212
1;2025-11-29;15;788.713647;798.633143
1;2025-11-29;16;756.955324;766.475402
1;2025-11-29;17;709.200665;718.120143
1;2025-11-29;18;640.457237;648.512141
1;2025-11-29;19;605.973941;613.595156
1;2025-11-29;20;453.047003;458.744886
1;2025-11-29;21;330.556718;334.714064
1;2025-11-29;22;147.765484;149.623901
1;2025-11-29;23;37.533793;38.005848
1;2025-11-30;0;0.0;0.0
1;2025-11-30;1;0.0;0.0
1;2025-11-30;2;0.0;0.0
1;2025-11-30;3;0.0;0.0
1;2025-11-30;4;0.0;0.0
1;2025-11-30;5;28.607921;28.535997
1;2025-11-30;6;131.912235;131.580587
1;2025-11-30;7;270.725115;270.04447
1;2025-11-30;8;373.987922;373.047658
1;2025-11-30;9;619.068343;617.511909
1;2025-11-30;10;714.835405;713.038197
1;2025-11-30;11;709.79584;708.011302
1;2025-11-30;12;864.931104;862.756532
1;2025-11-30;13;871.462692;869.271699
1;2025-11-30;14;769.774856;767.839522
1;2025-11-30;15;698.860718;697.103673
1;2025-11-30;16;658.607005;656.951165
1;2025-11-30;17;623.885451;622.316906
1;2025-11-30;18;565.584639;564.162671
1;2025-11-30;19;490.802947;489.568992
1;2025-11-30;20;394.742019;393.749576
1;2025-11-30;21;282.520389;281.810089
1;2025-11-30;22;118.497432;118.199511
1;2025-11-30;23;33.300008;33.216287
1;2025-12-01;0;0.0;0.0
1;2025-12-01;1;0.0;0.0
1;2025-12-01;2;0.0;0.0
1;2025-12-01;3;0.0;0.0
1;2025-12-01;4;9.333476;9.178085
1;2025-12-01;5;144.106042;141.706865
1;2025-12-01;6;567.185403;557.742511
1;2025-12-01;7;1504.513515;1479.465339
1;2025-12-01;8;1932.463422;1900.290442
1;2025-12-01;9;1493.091408;1468.233396
1;2025-12-01;10;1318.646155;1296.692427
1;2025-12-01;11;1346.709512;1324.288566
1;2025-12-01;12;1371.69335;1348.856456
1;2025-12-01;13;1373.039995;1350.180681
1;2025-12-01;14;1323.758205;1301.719369
1;2025-12-01;15;1466.504271;1442.0889
1;2025-12-01;16;1507.54359;1482.444968
1;2025-12-01;17;1819.735017;1789.438818
1;2025-12-01;18;1929.888815;1897.758699
1;2025-12-01;19;1479.358974;1454.729589
1;2025-12-01;20;954.583989;938.691419
1;2025-12-01;21;513.972311;505.415347
1;2025-12-01;22;262.677415;258.304181
1;2025-12-01;23;43.187378;42.468365
1;2025-12-02;0;3.032422;2.974536
1;2025-12-02;1;0.0;0.0
1;2025-12-02;2;0.0;0.0
1;2025-12-02;3;0.0;0.0
1;2025-12-02;4;7.462381;7.319929
1;2025-12-02;5;150.496895;147.62401
1;2025-12-02;6;585.33638;574.1627
1;2025-12-02;7;1583.546322;1553.317482
1;2025-12-02;8;1968.065562;1930.496507
1;2025-12-02;9;1568.713218;1538.767532
1;2025-12-02;10;1445.094009;1417.508131
1;2025-12-02;11;1440.878421;1413.373016
1;2025-12-02;12;1445.100878;1417.514869
1;2025-12-02;13;1447.410252;1419.780159
1;2025-12-02;14;1329.35063;1303.974216
1;2025-12-02;15;1460.296772;1432.420684
1;2025-12-02;16;1492.133362;1463.649534
1;2025-12-02;17;1787.598756;1753.474692
1;2025-12-02;18;1861.165701;1825.637293
1;2025-12-02;19;1488.163921;1459.755867
1;2025-12-02;20;981.748663;963.007738
1;2025-12-02;21;525.92094;515.881461
1;2025-12-02;22;264.259439;259.214903
1;2025-12-02;23;46.838808;45.944686
1;2025-12-03;0;4.166481;4.092711
1;2025-12-03;1;0.0;0.0
1;2025-12-03;2;0.0;0.0
1;2025-12-03;3;0.0;0.0
1;2025-12-03;4;9.260256;9.096299
1;2025-12-03;5;145.359728;142.786068
1;2025-12-03;6;567.9789;557.922577
1;2025-12-03;7;1483.091141;1456.832343
1;2025-12-03;8;1959.930455;1925.229002
1;2025-12-03;9;1558.282652;1530.692554
1;2025-12-03;10;1371.855669;1347.566345
1;2025-12-03;11;1401.682899;1376.865471
1;2025-12-03;12;1425.459259;1400.22086
1;2025-12-03;13;1469.551602;1443.532528
1;2025-12-03;14;1335.539925;1311.893588
1;2025-12-03;15;1494.738542;1468.273522
1;2025-12-03;16;1498.839871;1472.302235
1;2025-12-03;17;1807.786393;1775.778719
1;2025-12-03;18;1861.358796;1828.402599
1;2025-12-03;19;1447.517082;1421.888139
1;2025-12-03;20;959.946278;942.949997
1;2025-12-03;21;519.017743;509.8283
1;2025-12-03;22;284.580359;279.541735
1;2025-12-03;23;46.699031;45.872203
1;2025-12-04;0;5.284317;5.115948
1;2025-12-04;1;0.0;0.0
1;2025-12-04;2;0.0;0.0
1;2025-12-04;3;0.0;0.0
1;2025-12-04;4;8.50437;8.233403
1;2025-12-04;5;140.998946;136.506415
1;2025-12-04;6;560.548136;542.687862
1;2025-12-04;7;1525.109648;1476.516362
1;2025-12-04;8;1982.003642;1918.852727
1;2025-12-04;9;1540.090958;1491.020336
1;2025-12-04;10;1429.06983;1383.53658
1;2025-12-04;11;1426.023731;1380.587537
1;2025-12-04;12;1455.42077;1409.047922
1;2025-12-04;13;1438.215281;1392.390638
1;2025-12-04;14;1391.940776;1347.590538
1;2025-12-04;15;1495.848021;1448.187073
1;2025-12-04;16;1551.554213;1502.118347
1;2025-12-04;17;1802.82371;1745.381855
1;2025-12-04;18;1910.46928;1849.597605
1;2025-12-04;19;1447.740961;1401.612808
1;2025-12-04;20;962.426194;931.761218
1;2025-12-04;21;528.315685;511.482406
1;2025-12-04;22;271.261928;262.618938
1;2025-12-04;23;55.375447;53.611066
1;2025-12-05;0;5.917248;5.783291
1;2025-12-05;1;0.0;0.0
1;2025-12-05;2;0.0;0.0
1;2025-12-05;3;0.0;0.0
1;2025-12-05;4;7.821076;7.644019
1;2025-12-05;5;146.641874;143.322137
1;2025-12-05;6;548.262103;535.85033
1;2025-12-05;7;1545.702675;1510.710449
1;2025-12-05;8;1943.525442;1899.527147
1;2025-12-05;9;1494.43616;1460.604525
1;2025-12-05;10;1388.19624;1356.769707
1;2025-12-05;11;1453.986993;1421.071063
1;2025-12-05;12;1424.02973;1391.791984
1;2025-12-05;13;1455.596117;1422.643759
1;2025-12-05;14;1385.381743;1354.018925
1;2025-12-05;15;1560.225155;1524.904163
1;2025-12-05;16;1612.88413;1576.371023
1;2025-12-05;17;1817.715983;1776.565813
1;2025-12-05;18;1645.180797;1607.936545
1;2025-12-05;19;1298.972;1269.56536
1;2025-12-05;20;885.651345;865.601621
1;2025-12-05;21;548.374059;535.959751
1;2025-12-05;22;285.18164;278.725586
1;2025-12-05;23;57.592261;56.288465
1;2025-12-06;0;6.188531;6.251018
1;2025-12-06;1;0.0;0.0
1;2025-12-06;2;0.0;0.0
1;2025-12-06;3;0.0;0.0
1;2025-12-06;4;0.0;0.0
1;2025-12-06;5;35.819553;36.181232
1;2025-12-06;6;185.655921;187.530531
1;2025-12-06;7;362.862132;366.526035
1;2025-12-06;8;495.917938;500.925336
1;2025-12-06;9;753.24948;760.855214
1;2025-12-06;10;875.679054;884.520989
1;2025-12-06;11;808.166383;816.326627
1;2025-12-06;12;987.869228;997.843972
1;2025-12-06;13;998.948111;1009.034721
1;2025-12-06;14;928.897769;938.277065
1;2025-12-06;15;800.693761;808.778552
1;2025-12-06;16;768.453047;776.212296
1;2025-12-06;17;719.973023;727.242757
1;2025-12-06;18;650.18542;656.750493
1;2025-12-06;19;615.178343;621.389941
1;2025-12-06;20;459.928531;464.572536
1;2025-12-06;21;335.577687;338.966093
1;2025-12-06;22;150.009958;151.524643
1;2025-12-06;23;38.10391;38.488654
1;2025-12-07;0;0.0;0.0
1;2025-12-07;1;0.0;0.0
1;2025-12-07;2;0.0;0.0
1;2025-12-07;3;0.0;0.0
1;2025-12-07;4;0.0;0.0
1;2025-12-07;5;29.274922;29.009033
1;2025-12-07;6;134.9878;133.761778
1;2025-12-07;7;277.037134;274.520954
1;2025-12-07;8;382.707537;379.23161
1;2025-12-07;9;633.502065;627.748307
1;2025-12-07;10;731.501958;724.858119
1;2025-12-07;11;726.344894;719.747895
1;2025-12-07;12;885.097173;877.058312
1;2025-12-07;13;891.781047;883.68148
1;2025-12-07;14;787.722335;780.567877
1;2025-12-07;15;715.154818;708.659451
1;2025-12-07;16;673.96258;667.841341
1;2025-12-07;17;638.431485;632.632956
1;2025-12-07;18;578.771376;573.514707
1;2025-12-07;19;502.246131;497.6845
1;2025-12-07;20;403.945521;400.276701
1;2025-12-07;21;289.107418;286.481611
1;2025-12-07;22;121.260227;120.158885
1;2025-12-07;23;34.076406;33.766908
1;2025-12-08;0;0.0;0.0
1;2025-12-08;1;0.0;0.0
1;2025-12-08;2;0.0;0.0
1;2025-12-08;3;0.0;0.0
1;2025-12-08;4;9.345165;9.331197
1;2025-12-08;5;144.286517;144.070863
1;2025-12-08;6;567.895735;567.046942
1;2025-12-08;7;1506.397738;1504.146232
1;2025-12-08;8;1934.883601;1931.991668
1;2025-12-08;9;1494.961326;1492.726914
1;2025-12-08;10;1320.297601;1318.324246
1;2025-12-08;11;1348.396104;1346.380752
1;2025-12-08;12;1373.411231;1371.358492
1;2025-12-08;13;1374.759563;1372.704808
1;2025-12-08;14;1325.416054;1323.435049
1;2025-12-08;15;1468.340892;1466.146268
1;2025-12-08;16;1509.431608;1507.175568
1;2025-12-08;17;1822.014018;1819.290783
1;2025-12-08;18;1932.30577;1929.41769
1;2025-12-08;19;1481.211694;1478.997832
1;2025-12-08;20;955.779491;954.350956
1;2025-12-08;21;514.616;513.84684
1;2025-12-08;22;263.006387;262.61329
1;2025-12-08;23;43.241465;43.176835
1;2025-12-09;0;3.038374;3.04172
1;2025-12-09;1;0.0;0.0
1;2025-12-09;2;0.0;0.0
1;2025-12-09;3;0.0;0.0
1;2025-12-09;4;7.477026;7.485261
1;2025-12-09;5;150.792263;150.958338
1;2025-12-09;6;586.485172;587.131097
1;2025-12-09;7;1586.654221;1588.401682
1;2025-12-09;8;1971.928126;1974.099908
1;2025-12-09;9;1571.792005;1573.523097
1;2025-12-09;10;1447.930179;1449.524856
1;2025-12-09;11;1443.706318;1445.296343
1;2025-12-09;12;1447.937061;1449.531745
1;2025-12-09;13;1450.250968;1451.848201
1;2025-12-09;14;1331.95964;1333.426592
1;2025-12-09;15;1463.162779;1464.774233
1;2025-12-09;16;1495.061852;1496.708437
1;2025-12-09;17;1791.107132;1793.079767
1;2025-12-09;18;1864.818461;1866.872277
1;2025-12-09;19;1491.08462;1492.726825
1;2025-12-09;20;983.675462;984.758833
1;2025-12-09;21;526.953123;527.533482
1;2025-12-09;22;264.77808;265.069693
1;2025-12-09;23;46.930735;46.982422
1;2025-12-10;0;4.121504;4.148808
1;2025-12-10;1;0.0;0.0
1;2025-12-10;2;0.0;0.0
1;2025-12-10;3;0.0;0.0
1;2025-12-10;4;9.160293;9.220976
1;2025-12-10;5;143.790594;144.743157
1;2025-12-10;6;561.847662;565.56971
1;2025-12-10;7;1467.081418;1476.800329
1;2025-12-10;8;1938.773331;1951.617039
1;2025-12-10;9;1541.461249;1551.672901
1;2025-12-10;10;1357.046715;1366.036683
1;2025-12-10;11;1386.551965;1395.737396
1;2025-12-10;12;1410.071663;1419.412904
1;2025-12-10;13;1453.688036;1463.318221
1;2025-12-10;14;1321.122993;1329.874979
1;2025-12-10;15;1478.603087;1488.398325
1;2025-12-10;16;1482.660144;1492.482258
1;2025-12-10;17;1788.271639;1800.118325
1;2025-12-10;18;1841.265737;1853.46349
1;2025-12-10;19;1431.891375;1441.377164
1;2025-12-10;20;949.583818;955.874485
1;2025-12-10;21;513.415033;516.816231
1;2025-12-10;22;281.508361;283.373257
1;2025-12-10;23;46.194922;46.500948
1;2025-12-11;0;5.037913;5.023874
1;2025-12-11;1;0.0;0.0
1;2025-12-11;2;0.0;0.0
1;2025-12-11;3;0.0;0.0
1;2025-12-11;4;8.107818;8.085223
1;2025-12-11;5;134.42427;134.04966
1;2025-12-11;6;534.410191;532.920912
1;2025-12-11;7;1453.994914;1449.942964
1;2025-12-11;8;1889.584279;1884.318442
1;2025-12-11;9;1468.277657;1464.185904
1;2025-12-11;10;1362.433362;1358.636573
1;2025-12-11;11;1359.5293;1355.740604
1;2025-12-11;12;1387.555577;1383.688778
1;2025-12-11;13;1371.152368;1367.331281
1;2025-12-11;14;1327.035608;1323.337464
1;2025-12-11;15;1426.097735;1422.123528
1;2025-12-11;16;1479.206389;1475.08418
1;2025-12-11;17;1718.759375;1713.969587
1;2025-12-11;18;1821.385512;1816.309728
1;2025-12-11;19;1380.233871;1376.387476
1;2025-12-11;20;917.548973;914.991974
1;2025-12-11;21;503.680715;502.277073
1;2025-12-11;22;258.613185;257.89249
1;2025-12-11;23;52.793331;52.646208
1;2025-12-12;0;5.665636;5.668027
1;2025-12-12;1;0.0;0.0
1;2025-12-12;2;0.0;0.0
1;2025-12-12;3;0.0;0.0
1;2025-12-12;4;7.48851;7.491669
1;2025-12-12;5;140.406395;140.465637
1;2025-12-12;6;524.949004;525.170494
1;2025-12-12;7;1479.976593;1480.601036
1;2025-12-12;8;1860.883214;1861.668373
1;2025-12-12;9;1430.890023;1431.493755
1;2025-12-12;10;1329.167617;1329.72843
1;2025-12-12;11;1392.160828;1392.74822
1;2025-12-12;12;1363.477402;1364.052691
1;2025-12-12;13;1393.701529;1394.289571
1;2025-12-12;14;1326.472798;1327.032474
1;2025-12-12;15;1493.881551;1494.511861
1;2025-12-12;16;1544.30137;1544.952954
1;2025-12-12;17;1740.423402;1741.157735
1;2025-12-12;18;1575.224724;1575.889355
1;2025-12-12;19;1243.737354;1244.262121
1;2025-12-12;20;847.991843;848.349635
1;2025-12-12;21;525.056199;525.277735
1;2025-12-12;22;273.055199;273.170409
1;2025-12-12;23;55.143334;55.1666
1;2025-12-13;0;6.19224;6.216237
1;2025-12-13;1;0.0;0.0
1;2025-12-13;2;0.0;0.0
1;2025-12-13;3;0.0;0.0
1;2025-12-13;4;0.0;0.0
1;2025-12-13;5;35.841023;35.979921
1;2025-12-13;6;185.767198;186.487122
1;2025-12-13;7;363.079623;364.486706
1;2025-12-13;8;496.215179;498.138217
1;2025-12-13;9;753.700958;756.62186
1;2025-12-13;10;876.203914;879.599565
1;2025-12-13;11;808.650778;811.784632
1;2025-12-13;12;988.461332;992.292026
1;2025-12-13;13;999.546855;1003.42051
1;2025-12-13;14;929.454527;933.056546
1;2025-12-13;15;801.173677;804.278555
1;2025-12-13;16;768.913639;771.893496
1;2025-12-13;17;720.404557;723.196421
1;2025-12-13;18;650.575125;653.096371
1;2025-12-13;19;615.547065;617.932563
1;2025-12-13;20;460.204201;461.987682
1;2025-12-13;21;335.778824;337.080105
1;2025-12-13;22;150.09987;150.681569
1;2025-12-13;23;38.126749;38.274506
1;2025-12-14;0;0.0;0.0
1;2025-12-14;1;0.0;0.0
1;2025-12-14;2;0.0;0.0
1;2025-12-14;3;0.0;0.0
1;2025-12-14;4;0.0;0.0
1;2025-12-14;5;29.237724;28.923307
1;2025-12-14;6;134.816278;133.36649
1;2025-12-14;7;276.685118;273.709699
1;2025-12-14;8;382.221252;378.110918
1;2025-12-14;9;632.697109;625.893206
1;2025-12-14;10;730.572479;722.716043
1;2025-12-14;11;725.421968;717.62092
1;2025-12-14;12;883.972529;874.466458
1;2025-12-14;13;890.647911;881.070054
1;2025-12-14;14;786.72142;778.261169
1;2025-12-14;15;714.24611;706.565245
1;2025-12-14;16;673.106214;665.867759
1;2025-12-14;17;637.620266;630.76342
1;2025-12-14;18;578.035963;571.819876
1;2025-12-14;19;501.607955;496.21376
1;2025-12-14;20;403.43225;399.093817
1;2025-12-14;21;288.740065;285.63501
1;2025-12-14;22;121.106148;119.803796
1;2025-12-14;23;34.033107;33.667121
1;2025-12-15;0;0.0;0.0
1;2025-12-15;1;0.0;0.0
1;2025-12-15;2;0.0;0.0
1;2025-12-15;3;0.0;0.0
1;2025-12-15;4;9.323951;9.347756
1;2025-12-15;5;143.958981;144.326524
1;2025-12-15;6;566.606587;568.053198
1;2025-12-15;7;1502.97815;1506.815422
1;2025-12-15;8;1930.491332;1935.420094
1;2025-12-15;9;1491.5677;1495.37584
1;2025-12-15;10;1317.300469;1320.663685
1;2025-12-15;11;1345.335187;1348.769979
1;2025-12-15;12;1370.293529;1373.792042
1;2025-12-15;13;1371.6388;1375.140748
1;2025-12-15;14;1322.407303;1325.783557
1;2025-12-15;15;1465.007695;1468.748025
1;2025-12-15;16;1506.005133;1509.850134
1;2025-12-15;17;1817.877968;1822.519214
1;2025-12-15;18;1927.919353;1932.841548
1;2025-12-15;19;1477.84928;1481.622395
1;2025-12-15;20;953.609831;956.044504
1;2025-12-15;21;513.4478;514.75869
1;2025-12-15;22;262.409351;263.079312
1;2025-12-15;23;43.143305;43.253455
1;2025-12-16;0;3.005107;3.016796
1;2025-12-16;1;0.0;0.0
1;2025-12-16;2;0.0;0.0
1;2025-12-16;3;0.0;0.0
1;2025-12-16;4;7.395162;7.423926
1;2025-12-16;5;149.141264;149.721362
1;2025-12-16;6;580.063844;582.320052
1;2025-12-16;7;1569.282208;1575.386065
1;2025-12-16;8;1950.337813;1957.923818
1;2025-12-16;9;1554.582716;1560.629398
1;2025-12-16;10;1432.077032;1437.647217
1;2025-12-16;11;1427.899417;1433.453354
1;2025-12-16;12;1432.083839;1437.654051
1;2025-12-16;13;1434.372411;1439.951525
1;2025-12-16;14;1317.376235;1322.500282
1;2025-12-16;15;1447.142854;1452.771639
1;2025-12-16;16;1478.692669;1484.44417
1;2025-12-16;17;1771.496599;1778.386985
1;2025-12-16;18;1844.400874;1851.574828
1;2025-12-16;19;1474.758983;1480.495183
1;2025-12-16;20;972.905363;976.689562
1;2025-12-16;21;521.183601;523.210789
1;2025-12-16;22;261.879069;262.89767
1;2025-12-16;23;46.416898;46.59744
1;2025-12-17;0;4.173954;4.163725
1;2025-12-17;1;0.0;0.0
1;2025-12-17;2;0.0;0.0
1;2025-12-17;3;0.0;0.0
1;2025-12-17;4;9.276865;9.25413
1;2025-12-17;5;145.620454;145.263573
1;2025-12-17;6;568.997662;567.603183
1;2025-12-17;7;1485.751306;1482.110079
1;2025-12-17;8;1963.445909;1958.633965
1;2025-12-17;9;1561.077685;1557.251851
1;2025-12-17;10;1374.316315;1370.948189
1;2025-12-17;11;1404.197045;1400.755688
1;2025-12-17;12;1428.016052;1424.516321
1;2025-12-17;13;1472.187482;1468.579496
1;2025-12-17;14;1337.935433;1334.656468
1;2025-12-17;15;1497.419598;1493.749775
1;2025-12-17;16;1501.528284;1497.848391
1;2025-12-17;17;1811.028952;1806.590546
1;2025-12-17;18;1864.697446;1860.127511
1;2025-12-17;19;1450.113439;1446.559552
1;2025-12-17;20;961.668098;959.311276
1;2025-12-17;21;519.948686;518.674414
1;2025-12-17;22;285.0908;284.392109
1;2025-12-17;23;46.782793;46.668139
1;2025-12-18;0;5.30849;5.224924
1;2025-12-18;1;0.0;0.0
1;2025-12-18;2;0.0;0.0
1;2025-12-18;3;0.0;0.0
1;2025-12-18;4;8.543273;8.408786
1;2025-12-18;5;141.643933;139.414194
1;2025-12-18;6;563.112313;554.247878
1;2025-12-18;7;1532.086125;1507.968241
1;2025-12-18;8;1991.070139;1959.726993
1;2025-12-18;9;1547.135966;1522.781169
1;2025-12-18;10;1435.606982;1413.007858
1;2025-12-18;11;1432.546949;1409.995996
1;2025-12-18;12;1462.078461;1439.062628
1;2025-12-18;13;1444.794268;1422.05052
1;2025-12-18;14;1398.308084;1376.296115
1;2025-12-18;15;1502.690643;1479.035498
1;2025-12-18;16;1558.651658;1534.115583
1;2025-12-18;17;1811.070565;1782.560947
1;2025-12-18;18;1919.20855;1888.996639
1;2025-12-18;19;1454.363522;1431.469136
1;2025-12-18;20;966.828726;951.609044
1;2025-12-18;21;530.732417;522.377702
1;2025-12-18;22;272.502792;268.213091
1;2025-12-18;23;55.628757;54.753057
1;2025-12-19;0;5.901586;5.849929
1;2025-12-19;1;0.0;0.0
1;2025-12-19;2;0.0;0.0
1;2025-12-19;3;0.0;0.0
1;2025-12-19;4;7.800374;7.732097
1;2025-12-19;5;146.253716;144.973561
1;2025-12-19;6;546.810866;542.024644
1;2025-12-19;7;1541.611236;1528.117551
1;2025-12-19;8;1938.380975;1921.414374
1;2025-12-19;9;1490.480422;1477.434284
1;2025-12-19;10;1384.521716;1372.403032
1;2025-12-19;11;1450.138323;1437.445298
1;2025-12-19;12;1420.260356;1407.828853
1;2025-12-19;13;1451.743187;1439.036116
1;2025-12-19;14;1381.714669;1369.620555
1;2025-12-19;15;1556.095275;1542.474812
1;2025-12-19;16;1608.614862;1594.534697
1;2025-12-19;17;1812.904531;1797.036223
1;2025-12-19;18;1640.826041;1626.463931
1;2025-12-19;19;1295.533651;1284.193877
1;2025-12-19;20;883.307047;875.575482
1;2025-12-19;21;546.922525;542.135326
1;2025-12-19;22;284.426771;281.93719
1;2025-12-19;23;57.439816;56.937046
1;2025-12-20;0;6.210924;6.320878
1;2025-12-20;1;0.0;0.0
1;2025-12-20;2;0.0;0.0
1;2025-12-20;3;0.0;0.0
1;2025-12-20;4;0.0;0.0
1;2025-12-20;5;35.949168;36.585589
1;2025-12-20;6;186.327725;189.626349
1;2025-12-20;7;364.175166;370.622285
1;2025-12-20;8;497.71244;506.523616
1;2025-12-20;9;755.975148;769.358438
1;2025-12-20;10;878.847739;894.406286
1;2025-12-20;11;811.090771;825.449792
1;2025-12-20;12;991.443878;1008.995753
1;2025-12-20;13;1002.562851;1020.311569
1;2025-12-20;14;932.259029;948.763134
1;2025-12-20;15;803.591109;817.817361
1;2025-12-20;16;771.23373;784.887149
1;2025-12-20;17;722.578279;735.370332
1;2025-12-20;18;652.538146;664.090256
1;2025-12-20;19;617.404394;628.334518
1;2025-12-20;20;461.592804;469.764542
1;2025-12-20;21;336.791991;342.754336
1;2025-12-20;22;150.552776;153.218064
1;2025-12-20;23;38.241791;38.918799
1;2025-12-21;0;0.0;0.0
1;2025-12-21;1;0.0;0.0
1;2025-12-21;2;0.0;0.0
1;2025-12-21;3;0.0;0.0
1;2025-12-21;4;0.0;0.0
1;2025-12-21;5;29.137038;28.834859
1;2025-12-21;6;134.352014;132.958651
1;2025-12-21;7;275.732302;272.872688
1;2025-12-21;8;380.905003;376.954645
1;2025-12-21;9;630.518301;623.979208
1;2025-12-21;10;728.05662;720.505958
1;2025-12-21;11;722.923846;715.426416
1;2025-12-21;12;880.928409;871.792317
1;2025-12-21;13;887.580802;878.375719
1;2025-12-21;14;784.012202;775.881226
1;2025-12-21;15;711.786474;704.40455
1;2025-12-21;16;670.78825;663.831518
1;2025-12-21;17;635.424504;628.834529
1;2025-12-21;18;576.045391;570.071235
1;2025-12-21;19;499.880577;494.696325
1;2025-12-21;20;402.042957;397.873378
1;2025-12-21;21;287.745736;284.76153
1;2025-12-21;22;120.689097;119.437433
1;2025-12-21;23;33.915908;33.564166
1;2025-12-22;0;0.0;0.0
1;2025-12-22;1;0.0;0.0
1;2025-12-22;2;0.0;0.0
1;2025-12-22;3;0.0;0.0
1;2025-12-22;4;9.158285;9.202581
1;2025-12-22;5;141.401152;142.085069
1;2025-12-22;6;556.539256;559.231079
1;2025-12-22;7;1476.273591;1483.413909
1;2025-12-22;8;1896.19082;1905.36216
1;2025-12-22;9;1465.065878;1472.151989
1;2025-12-22;10;1293.894986;1300.153191
1;2025-12-22;11;1321.43159;1327.822982
1;2025-12-22;12;1345.946479;1352.456442
1;2025-12-22;13;1347.267847;1353.784201
1;2025-12-22;14;1298.911083;1305.19355
1;2025-12-22;15;1438.977786;1445.937715
1;2025-12-22;16;1479.246791;1486.40149
1;2025-12-22;17;1785.578343;1794.214681
1;2025-12-22;18;1893.664539;1902.82366
1;2025-12-22;19;1451.591204;1458.612141
1;2025-12-22;20;936.666317;941.196708
1;2025-12-22;21;504.324981;506.764258
1;2025-12-22;22;257.746924;258.993573
1;2025-12-22;23;42.376745;42.58171
1;2025-12-23;0;3.05772;3.056467
1;2025-12-23;1;0.0;0.0
1;2025-12-23;2;0.0;0.0
1;2025-12-23;3;0.0;0.0
1;2025-12-23;4;7.524635;7.521551
1;2025-12-23;5;151.752398;151.6902
1;2025-12-23;6;590.219482;589.97757
1;2025-12-23;7;1596.756878;1596.102419
1;2025-12-23;8;1984.483926;1983.67055
1;2025-12-23;9;1581.80003;1581.151701
1;2025-12-23;10;1457.149542;1456.552303
1;2025-12-23;11;1452.898786;1452.30329
1;2025-12-23;12;1457.156468;1456.559226
1;2025-12-23;13;1459.485108;1458.886912
1;2025-12-23;14;1340.440587;1339.891184
1;2025-12-23;15;1472.479133;1471.875611
1;2025-12-23;16;1504.581315;1503.964636
1;2025-12-23;17;1802.511596;1801.772805
1;2025-12-23;18;1876.692265;1875.923069
1;2025-12-23;19;1500.57876;1499.963721
1;2025-12-23;20;989.93879;989.533046
1;2025-12-23;21;530.308376;530.09102
1;2025-12-23;22;266.463993;266.354778
1;2025-12-23;23;47.229555;47.210198
1;2025-12-24;0;4.166644;4.172352
1;2025-12-24;1;0.0;0.0
1;2025-12-24;2;0.0;0.0
1;2025-12-24;3;0.0;0.0
1;2025-12-24;4;9.260619;9.273304
1;2025-12-24;5;145.365437;145.564545
1;2025-12-24;6;568.001206;568.779204
1;2025-12-24;7;1483.149387;1485.180875
1;2025-12-24;8;1960.007427;1962.692074
1;2025-12-24;9;1558.34385;1560.478333
1;2025-12-24;10;1371.909546;1373.788667
1;2025-12-24;11;1401.737947;1403.657925
1;2025-12-24;12;1425.515241;1427.467787
1;2025-12-24;13;1469.609316;1471.622258
1;2025-12-24;14;1335.592375;1337.421753
1;2025-12-24;15;1494.797245;1496.844687
1;2025-12-24;16;1498.898735;1500.951795
1;2025-12-24;17;1807.85739;1810.333635
1;2025-12-24;18;1861.431897;1863.981523
1;2025-12-24;19;1447.57393;1449.55669
1;2025-12-24;20;959.983978;961.29888
1;2025-12-24;21;519.038127;519.749059
1;2025-12-24;22;284.591535;284.981344
1;2025-12-24;23;46.700865;46.764831
1;2025-12-25;0;5.211052;5.1927
1;2025-12-25;1;0.0;0.0
1;2025-12-25;2;0.0;0.0
1;2025-12-25;3;0.0;0.0
1;2025-12-25;4;8.38646;8.356925
1;2025-12-25;5;139.044053;138.554362
1;2025-12-25;6;552.776364;550.829575
1;2025-12-25;7;1503.964623;1498.667903
1;2025-12-25;8;1954.523967;1947.64045
1;2025-12-25;9;1518.738223;1513.389473
1;2025-12-25;10;1409.256358;1404.293185
1;2025-12-25;11;1406.252492;1401.299899
1;2025-12-25;12;1435.241953;1430.187263
1;2025-12-25;13;1418.275011;1413.280076
1;2025-12-25;14;1372.642083;1367.80786
1;2025-12-25;15;1475.108696;1469.913602
1;2025-12-25;16;1530.042545;1524.653983
1;2025-12-25;17;1777.828292;1771.567069
1;2025-12-25;18;1883.9814;1877.346323
1;2025-12-25;19;1427.668621;1422.640603
1;2025-12-25;20;949.082546;945.740031
1;2025-12-25;21;520.990802;519.155957
1;2025-12-25;22;267.500992;266.558897
1;2025-12-25;23;54.607689;54.41537
1;2025-12-26;0;5.764309;5.596701
1;2025-12-26;1;0.0;0.0
1;2025-12-26;2;0.0;0.0
1;2025-12-26;3;0.0;0.0
1;2025-12-26;4;7.618929;7.397395
1;2025-12-26;5;142.851708;138.698036
1;2025-12-26;6;534.091496;518.561818
1;2025-12-26;7;1505.751811;1461.969347
1;2025-12-26;8;1893.292288;1838.241381
1;2025-12-26;9;1455.810351;1413.480025
1;2025-12-26;10;1352.316352;1312.995301
1;2025-12-26;11;1416.40665;1375.222058
1;2025-12-26;12;1387.223675;1346.887631
1;2025-12-26;13;1417.974184;1376.744013
1;2025-12-26;14;1349.5746;1310.333271
1;2025-12-26;15;1519.898937;1475.705119
1;2025-12-26;16;1571.196866;1525.511468
1;2025-12-26;17;1770.734552;1719.247234
1;2025-12-26;18;1602.658781;1556.05857
1;2025-12-26;19;1265.398238;1228.604489
1;2025-12-26;20;862.760438;837.674114
1;2025-12-26;21;534.200559;518.667709
1;2025-12-26;22;277.810719;269.732868
1;2025-12-26;23;56.103708;54.472391
1;2025-12-27;0;6.176453;6.271592
1;2025-12-27;1;0.0;0.0
1;2025-12-27;2;0.0;0.0
1;2025-12-27;3;0.0;0.0
1;2025-12-27;4;0.0;0.0
1;2025-12-27;5;35.749645;36.300319
1;2025-12-27;6;185.29358;188.147772
1;2025-12-27;7;362.153942;367.732425
1;2025-12-27;8;494.950065;502.57409
1;2025-12-27;9;751.779378;763.359505
1;2025-12-27;10;873.97001;887.432315
1;2025-12-27;11;806.589102;819.013497
1;2025-12-27;12;985.941224;1001.128292
1;2025-12-27;13;996.998485;1012.355874
1;2025-12-27;14;927.084859;941.365325
1;2025-12-27;15;799.131064;811.440579
1;2025-12-27;16;766.953274;778.767134
1;2025-12-27;17;718.567867;729.636416
1;2025-12-27;18;648.916467;658.912132
1;2025-12-27;19;613.977712;623.435194
1;2025-12-27;20;459.030898;466.101638
1;2025-12-27;21;334.922747;340.081772
1;2025-12-27;22;149.717187;152.023374
1;2025-12-27;23;38.029544;38.615336
1;2025-12-28;0;0.0;0.0
1;2025-12-28;1;0.0;0.0
1;2025-12-28;2;0.0;0.0
1;2025-12-28;3;0.0;0.0
1;2025-12-28;4;0.0;0.0
1;2025-12-28;5;28.877562;28.713451
1;2025-12-28;6;133.155559;132.398838
1;2025-12-28;7;273.276804;271.723776
1;2025-12-28;8;377.512903;375.367503
1;2025-12-28;9;624.903303;621.351987
1;2025-12-28;10;721.573006;717.472318
1;2025-12-28;11;716.485941;712.414163
1;2025-12-28;12;873.083415;868.121696
1;2025-12-28;13;879.676567;874.677379
1;2025-12-28;14;777.030283;772.614432
1;2025-12-28;15;705.447752;701.438703
1;2025-12-28;16;664.814632;661.036501
1;2025-12-28;17;629.765814;626.186864
1;2025-12-28;18;570.915494;567.67099
1;2025-12-28;19;495.428955;492.61344
1;2025-12-28;20;398.462616;396.198159
1;2025-12-28;21;285.183254;283.562562
1;2025-12-28;22;119.614316;118.93455
1;2025-12-28;23;33.613874;33.422847
1;2025-12-29;0;0.0;0.0
1;2025-12-29;1;0.0;0.0
1;2025-12-29;2;0.0;0.0
1;2025-12-29;3;0.0;0.0
1;2025-12-29;4;9.213443;9.239416
1;2025-12-29;5;142.252776;142.653783
1;2025-12-29;6;559.891153;561.469472
1;2025-12-29;7;1485.164818;1489.35146
1;2025-12-29;8;1907.611104;1912.988612
1;2025-12-29;9;1473.889604;1478.044462
1;2025-12-29;10;1301.687793;1305.357218
1;2025-12-29;11;1329.390243;1333.137761
1;2025-12-29;12;1354.052778;1357.869819
1;2025-12-29;13;1355.382105;1359.202893
1;2025-12-29;14;1306.7341;1310.417751
1;2025-12-29;15;1447.64439;1451.725263
1;2025-12-29;16;1488.155925;1492.351
1;2025-12-29;17;1796.332435;1801.396252
1;2025-12-29;18;1905.069608;1910.439951
1;2025-12-29;19;1460.333776;1464.45042
1;2025-12-29;20;942.307625;944.963966
1;2025-12-29;21;507.362404;508.792646
1;2025-12-29;22;259.299269;260.030227
1;2025-12-29;23;42.63197;42.752148
1;2025-12-30;0;2.977977;3.006461
1;2025-12-30;1;0.0;0.0
1;2025-12-30;2;0.0;0.0
1;2025-12-30;3;0.0;0.0
1;2025-12-30;4;7.328397;7.398493
1;2025-12-30;5;147.794801;149.208441
1;2025-12-30;6;574.826967;580.32512
1;2025-12-30;7;1555.114564;1569.989056
1;2025-12-30;8;1932.729958;1951.216298
1;2025-12-30;9;1540.54778;1555.282942
1;2025-12-30;10;1419.14809;1432.722078
1;2025-12-30;11;1415.008191;1428.542582
1;2025-12-30;12;1419.154836;1432.728888
1;2025-12-30;13;1421.422746;1435.018491
1;2025-12-30;14;1305.482824;1317.969617
1;2025-12-30;15;1434.077896;1447.794686
1;2025-12-30;16;1465.342876;1479.358712
1;2025-12-30;17;1755.503341;1772.294529
1;2025-12-30;18;1827.749429;1845.231642
1;2025-12-30;19;1461.444704;1475.423254
1;2025-12-30;20;964.121872;973.343586
1;2025-12-30;21;516.4783;521.418356
1;2025-12-30;22;259.514797;261.997026
1;2025-12-30;23;45.997841;46.437805
1;2025-12-31;0;0.0;0.0
1;2025-12-31;1;0.0;0.0
1;2025-12-31;2;0.0;0.0
1;2025-12-31;3;0.0;0.0
1;2025-12-31;4;0.0;0.0
1;2025-12-31;5;31.744378;30.827924
1;2025-12-31;6;153.213551;148.790301
1;2025-12-31;7;277.429674;269.420325
1;2025-12-31;8;385.058683;373.942104
1;2025-12-31;9;628.42224;610.279795
1;2025-12-31;10;710.622641;690.107084
1;2025-12-31;11;664.339455;645.160086
1;2025-12-31;12;830.172948;806.205994
1;2025-12-31;13;830.158656;806.192114
1;2025-12-31;14;774.036173;751.689878
1;2025-12-31;15;696.202819;676.103561
1;2025-12-31;16;642.260201;623.718256
1;2025-12-31;17;615.386346;597.620245
1;2025-12-31;18;576.942955;560.286709
1;2025-12-31;19;520.571303;505.542497
1;2025-12-31;20;378.87802;367.939875
1;2025-12-31;21;289.101399;280.75509
1;2025-12-31;22;132.463337;128.639142
1;2025-12-31;23;38.966013;37.84107
5;2025-11-01;0;0.0;0.0
5;2025-11-01;1;0.0;0.0
5;2025-11-01;2;0.0;0.0
5;2025-11-01;3;0.0;0.0
5;2025-11-01;4;0.0;0.0
5;2025-11-01;5;0.0;0.0
5;2025-11-01;6;0.0;0.0
5;2025-11-01;7;0.0;0.0
5;2025-11-01;8;0.0;0.0
5;2025-11-01;9;0.0;0.0
5;2025-11-01;10;0.0;0.0
5;2025-11-01;11;0.0;0.0
5;2025-11-01;12;0.0;0.0
5;2025-11-01;13;0.0;0.0
5;2025-11-01;14;0.0;0.0
5;2025-11-01;15;0.0;0.0
5;2025-11-01;16;0.0;0.0
5;2025-11-01;17;0.0;0.0
5;2025-11-01;18;0.0;0.0
5;2025-11-01;19;0.0;0.0
5;2025-11-01;20;0.0;0.0
5;2025-11-01;21;0.0;0.0
5;2025-11-01;22;0.0;0.0
5;2025-11-01;23;0.0;0.0
5;2025-11-02;0;0.0;0.0
5;2025-11-02;1;0.0;0.0
5;2025-11-02;2;0.0;0.0
5;2025-11-02;3;0.0;0.0
5;2025-11-02;4;0.0;0.0
5;2025-11-02;5;0.0;0.0
5;2025-11-02;6;0.0;0.0
5;2025-11-02;7;0.0;0.0
5;2025-11-02;8;0.0;0.0
5;2025-11-02;9;0.0;0.0
5;2025-11-02;10;0.0;0.0
5;2025-11-02;11;0.0;0.0
5;2025-11-02;12;0.0;0.0
5;2025-11-02;13;0.0;0.0
5;2025-11-02;14;0.0;0.0
5;2025-11-02;15;0.0;0.0
5;2025-11-02;16;0.0;0.0
5;2025-11-02;17;0.0;0.0
5;2025-11-02;18;0.0;0.0
5;2025-11-02;19;0.0;0.0
5;2025-11-02;20;0.0;0.0
5;2025-11-02;21;0.0;0.0
5;2025-11-02;22;0.0;0.0
5;2025-11-02;23;0.0;0.0
5;2025-11-03;0;0.0;0.0
5;2025-11-03;1;0.0;0.0
5;2025-11-03;2;0.0;0.0
5;2025-11-03;3;0.0;0.0
5;2025-11-03;4;0.0;0.0
5;2025-11-03;5;0.0;0.0
5;2025-11-03;6;0.0;0.0
5;2025-11-03;7;0.0;0.0
5;2025-11-03;8;0.0;0.0
5;2025-11-03;9;0.0;0.0
5;2025-11-03;10;0.0;0.0
5;2025-11-03;11;0.0;0.0
5;2025-11-03;12;0.0;0.0
5;2025-11-03;13;0.0;0.0
5;2025-11-03;14;0.0;0.0
5;2025-11-03;15;0.0;0.0
5;2025-11-03;16;0.0;0.0
5;2025-11-03;17;0.0;0.0
5;2025-11-03;18;0.0;0.0
5;2025-11-03;19;0.0;0.0
5;2025-11-03;20;0.0;0.0
5;2025-11-03;21;0.0;0.0
5;2025-11-03;22;0.0;0.0
5;2025-11-03;23;0.0;0.0
5;2025-11-04;0;0.0;0.0
5;2025-11-04;1;0.0;0.0
5;2025-11-04;2;0.0;0.0
5;2025-11-04;3;0.0;0.0
5;2025-11-04;4;0.0;0.0
5;2025-11-04;5;0.0;0.0
5;2025-11-04;6;0.0;0.0
5;2025-11-04;7;0.0;0.0
5;2025-11-04;8;0.0;0.0
5;2025-11-04;9;0.0;0.0
5;2025-11-04;10;0.0;0.0
5;2025-11-04;11;0.0;0.0
5;2025-11-04;12;0.0;0.0
5;2025-11-04;13;0.0;0.0
5;2025-11-04;14;0.0;0.0
5;2025-11-04;15;0.0;0.0
5;2025-11-04;16;0.0;0.0
5;2025-11-04;17;0.0;0.0
5;2025-11-04;18;0.0;0.0
5;2025-11-04;19;0.0;0.0
5;2025-11-04;20;0.0;0.0
5;2025-11-04;21;0.0;0.0
5;2025-11-04;22;0.0;0.0
5;2025-11-04;23;0.0;0.0
5;2025-11-05;0;0.0;0.0
5;2025-11-05;1;0.0;0.0
5;2025-11-05;2;0.0;0.0
5;2025-11-05;3;0.0;0.0
5;2025-11-05;4;0.0;0.0
5;2025-11-05;5;0.0;0.0
5;2025-11-05;6;0.0;0.0
5;2025-11-05;7;0.0;0.0
5;2025-11-05;8;0.0;0.0
5;2025-11-05;9;0.0;0.0
5;2025-11-05;10;0.0;0.0
5;2025-11-05;11;0.0;0.0
5;2025-11-05;12;0.0;0.0
5;2025-11-05;13;0.0;0.0
5;2025-11-05;14;0.0;0.0
5;2025-11-05;15;0.0;0.0
5;2025-11-05;16;0.0;0.0
5;2025-11-05;17;0.0;0.0
5;2025-11-05;18;0.0;0.0
5;2025-11-05;19;0.0;0.0
5;2025-11-05;20;0.0;0.0
5;2025-11-05;21;0.0;0.0
5;2025-11-05;22;0.0;0.0
5;2025-11-05;23;0.0;0.0
5;2025-11-06;0;0.0;0.0
5;2025-11-06;1;0.0;0.0
5;2025-11-06;2;0.0;0.0
5;2025-11-06;3;0.0;0.0
5;2025-11-06;4;0.0;0.0
5;2025-11-06;5;0.0;0.0
5;2025-11-06;6;0.0;0.0
5;2025-11-06;7;0.0;0.0
5;2025-11-06;8;0.0;0.0
5;2025-11-06;9;0.0;0.0
5;2025-11-06;10;0.0;0.0
5;2025-11-06;11;0.0;0.0
5;2025-11-06;12;0.0;0.0
5;2025-11-06;13;0.0;0.0
5;2025-11-06;14;0.0;0.0
5;2025-11-06;15;0.0;0.0
5;2025-11-06;16;0.0;0.0
5;2025-11-06;17;0.0;0.0
5;2025-11-06;18;0.0;0.0
5;2025-11-06;19;0.0;0.0
5;2025-11-06;20;0.0;0.0
5;2025-11-06;21;0.0;0.0
5;2025-11-06;22;0.0;0.0
5;2025-11-06;23;0.0;0.0
5;2025-11-07;0;0.0;0.0
5;2025-11-07;1;0.0;0.0
5;2025-11-07;2;0.0;0.0
5;2025-11-07;3;0.0;0.0
5;2025-11-07;4;0.0;0.0
5;2025-11-07;5;0.0;0.0
5;2025-11-07;6;0.0;0.0
5;2025-11-07;7;0.0;0.0
5;2025-11-07;8;0.0;0.0
5;2025-11-07;9;0.0;0.0
5;2025-11-07;10;0.0;0.0
5;2025-11-07;11;0.0;0.0
5;2025-11-07;12;0.0;0.0
5;2025-11-07;13;0.0;0.0
5;2025-11-07;14;0.0;0.0
5;2025-11-07;15;0.0;0.0
5;2025-11-07;16;0.0;0.0
5;2025-11-07;17;0.0;0.0
5;2025-11-07;18;0.0;0.0
5;2025-11-07;19;0.0;0.0
5;2025-11-07;20;0.0;0.0
5;2025-11-07;21;0.0;0.0
5;2025-11-07;22;0.0;0.0
5;2025-11-07;23;0.0;0.0
5;2025-11-08;0;0.0;0.0
5;2025-11-08;1;0.0;0.0
5;2025-11-08;2;0.0;0.0
5;2025-11-08;3;0.0;0.0
5;2025-11-08;4;0.0;0.0
5;2025-11-08;5;0.0;0.0
5;2025-11-08;6;0.0;0.0
5;2025-11-08;7;0.0;0.0
5;2025-11-08;8;0.0;0.0
5;2025-11-08;9;0.0;0.0
5;2025-11-08;10;0.0;0.0
5;2025-11-08;11;0.0;0.0
5;2025-11-08;12;0.0;0.0
5;2025-11-08;13;0.0;0.0
5;2025-11-08;14;0.0;0.0
5;2025-11-08;15;0.0;0.0
5;2025-11-08;16;0.0;0.0
5;2025-11-08;17;0.0;0.0
5;2025-11-08;18;0.0;0.0
5;2025-11-08;19;0.0;0.0
5;2025-11-08;20;0.0;0.0
5;2025-11-08;21;0.0;0.0
5;2025-11-08;22;0.0;0.0
5;2025-11-08;23;0.0;0.0
5;2025-11-09;0;0.0;0.0
5;2025-11-09;1;0.0;0.0
5;2025-11-09;2;0.0;0.0
5;2025-11-09;3;0.0;0.0
5;2025-11-09;4;0.0;0.0
5;2025-11-09;5;0.0;0.0
5;2025-11-09;6;0.0;0.0
5;2025-11-09;7;0.0;0.0
5;2025-11-09;8;0.0;0.0
5;2025-11-09;9;0.0;0.0
5;2025-11-09;10;0.0;0.0
5;2025-11-09;11;0.0;0.0
5;2025-11-09;12;0.0;0.0
5;2025-11-09;13;0.0;0.0
5;2025-11-09;14;0.0;0.0
5;2025-11-09;15;0.0;0.0
5;2025-11-09;16;0.0;0.0
5;2025-11-09;17;0.0;0.0
5;2025-11-09;18;0.0;0.0
5;2025-11-09;19;0.0;0.0
5;2025-11-09;20;0.0;0.0
5;2025-11-09;21;0.0;0.0
5;2025-11-09;22;0.0;0.0
5;2025-11-09;23;0.0;0.0
5;2025-11-10;0;0.0;0.0
5;2025-11-10;1;0.0;0.0
5;2025-11-10;2;0.0;0.0
5;2025-11-10;3;0.0;0.0
5;2025-11-10;4;0.0;0.0
5;2025-11-10;5;0.0;0.0
5;2025-11-10;6;0.0;0.0
5;2025-11-10;7;0.0;0.0
5;2025-11-10;8;0.0;0.0
5;2025-11-10;9;0.0;0.0
5;2025-11-10;10;0.0;0.0
5;2025-11-10;11;0.0;0.0
5;2025-11-10;12;0.0;0.0
5;2025-11-10;13;0.0;0.0
5;2025-11-10;14;0.0;0.0
5;2025-11-10;15;0.0;0.0
5;2025-11-10;16;0.0;0.0
5;2025-11-10;17;0.0;0.0
5;2025-11-10;18;0.0;0.0
5;2025-11-10;19;0.0;0.0
5;2025-11-10;20;0.0;0.0
5;2025-11-10;21;0.0;0.0
5;2025-11-10;22;0.0;0.0
5;2025-11-10;23;0.0;0.0
5;2025-11-11;0;0.0;0.0
5;2025-11-11;1;0.0;0.0
5;2025-11-11;2;0.0;0.0
5;2025-11-11;3;0.0;0.0
5;2025-11-11;4;0.0;0.0
5;2025-11-11;5;0.0;0.0
5;2025-11-11;6;0.0;0.0
5;2025-11-11;7;0.0;0.0
5;2025-11-11;8;0.0;0.0
5;2025-11-11;9;0.0;0.0
5;2025-11-11;10;0.0;0.0
5;2025-11-11;11;0.0;0.0
5;2025-11-11;12;0.0;0.0
5;2025-11-11;13;0.0;0.0
5;2025-11-11;14;0.0;0.0
5;2025-11-11;15;0.0;0.0
5;2025-11-11;16;0.0;0.0
5;2025-11-11;17;0.0;0.0
5;2025-11-11;18;0.0;0.0
5;2025-11-11;19;0.0;0.0
5;2025-11-11;20;0.0;0.0
5;2025-11-11;21;0.0;0.0
5;2025-11-11;22;0.0;0.0
5;2025-11-11;23;0.0;0.0
5;2025-11-12;0;0.0;0.0
5;2025-11-12;1;0.0;0.0
5;2025-11-12;2;0.0;0.0
5;2025-11-12;3;0.0;0.0
5;2025-11-12;4;0.0;0.0
5;2025-11-12;5;0.0;0.0
5;2025-11-12;6;0.0;0.0
5;2025-11-12;7;0.0;0.0
5;2025-11-12;8;0.0;0.0
5;2025-11-12;9;0.0;0.0
5;2025-11-12;10;0.0;0.0
5;2025-11-12;11;0.0;0.0
5;2025-11-12;12;0.0;0.0
5;2025-11-12;13;0.0;0.0
5;2025-11-12;14;0.0;0.0
5;2025-11-12;15;0.0;0.0
5;2025-11-12;16;0.0;0.0
5;2025-11-12;17;0.0;0.0
5;2025-11-12;18;0.0;0.0
5;2025-11-12;19;0.0;0.0
5;2025-11-12;20;0.0;0.0
5;2025-11-12;21;0.0;0.0
5;2025-11-12;22;0.0;0.0
5;2025-11-12;23;0.0;0.0
5;2025-11-13;0;0.0;0.0
5;2025-11-13;1;0.0;0.0
5;2025-11-13;2;0.0;0.0
5;2025-11-13;3;0.0;0.0
5;2025-11-13;4;0.0;0.0
5;2025-11-13;5;0.0;0.0
5;2025-11-13;6;0.0;0.0
5;2025-11-13;7;0.0;0.0
5;2025-11-13;8;0.0;0.0
5;2025-11-13;9;0.0;0.0
5;2025-11-13;10;0.0;0.0
5;2025-11-13;11;0.0;0.0
5;2025-11-13;12;0.0;0.0
5;2025-11-13;13;0.0;0.0
5;2025-11-13;14;0.0;0.0
5;2025-11-13;15;0.0;0.0
5;2025-11-13;16;0.0;0.0
5;2025-11-13;17;0.0;0.0
5;2025-11-13;18;0.0;0.0
5;2025-11-13;19;0.0;0.0
5;2025-11-13;20;0.0;0.0
5;2025-11-13;21;0.0;0.0
5;2025-11-13;22;0.0;0.0
5;2025-11-13;23;0.0;0.0
5;2025-11-14;0;0.0;0.0
5;2025-11-14;1;0.0;0.0
5;2025-11-14;2;0.0;0.0
5;2025-11-14;3;0.0;0.0
5;2025-11-14;4;0.0;0.0
5;2025-11-14;5;0.0;0.0
5;2025-11-14;6;0.0;0.0
5;2025-11-14;7;0.0;0.0
5;2025-11-14;8;0.0;0.0
5;2025-11-14;9;0.0;0.0
5;2025-11-14;10;0.0;0.0
5;2025-11-14;11;0.0;0.0
5;2025-11-14;12;0.0;0.0
5;2025-11-14;13;0.0;0.0
5;2025-11-14;14;0.0;0.0
5;2025-11-14;15;0.0;0.0
5;2025-11-14;16;0.0;0.0
5;2025-11-14;17;0.0;0.0
5;2025-11-14;18;0.0;0.0
5;2025-11-14;19;0.0;0.0
5;2025-11-14;20;0.0;0.0
5;2025-11-14;21;0.0;0.0
5;2025-11-14;22;0.0;0.0
5;2025-11-14;23;0.0;0.0
5;2025-11-15;0;0.0;0.0
5;2025-11-15;1;0.0;0.0
5;2025-11-15;2;0.0;0.0
5;2025-11-15;3;0.0;0.0
5;2025-11-15;4;0.0;0.0
5;2025-11-15;5;0.0;0.0
5;2025-11-15;6;0.0;0.0
5;2025-11-15;7;0.0;0.0
5;2025-11-15;8;0.0;0.0
5;2025-11-15;9;0.0;0.0
5;2025-11-15;10;0.0;0.0
5;2025-11-15;11;0.0;0.0
5;2025-11-15;12;0.0;0.0
5;2025-11-15;13;0.0;0.0
5;2025-11-15;14;0.0;0.0
5;2025-11-15;15;0.0;0.0
5;2025-11-15;16;0.0;0.0
5;2025-11-15;17;0.0;0.0
5;2025-11-15;18;0.0;0.0
5;2025-11-15;19;0.0;0.0
5;2025-11-15;20;0.0;0.0
5;2025-11-15;21;0.0;0.0
5;2025-11-15;22;0.0;0.0
5;2025-11-15;23;0.0;0.0
5;2025-11-16;0;0.0;0.0
5;2025-11-16;1;0.0;0.0
5;2025-11-16;2;0.0;0.0
5;2025-11-16;3;0.0;0.0
5;2025-11-16;4;0.0;0.0
5;2025-11-16;5;0.0;0.0
5;2025-11-16;6;0.0;0.0
5;2025-11-16;7;0.0;0.0
5;2025-11-16;8;0.0;0.0
5;2025-11-16;9;0.0;0.0
5;2025-11-16;10;0.0;0.0
5;2025-11-16;11;0.0;0.0
5;2025-11-16;12;0.0;0.0
5;2025-11-16;13;0.0;0.0
5;2025-11-16;14;0.0;0.0
5;2025-11-16;15;0.0;0.0
5;2025-11-16;16;0.0;0.0
5;2025-11-16;17;0.0;0.0
5;2025-11-16;18;0.0;0.0
5;2025-11-16;19;0.0;0.0
5;2025-11-16;20;0.0;0.0
5;2025-11-16;21;0.0;0.0
5;2025-11-16;22;0.0;0.0
5;2025-11-16;23;0.0;0.0
5;2025-11-17;0;0.0;0.0
5;2025-11-17;1;0.0;0.0
5;2025-11-17;2;0.0;0.0
5;2025-11-17;3;0.0;0.0
5;2025-11-17;4;0.0;0.0
5;2025-11-17;5;0.0;0.0
5;2025-11-17;6;0.0;0.0
5;2025-11-17;7;0.0;0.0
5;2025-11-17;8;0.0;0.0
5;2025-11-17;9;0.0;0.0
5;2025-11-17;10;0.0;0.0
5;2025-11-17;11;0.0;0.0
5;2025-11-17;12;0.0;0.0
5;2025-11-17;13;0.0;0.0
5;2025-11-17;14;0.0;0.0
5;2025-11-17;15;0.0;0.0
5;2025-11-17;16;0.0;0.0
5;2025-11-17;17;0.0;0.0
5;2025-11-17;18;0.0;0.0
5;2025-11-17;19;0.0;0.0
5;2025-11-17;20;0.0;0.0
5;2025-11-17;21;0.0;0.0
5;2025-11-17;22;0.0;0.0
5;2025-11-17;23;0.0;0.0
5;2025-11-18;0;0.0;0.0
5;2025-11-18;1;0.0;0.0
5;2025-11-18;2;0.0;0.0
5;2025-11-18;3;0.0;0.0
5;2025-11-18;4;0.0;0.0
5;2025-11-18;5;0.0;0.0
5;2025-11-18;6;0.0;0.0
5;2025-11-18;7;0.0;0.0
5;2025-11-18;8;0.0;0.0
5;2025-11-18;9;0.0;0.0
5;2025-11-18;10;0.0;0.0
5;2025-11-18;11;0.0;0.0
5;2025-11-18;12;0.0;0.0
5;2025-11-18;13;0.0;0.0
5;2025-11-18;14;0.0;0.0
5;2025-11-18;15;0.0;0.0
5;2025-11-18;16;0.0;0.0
5;2025-11-18;17;0.0;0.0
5;2025-11-18;18;0.0;0.0
5;2025-11-18;19;0.0;0.0
5;2025-11-18;20;0.0;0.0
5;2025-11-18;21;0.0;0.0
5;2025-11-18;22;0.0;0.0
5;2025-11-18;23;0.0;0.0
5;2025-11-19;0;0.0;0.0
5;2025-11-19;1;0.0;0.0
5;2025-11-19;2;0.0;0.0
5;2025-11-19;3;0.0;0.0
5;2025-11-19;4;0.0;0.0
5;2025-11-19;5;0.0;0.0
5;2025-11-19;6;0.0;0.0
5;2025-11-19;7;0.0;0.0
5;2025-11-19;8;0.0;0.0
5;2025-11-19;9;0.0;0.0
5;2025-11-19;10;0.0;0.0
5;2025-11-19;11;0.0;0.0
5;2025-11-19;12;0.0;0.0
5;2025-11-19;13;0.0;0.0
5;2025-11-19;14;0.0;0.0
5;2025-11-19;15;0.0;0.0
5;2025-11-19;16;0.0;0.0
5;2025-11-19;17;0.0;0.0
5;2025-11-19;18;0.0;0.0
5;2025-11-19;19;0.0;0.0
5;2025-11-19;20;0.0;0.0
5;2025-11-19;21;0.0;0.0
5;2025-11-19;22;0.0;0.0
5;2025-11-19;23;0.0;0.0
5;2025-11-20;0;0.0;0.0
5;2025-11-20;1;0.0;0.0
5;2025-11-20;2;0.0;0.0
5;2025-11-20;3;0.0;0.0
5;2025-11-20;4;0.0;0.0
5;2025-11-20;5;0.0;0.0
5;2025-11-20;6;0.0;0.0
5;2025-11-20;7;0.0;0.0
5;2025-11-20;8;0.0;0.0
5;2025-11-20;9;0.0;0.0
5;2025-11-20;10;0.0;0.0
5;2025-11-20;11;0.0;0.0
5;2025-11-20;12;0.0;0.0
5;2025-11-20;13;0.0;0.0
5;2025-11-20;14;0.0;0.0
5;2025-11-20;15;0.0;0.0
5;2025-11-20;16;0.0;0.0
5;2025-11-20;17;0.0;0.0
5;2025-11-20;18;0.0;0.0
5;2025-11-20;19;0.0;0.0
5;2025-11-20;20;0.0;0.0
5;2025-11-20;21;0.0;0.0
5;2025-11-20;22;0.0;0.0
5;2025-11-20;23;0.0;0.0
5;2025-11-21;0;0.0;0.0
5;2025-11-21;1;0.0;0.0
5;2025-11-21;2;0.0;0.0
5;2025-11-21;3;0.0;0.0
5;2025-11-21;4;0.0;0.0
5;2025-11-21;5;0.0;0.0
5;2025-11-21;6;0.0;0.0
5;2025-11-21;7;0.0;0.0
5;2025-11-21;8;0.0;0.0
5;2025-11-21;9;0.0;0.0
5;2025-11-21;10;0.0;0.0
5;2025-11-21;11;0.0;0.0
5;2025-11-21;12;0.0;0.0
5;2025-11-21;13;0.0;0.0
5;2025-11-21;14;0.0;0.0
5;2025-11-21;15;0.0;0.0
5;2025-11-21;16;0.0;0.0
5;2025-11-21;17;0.0;0.0
5;2025-11-21;18;0.0;0.0
5;2025-11-21;19;0.0;0.0
5;2025-11-21;20;0.0;0.0
5;2025-11-21;21;0.0;0.0
5;2025-11-21;22;0.0;0.0
5;2025-11-21;23;0.0;0.0
5;2025-11-22;0;0.0;0.0
5;2025-11-22;1;0.0;0.0
5;2025-11-22;2;0.0;0.0
5;2025-11-22;3;0.0;0.0
5;2025-11-22;4;0.0;0.0
5;2025-11-22;5;0.0;0.0
5;2025-11-22;6;0.0;0.0
5;2025-11-22;7;0.0;0.0
5;2025-11-22;8;0.0;0.0
5;2025-11-22;9;0.0;0.0
5;2025-11-22;10;0.0;0.0
5;2025-11-22;11;0.0;0.0
5;2025-11-22;12;0.0;0.0
5;2025-11-22;13;0.0;0.0
5;2025-11-22;14;0.0;0.0
5;2025-11-22;15;0.0;0.0
5;2025-11-22;16;0.0;0.0
5;2025-11-22;17;0.0;0.0
5;2025-11-22;18;0.0;0.0
5;2025-11-22;19;0.0;0.0
5;2025-11-22;20;0.0;0.0
5;2025-11-22;21;0.0;0.0
5;2025-11-22;22;0.0;0.0
5;2025-11-22;23;0.0;0.0
5;2025-11-23;0;0.0;0.0
5;2025-11-23;1;0.0;0.0
5;2025-11-23;2;0.0;0.0
5;2025-11-23;3;0.0;0.0
5;2025-11-23;4;0.0;0.0
5;2025-11-23;5;0.0;0.0
5;2025-11-23;6;0.0;0.0
5;2025-11-23;7;0.0;0.0
5;2025-11-23;8;0.0;0.0
5;2025-11-23;9;0.0;0.0
5;2025-11-23;10;0.0;0.0
5;2025-11-23;11;0.0;0.0
5;2025-11-23;12;0.0;0.0
5;2025-11-23;13;0.0;0.0
5;2025-11-23;14;0.0;0.0
5;2025-11-23;15;0.0;0.0
5;2025-11-23;16;0.0;0.0
5;2025-11-23;17;0.0;0.0
5;2025-11-23;18;0.0;0.0
5;2025-11-23;19;0.0;0.0
5;2025-11-23;20;0.0;0.0
5;2025-11-23;21;0.0;0.0
5;2025-11-23;22;0.0;0.0
5;2025-11-23;23;0.0;0.0
5;2025-11-24;0;0.0;0.0
5;2025-11-24;1;0.0;0.0
5;2025-11-24;2;0.0;0.0
5;2025-11-24;3;0.0;0.0
5;2025-11-24;4;0.0;0.0
5;2025-11-24;5;0.0;0.0
5;2025-11-24;6;0.0;0.0
5;2025-11-24;7;0.0;0.0
5;2025-11-24;8;0.0;0.0
5;2025-11-24;9;0.0;0.0
5;2025-11-24;10;0.0;0.0
5;2025-11-24;11;0.0;0.0
5;2025-11-24;12;0.0;0.0
5;2025-11-24;13;0.0;0.0
5;2025-11-24;14;0.0;0.0
5;2025-11-24;15;0.0;0.0
5;2025-11-24;16;0.0;0.0
5;2025-11-24;17;0.0;0.0
5;2025-11-24;18;0.0;0.0
5;2025-11-24;19;0.0;0.0
5;2025-11-24;20;0.0;0.0
5;2025-11-24;21;0.0;0.0
5;2025-11-24;22;0.0;0.0
5;2025-11-24;23;0.0;0.0
5;2025-11-25;0;0.0;0.0
5;2025-11-25;1;0.0;0.0
5;2025-11-25;2;0.0;0.0
5;2025-11-25;3;0.0;0.0
5;2025-11-25;4;0.0;0.0
5;2025-11-25;5;0.0;0.0
5;2025-11-25;6;0.0;0.0
5;2025-11-25;7;0.0;0.0
5;2025-11-25;8;0.0;0.0
5;2025-11-25;9;0.0;0.0
5;2025-11-25;10;0.0;0.0
5;2025-11-25;11;0.0;0.0
5;2025-11-25;12;0.0;0.0
5;2025-11-25;13;0.0;0.0
5;2025-11-25;14;0.0;0.0
5;2025-11-25;15;0.0;0.0
5;2025-11-25;16;0.0;0.0
5;2025-11-25;17;0.0;0.0
5;2025-11-25;18;0.0;0.0
5;2025-11-25;19;0.0;0.0
5;2025-11-25;20;0.0;0.0
5;2025-11-25;21;0.0;0.0
5;2025-11-25;22;0.0;0.0
5;2025-11-25;23;0.0;0.0
5;2025-11-26;0;0.0;0.0
5;2025-11-26;1;0.0;0.0
5;2025-11-26;2;0.0;0.0
5;2025-11-26;3;0.0;0.0
5;2025-11-26;4;0.0;0.0
5;2025-11-26;5;0.0;0.0
5;2025-11-26;6;0.0;0.0
5;2025-11-26;7;0.0;0.0
5;2025-11-26;8;0.0;0.0
5;2025-11-26;9;0.0;0.0
5;2025-11-26;10;0.0;0.0
5;2025-11-26;11;0.0;0.0
5;2025-11-26;12;0.0;0.0
5;2025-11-26;13;0.0;0.0
5;2025-11-26;14;0.0;0.0
5;2025-11-26;15;0.0;0.0
5;2025-11-26;16;0.0;0.0
5;2025-11-26;17;0.0;0.0
5;2025-11-26;18;0.0;0.0
5;2025-11-26;19;0.0;0.0
5;2025-11-26;20;0.0;0.0
5;2025-11-26;21;0.0;0.0
5;2025-11-26;22;0.0;0.0
5;2025-11-26;23;0.0;0.0
5;2025-11-27;0;0.0;0.0
5;2025-11-27;1;0.0;0.0
5;2025-11-27;2;0.0;0.0
5;2025-11-27;3;0.0;0.0
5;2025-11-27;4;0.0;0.0
5;2025-11-27;5;0.0;0.0
5;2025-11-27;6;0.0;0.0
5;2025-11-27;7;0.0;0.0
5;2025-11-27;8;0.0;0.0
5;2025-11-27;9;0.0;0.0
5;2025-11-27;10;0.0;0.0
5;2025-11-27;11;0.0;0.0
5;2025-11-27;12;0.0;0.0
5;2025-11-27;13;0.0;0.0
5;2025-11-27;14;0.0;0.0
5;2025-11-27;15;0.0;0.0
5;2025-11-27;16;0.0;0.0
5;2025-11-27;17;0.0;0.0
5;2025-11-27;18;0.0;0.0
5;2025-11-27;19;0.0;0.0
5;2025-11-27;20;0.0;0.0
5;2025-11-27;21;0.0;0.0
5;2025-11-27;22;0.0;0.0
5;2025-11-27;23;0.0;0.0
5;2025-11-28;0;0.0;0.0
5;2025-11-28;1;0.0;0.0
5;2025-11-28;2;0.0;0.0
5;2025-11-28;3;0.0;0.0
5;2025-11-28;4;0.0;0.0
5;2025-11-28;5;0.0;0.0
5;2025-11-28;6;0.0;0.0
5;2025-11-28;7;0.0;0.0
5;2025-11-28;8;0.0;0.0
5;2025-11-28;9;0.0;0.0
5;2025-11-28;10;0.0;0.0
5;2025-11-28;11;0.0;0.0
5;2025-11-28;12;0.0;0.0
5;2025-11-28;13;0.0;0.0
5;2025-11-28;14;0.0;0.0
5;2025-11-28;15;0.0;0.0
5;2025-11-28;16;0.0;0.0
5;2025-11-28;17;0.0;0.0
5;2025-11-28;18;0.0;0.0
5;2025-11-28;19;0.0;0.0
5;2025-11-28;20;0.0;0.0
5;2025-11-28;21;0.0;0.0
5;2025-11-28;22;0.0;0.0
5;2025-11-28;23;0.0;0.0
5;2025-11-29;0;0.0;0.0
5;2025-11-29;1;0.0;0.0
5;2025-11-29;2;0.0;0.0
5;2025-11-29;3;0.0;0.0
5;2025-11-29;4;0.0;0.0
5;2025-11-29;5;0.0;0.0
5;2025-11-29;6;0.0;0.0
5;2025-11-29;7;0.0;0.0
5;2025-11-29;8;0.0;0.0
5;2025-11-29;9;0.0;0.0
5;2025-11-29;10;0.0;0.0
5;2025-11-29;11;0.0;0.0
5;2025-11-29;12;0.0;0.0
5;2025-11-29;13;0.0;0.0
5;2025-11-29;14;0.0;0.0
5;2025-11-29;15;0.0;0.0
5;2025-11-29;16;0.0;0.0
5;2025-11-29;17;0.0;0.0
5;2025-11-29;18;0.0;0.0
5;2025-11-29;19;0.0;0.0
5;2025-11-29;20;0.0;0.0
5;2025-11-29;21;0.0;0.0
5;2025-11-29;22;0.0;0.0
5;2025-11-29;23;0.0;0.0
5;2025-11-30;0;0.0;0.0
5;2025-11-30;1;0.0;0.0
5;2025-11-30;2;0.0;0.0
5;2025-11-30;3;0.0;0.0
5;2025-11-30;4;0.0;0.0
5;2025-11-30;5;0.0;0.0
5;2025-11-30;6;0.0;0.0
5;2025-11-30;7;0.0;0.0
5;2025-11-30;8;0.0;0.0
5;2025-11-30;9;0.0;0.0
5;2025-11-30;10;0.0;0.0
5;2025-11-30;11;0.0;0.0
5;2025-11-30;12;0.0;0.0
5;2025-11-30;13;0.0;0.0
5;2025-11-30;14;0.0;0.0
5;2025-11-30;15;0.0;0.0
5;2025-11-30;16;0.0;0.0
5;2025-11-30;17;0.0;0.0
5;2025-11-30;18;0.0;0.0
5;2025-11-30;19;0.0;0.0
5;2025-11-30;20;0.0;0.0
5;2025-11-30;21;0.0;0.0
5;2025-11-30;22;0.0;0.0
5;2025-11-30;23;0.0;0.0
5;2025-12-01;0;0.0;0.0
5;2025-12-01;1;0.0;0.0
5;2025-12-01;2;0.0;0.0
5;2025-12-01;3;0.0;0.0
5;2025-12-01;4;0.0;0.0
5;2025-12-01;5;0.0;0.0
5;2025-12-01;6;0.0;0.0
5;2025-12-01;7;0.0;0.0
5;2025-12-01;8;0.0;0.0
5;2025-12-01;9;0.0;0.0
5;2025-12-01;10;0.0;0.0
5;2025-12-01;11;0.0;0.0
5;2025-12-01;12;0.0;0.0
5;2025-12-01;13;0.0;0.0
5;2025-12-01;14;0.0;0.0
5;2025-12-01;15;0.0;0.0
5;2025-12-01;16;0.0;0.0
5;2025-12-01;17;0.0;0.0
5;2025-12-01;18;0.0;0.0
5;2025-12-01;19;0.0;0.0
5;2025-12-01;20;0.0;0.0
5;2025-12-01;21;0.0;0.0
5;2025-12-01;22;0.0;0.0
5;2025-12-01;23;0.0;0.0
5;2025-12-02;0;0.0;0.0
5;2025-12-02;1;0.0;0.0
5;2025-12-02;2;0.0;0.0
5;2025-12-02;3;0.0;0.0
5;2025-12-02;4;0.0;0.0
5;2025-12-02;5;0.0;0.0
5;2025-12-02;6;0.0;0.0
5;2025-12-02;7;0.0;0.0
5;2025-12-02;8;0.0;0.0
5;2025-12-02;9;0.0;0.0
5;2025-12-02;10;0.0;0.0
5;2025-12-02;11;0.0;0.0
5;2025-12-02;12;0.0;0.0
5;2025-12-02;13;0.0;0.0
5;2025-12-02;14;0.0;0.0
5;2025-12-02;15;0.0;0.0
5;2025-12-02;16;0.0;0.0
5;2025-12-02;17;0.0;0.0
5;2025-12-02;18;0.0;0.0
5;2025-12-02;19;0.0;0.0
5;2025-12-02;20;0.0;0.0
5;2025-12-02;21;0.0;0.0
5;2025-12-02;22;0.0;0.0
5;2025-12-02;23;0.0;0.0
5;2025-12-03;0;0.0;0.0
5;2025-12-03;1;0.0;0.0
5;2025-12-03;2;0.0;0.0
5;2025-12-03;3;0.0;0.0
5;2025-12-03;4;0.0;0.0
5;2025-12-03;5;0.0;0.0
5;2025-12-03;6;0.0;0.0
5;2025-12-03;7;0.0;0.0
5;2025-12-03;8;0.0;0.0
5;2025-12-03;9;0.0;0.0
5;2025-12-03;10;0.0;0.0
5;2025-12-03;11;0.0;0.0
5;2025-12-03;12;0.0;0.0
5;2025-12-03;13;0.0;0.0
5;2025-12-03;14;0.0;0.0
5;2025-12-03;15;0.0;0.0
5;2025-12-03;16;0.0;0.0
5;2025-12-03;17;0.0;0.0
5;2025-12-03;18;0.0;0.0
5;2025-12-03;19;0.0;0.0
5;2025-12-03;20;0.0;0.0
5;2025-12-03;21;0.0;0.0
5;2025-12-03;22;0.0;0.0
5;2025-12-03;23;0.0;0.0
5;2025-12-04;0;0.0;0.0
5;2025-12-04;1;0.0;0.0
5;2025-12-04;2;0.0;0.0
5;2025-12-04;3;0.0;0.0
5;2025-12-04;4;0.0;0.0
5;2025-12-04;5;0.0;0.0
5;2025-12-04;6;0.0;0.0
5;2025-12-04;7;0.0;0.0
5;2025-12-04;8;0.0;0.0
5;2025-12-04;9;0.0;0.0
5;2025-12-04;10;0.0;0.0
5;2025-12-04;11;0.0;0.0
5;2025-12-04;12;0.0;0.0
5;2025-12-04;13;0.0;0.0
5;2025-12-04;14;0.0;0.0
5;2025-12-04;15;0.0;0.0
5;2025-12-04;16;0.0;0.0
5;2025-12-04;17;0.0;0.0
5;2025-12-04;18;0.0;0.0
5;2025-12-04;19;0.0;0.0
5;2025-12-04;20;0.0;0.0
5;2025-12-04;21;0.0;0.0
5;2025-12-04;22;0.0;0.0
5;2025-12-04;23;0.0;0.0
5;2025-12-05;0;0.0;0.0
5;2025-12-05;1;0.0;0.0
5;2025-12-05;2;0.0;0.0
5;2025-12-05;3;0.0;0.0
5;2025-12-05;4;0.0;0.0
5;2025-12-05;5;0.0;0.0
5;2025-12-05;6;0.0;0.0
5;2025-12-05;7;0.0;0.0
5;2025-12-05;8;0.0;0.0
5;2025-12-05;9;0.0;0.0
5;2025-12-05;10;0.0;0.0
5;2025-12-05;11;0.0;0.0
5;2025-12-05;12;0.0;0.0
5;2025-12-05;13;0.0;0.0
5;2025-12-05;14;0.0;0.0
5;2025-12-05;15;0.0;0.0
5;2025-12-05;16;0.0;0.0
5;2025-12-05;17;0.0;0.0
5;2025-12-05;18;0.0;0.0
5;2025-12-05;19;0.0;0.0
5;2025-12-05;20;0.0;0.0
5;2025-12-05;21;0.0;0.0
5;2025-12-05;22;0.0;0.0
5;2025-12-05;23;0.0;0.0
5;2025-12-06;0;0.0;0.0
5;2025-12-06;1;0.0;0.0
5;2025-12-06;2;0.0;0.0
5;2025-12-06;3;0.0;0.0
5;2025-12-06;4;0.0;0.0
5;2025-12-06;5;0.0;0.0
5;2025-12-06;6;0.0;0.0
5;2025-12-06;7;0.0;0.0
5;2025-12-06;8;0.0;0.0
5;2025-12-06;9;0.0;0.0
5;2025-12-06;10;0.0;0.0
5;2025-12-06;11;0.0;0.0
5;2025-12-06;12;0.0;0.0
5;2025-12-06;13;0.0;0.0
5;2025-12-06;14;0.0;0.0
5;2025-12-06;15;0.0;0.0
5;2025-12-06;16;0.0;0.0
5;2025-12-06;17;0.0;0.0
5;2025-12-06;18;0.0;0.0
5;2025-12-06;19;0.0;0.0
5;2025-12-06;20;0.0;0.0
5;2025-12-06;21;0.0;0.0
5;2025-12-06;22;0.0;0.0
5;2025-12-06;23;0.0;0.0
5;2025-12-07;0;0.0;0.0
5;2025-12-07;1;0.0;0.0
5;2025-12-07;2;0.0;0.0
5;2025-12-07;3;0.0;0.0
5;2025-12-07;4;0.0;0.0
5;2025-12-07;5;0.0;0.0
5;2025-12-07;6;0.0;0.0
5;2025-12-07;7;0.0;0.0
5;2025-12-07;8;0.0;0.0
5;2025-12-07;9;0.0;0.0
5;2025-12-07;10;0.0;0.0
5;2025-12-07;11;0.0;0.0
5;2025-12-07;12;0.0;0.0
5;2025-12-07;13;0.0;0.0
5;2025-12-07;14;0.0;0.0
5;2025-12-07;15;0.0;0.0
5;2025-12-07;16;0.0;0.0
5;2025-12-07;17;0.0;0.0
5;2025-12-07;18;0.0;0.0
5;2025-12-07;19;0.0;0.0
5;2025-12-07;20;0.0;0.0
5;2025-12-07;21;0.0;0.0
5;2025-12-07;22;0.0;0.0
5;2025-12-07;23;0.0;0.0
5;2025-12-08;0;0.0;0.0
5;2025-12-08;1;0.0;0.0
5;2025-12-08;2;0.0;0.0
5;2025-12-08;3;0.0;0.0
5;2025-12-08;4;0.0;0.0
5;2025-12-08;5;0.0;0.0
5;2025-12-08;6;0.0;0.0
5;2025-12-08;7;0.0;0.0
5;2025-12-08;8;0.0;0.0
5;2025-12-08;9;0.0;0.0
5;2025-12-08;10;0.0;0.0
5;2025-12-08;11;0.0;0.0
5;2025-12-08;12;0.0;0.0
5;2025-12-08;13;0.0;0.0
5;2025-12-08;14;0.0;0.0
5;2025-12-08;15;0.0;0.0
5;2025-12-08;16;0.0;0.0
5;2025-12-08;17;0.0;0.0
5;2025-12-08;18;0.0;0.0
5;2025-12-08;19;0.0;0.0
5;2025-12-08;20;0.0;0.0
5;2025-12-08;21;0.0;0.0
5;2025-12-08;22;0.0;0.0
5;2025-12-08;23;0.0;0.0
5;2025-12-09;0;0.0;0.0
5;2025-12-09;1;0.0;0.0
5;2025-12-09;2;0.0;0.0
5;2025-12-09;3;0.0;0.0
5;2025-12-09;4;0.0;0.0
5;2025-12-09;5;0.0;0.0
5;2025-12-09;6;0.0;0.0
5;2025-12-09;7;0.0;0.0
5;2025-12-09;8;0.0;0.0
5;2025-12-09;9;0.0;0.0
5;2025-12-09;10;0.0;0.0
5;2025-12-09;11;0.0;0.0
5;2025-12-09;12;0.0;0.0
5;2025-12-09;13;0.0;0.0
5;2025-12-09;14;0.0;0.0
5;2025-12-09;15;0.0;0.0
5;2025-12-09;16;0.0;0.0
5;2025-12-09;17;0.0;0.0
5;2025-12-09;18;0.0;0.0
5;2025-12-09;19;0.0;0.0
5;2025-12-09;20;0.0;0.0
5;2025-12-09;21;0.0;0.0
5;2025-12-09;22;0.0;0.0
5;2025-12-09;23;0.0;0.0
5;2025-12-10;0;0.0;0.0
5;2025-12-10;1;0.0;0.0
5;2025-12-10;2;0.0;0.0
5;2025-12-10;3;0.0;0.0
5;2025-12-10;4;0.0;0.0
5;2025-12-10;5;0.0;0.0
5;2025-12-10;6;0.0;0.0
5;2025-12-10;7;0.0;0.0
5;2025-12-10;8;0.0;0.0
5;2025-12-10;9;0.0;0.0
5;2025-12-10;10;0.0;0.0
5;2025-12-10;11;0.0;0.0
5;2025-12-10;12;0.0;0.0
5;2025-12-10;13;0.0;0.0
5;2025-12-10;14;0.0;0.0
5;2025-12-10;15;0.0;0.0
5;2025-12-10;16;0.0;0.0
5;2025-12-10;17;0.0;0.0
5;2025-12-10;18;0.0;0.0
5;2025-12-10;19;0.0;0.0
5;2025-12-10;20;0.0;0.0
5;2025-12-10;21;0.0;0.0
5;2025-12-10;22;0.0;0.0
5;2025-12-10;23;0.0;0.0
5;2025-12-11;0;0.0;0.0
5;2025-12-11;1;0.0;0.0
5;2025-12-11;2;0.0;0.0
5;2025-12-11;3;0.0;0.0
5;2025-12-11;4;0.0;0.0
5;2025-12-11;5;0.0;0.0
5;2025-12-11;6;0.0;0.0
5;2025-12-11;7;0.0;0.0
5;2025-12-11;8;0.0;0.0
5;2025-12-11;9;0.0;0.0
5;2025-12-11;10;0.0;0.0
5;2025-12-11;11;0.0;0.0
5;2025-12-11;12;0.0;0.0
5;2025-12-11;13;0.0;0.0
5;2025-12-11;14;0.0;0.0
5;2025-12-11;15;0.0;0.0
5;2025-12-11;16;0.0;0.0
5;2025-12-11;17;0.0;0.0
5;2025-12-11;18;0.0;0.0
5;2025-12-11;19;0.0;0.0
5;2025-12-11;20;0.0;0.0
5;2025-12-11;21;0.0;0.0
5;2025-12-11;22;0.0;0.0
5;2025-12-11;23;0.0;0.0
5;2025-12-12;0;0.0;0.0
5;2025-12-12;1;0.0;0.0
5;2025-12-12;2;0.0;0.0
5;2025-12-12;3;0.0;0.0
5;2025-12-12;4;0.0;0.0
5;2025-12-12;5;0.0;0.0
5;2025-12-12;6;0.0;0.0
5;2025-12-12;7;0.0;0.0
5;2025-12-12;8;0.0;0.0
5;2025-12-12;9;0.0;0.0
5;2025-12-12;10;0.0;0.0
5;2025-12-12;11;0.0;0.0
5;2025-12-12;12;0.0;0.0
5;2025-12-12;13;0.0;0.0
5;2025-12-12;14;0.0;0.0
5;2025-12-12;15;0.0;0.0
5;2025-12-12;16;0.0;0.0
5;2025-12-12;17;0.0;0.0
5;2025-12-12;18;0.0;0.0
5;2025-12-12;19;0.0;0.0
5;2025-12-12;20;0.0;0.0
5;2025-12-12;21;0.0;0.0
5;2025-12-12;22;0.0;0.0
5;2025-12-12;23;0.0;0.0
5;2025-12-13;0;0.0;0.0
5;2025-12-13;1;0.0;0.0
5;2025-12-13;2;0.0;0.0
5;2025-12-13;3;0.0;0.0
5;2025-12-13;4;0.0;0.0
5;2025-12-13;5;0.0;0.0
5;2025-12-13;6;0.0;0.0
5;2025-12-13;7;0.0;0.0
5;2025-12-13;8;0.0;0.0
5;2025-12-13;9;0.0;0.0
5;2025-12-13;10;0.0;0.0
5;2025-12-13;11;0.0;0.0
5;2025-12-13;12;0.0;0.0
5;2025-12-13;13;0.0;0.0
5;2025-12-13;14;0.0;0.0
5;2025-12-13;15;0.0;0.0
5;2025-12-13;16;0.0;0.0
5;2025-12-13;17;0.0;0.0
5;2025-12-13;18;0.0;0.0
5;2025-12-13;19;0.0;0.0
5;2025-12-13;20;0.0;0.0
5;2025-12-13;21;0.0;0.0
5;2025-12-13;22;0.0;0.0
5;2025-12-13;23;0.0;0.0
5;2025-12-14;0;0.0;0.0
5;2025-12-14;1;0.0;0.0
5;2025-12-14;2;0.0;0.0
5;2025-12-14;3;0.0;0.0
5;2025-12-14;4;0.0;0.0
5;2025-12-14;5;0.0;0.0
5;2025-12-14;6;0.0;0.0
5;2025-12-14;7;0.0;0.0
5;2025-12-14;8;0.0;0.0
5;2025-12-14;9;0.0;0.0
5;2025-12-14;10;0.0;0.0
5;2025-12-14;11;0.0;0.0
5;2025-12-14;12;0.0;0.0
5;2025-12-14;13;0.0;0.0
5;2025-12-14;14;0.0;0.0
5;2025-12-14;15;0.0;0.0
5;2025-12-14;16;0.0;0.0
5;2025-12-14;17;0.0;0.0
5;2025-12-14;18;0.0;0.0
5;2025-12-14;19;0.0;0.0
5;2025-12-14;20;0.0;0.0
5;2025-12-14;21;0.0;0.0
5;2025-12-14;22;0.0;0.0
5;2025-12-14;23;0.0;0.0
5;2025-12-15;0;0.0;0.0
5;2025-12-15;1;0.0;0.0
5;2025-12-15;2;0.0;0.0
5;2025-12-15;3;0.0;0.0
5;2025-12-15;4;0.0;0.0
5;2025-12-15;5;0.0;0.0
5;2025-12-15;6;0.0;0.0
5;2025-12-15;7;0.0;0.0
5;2025-12-15;8;0.0;0.0
5;2025-12-15;9;0.0;0.0
5;2025-12-15;10;0.0;0.0
5;2025-12-15;11;0.0;0.0
5;2025-12-15;12;0.0;0.0
5;2025-12-15;13;0.0;0.0
5;2025-12-15;14;0.0;0.0
5;2025-12-15;15;0.0;0.0
5;2025-12-15;16;0.0;0.0
5;2025-12-15;17;0.0;0.0
5;2025-12-15;18;0.0;0.0
5;2025-12-15;19;0.0;0.0
5;2025-12-15;20;0.0;0.0
5;2025-12-15;21;0.0;0.0
5;2025-12-15;22;0.0;0.0
5;2025-12-15;23;0.0;0.0
5;2025-12-16;0;0.0;0.0
5;2025-12-16;1;0.0;0.0
5;2025-12-16;2;0.0;0.0
5;2025-12-16;3;0.0;0.0
5;2025-12-16;4;0.0;0.0
5;2025-12-16;5;0.0;0.0
5;2025-12-16;6;0.0;0.0
5;2025-12-16;7;0.0;0.0
5;2025-12-16;8;0.0;0.0
5;2025-12-16;9;0.0;0.0
5;2025-12-16;10;0.0;0.0
5;2025-12-16;11;0.0;0.0
5;2025-12-16;12;0.0;0.0
5;2025-12-16;13;0.0;0.0
5;2025-12-16;14;0.0;0.0
5;2025-12-16;15;0.0;0.0
5;2025-12-16;16;0.0;0.0
5;2025-12-16;17;0.0;0.0
5;2025-12-16;18;0.0;0.0
5;2025-12-16;19;0.0;0.0
5;2025-12-16;20;0.0;0.0
5;2025-12-16;21;0.0;0.0
5;2025-12-16;22;0.0;0.0
5;2025-12-16;23;0.0;0.0
5;2025-12-17;0;0.0;0.0
5;2025-12-17;1;0.0;0.0
5;2025-12-17;2;0.0;0.0
5;2025-12-17;3;0.0;0.0
5;2025-12-17;4;0.0;0.0
5;2025-12-17;5;0.0;0.0
5;2025-12-17;6;0.0;0.0
5;2025-12-17;7;0.0;0.0
5;2025-12-17;8;0.0;0.0
5;2025-12-17;9;0.0;0.0
5;2025-12-17;10;0.0;0.0
5;2025-12-17;11;0.0;0.0
5;2025-12-17;12;0.0;0.0
5;2025-12-17;13;0.0;0.0
5;2025-12-17;14;0.0;0.0
5;2025-12-17;15;0.0;0.0
5;2025-12-17;16;0.0;0.0
5;2025-12-17;17;0.0;0.0
5;2025-12-17;18;0.0;0.0
5;2025-12-17;19;0.0;0.0
5;2025-12-17;20;0.0;0.0
5;2025-12-17;21;0.0;0.0
5;2025-12-17;22;0.0;0.0
5;2025-12-17;23;0.0;0.0
5;2025-12-18;0;0.0;0.0
5;2025-12-18;1;0.0;0.0
5;2025-12-18;2;0.0;0.0
5;2025-12-18;3;0.0;0.0
5;2025-12-18;4;0.0;0.0
5;2025-12-18;5;0.0;0.0
5;2025-12-18;6;0.0;0.0
5;2025-12-18;7;0.0;0.0
5;2025-12-18;8;0.0;0.0
5;2025-12-18;9;0.0;0.0
5;2025-12-18;10;0.0;0.0
5;2025-12-18;11;0.0;0.0
5;2025-12-18;12;0.0;0.0
5;2025-12-18;13;0.0;0.0
5;2025-12-18;14;0.0;0.0
5;2025-12-18;15;0.0;0.0
5;2025-12-18;16;0.0;0.0
5;2025-12-18;17;0.0;0.0
5;2025-12-18;18;0.0;0.0
5;2025-12-18;19;0.0;0.0
5;2025-12-18;20;0.0;0.0
5;2025-12-18;21;0.0;0.0
5;2025-12-18;22;0.0;0.0
5;2025-12-18;23;0.0;0.0
5;2025-12-19;0;0.0;0.0
5;2025-12-19;1;0.0;0.0
5;2025-12-19;2;0.0;0.0
5;2025-12-19;3;0.0;0.0
5;2025-12-19;4;0.0;0.0
5;2025-12-19;5;0.0;0.0
5;2025-12-19;6;0.0;0.0
5;2025-12-19;7;0.0;0.0
5;2025-12-19;8;0.0;0.0
5;2025-12-19;9;0.0;0.0
5;2025-12-19;10;0.0;0.0
5;2025-12-19;11;0.0;0.0
5;2025-12-19;12;0.0;0.0
5;2025-12-19;13;0.0;0.0
5;2025-12-19;14;0.0;0.0
5;2025-12-19;15;0.0;0.0
5;2025-12-19;16;0.0;0.0
5;2025-12-19;17;0.0;0.0
5;2025-12-19;18;0.0;0.0
5;2025-12-19;19;0.0;0.0
5;2025-12-19;20;0.0;0.0
5;2025-12-19;21;0.0;0.0
5;2025-12-19;22;0.0;0.0
5;2025-12-19;23;0.0;0.0
5;2025-12-20;0;0.0;0.0
5;2025-12-20;1;0.0;0.0
5;2025-12-20;2;0.0;0.0
5;2025-12-20;3;0.0;0.0
5;2025-12-20;4;0.0;0.0
5;2025-12-20;5;0.0;0.0
5;2025-12-20;6;0.0;0.0
5;2025-12-20;7;0.0;0.0
5;2025-12-20;8;0.0;0.0
5;2025-12-20;9;0.0;0.0
5;2025-12-20;10;0.0;0.0
5;2025-12-20;11;0.0;0.0
5;2025-12-20;12;0.0;0.0
5;2025-12-20;13;0.0;0.0
5;2025-12-20;14;0.0;0.0
5;2025-12-20;15;0.0;0.0
5;2025-12-20;16;0.0;0.0
5;2025-12-20;17;0.0;0.0
5;2025-12-20;18;0.0;0.0
5;2025-12-20;19;0.0;0.0
5;2025-12-20;20;0.0;0.0
5;2025-12-20;21;0.0;0.0
5;2025-12-20;22;0.0;0.0
5;2025-12-20;23;0.0;0.0
5;2025-12-21;0;0.0;0.0
5;2025-12-21;1;0.0;0.0
5;2025-12-21;2;0.0;0.0
5;2025-12-21;3;0.0;0.0
5;2025-12-21;4;0.0;0.0
5;2025-12-21;5;0.0;0.0
5;2025-12-21;6;0.0;0.0
5;2025-12-21;7;0.0;0.0
5;2025-12-21;8;0.0;0.0
5;2025-12-21;9;0.0;0.0
5;2025-12-21;10;0.0;0.0
5;2025-12-21;11;0.0;0.0
5;2025-12-21;12;0.0;0.0
5;2025-12-21;13;0.0;0.0
5;2025-12-21;14;0.0;0.0
5;2025-12-21;15;0.0;0.0
5;2025-12-21;16;0.0;0.0
5;2025-12-21;17;0.0;0.0
5;2025-12-21;18;0.0;0.0
5;2025-12-21;19;0.0;0.0
5;2025-12-21;20;0.0;0.0
5;2025-12-21;21;0.0;0.0
5;2025-12-21;22;0.0;0.0
5;2025-12-21;23;0.0;0.0
5;2025-12-22;0;0.0;0.0
5;2025-12-22;1;0.0;0.0
5;2025-12-22;2;0.0;0.0
5;2025-12-22;3;0.0;0.0
5;2025-12-22;4;0.0;0.0
5;2025-12-22;5;0.0;0.0
5;2025-12-22;6;0.0;0.0
5;2025-12-22;7;0.0;0.0
5;2025-12-22;8;0.0;0.0
5;2025-12-22;9;0.0;0.0
5;2025-12-22;10;0.0;0.0
5;2025-12-22;11;0.0;0.0
5;2025-12-22;12;0.0;0.0
5;2025-12-22;13;0.0;0.0
5;2025-12-22;14;0.0;0.0
5;2025-12-22;15;0.0;0.0
5;2025-12-22;16;0.0;0.0
5;2025-12-22;17;0.0;0.0
5;2025-12-22;18;0.0;0.0
5;2025-12-22;19;0.0;0.0
5;2025-12-22;20;0.0;0.0
5;2025-12-22;21;0.0;0.0
5;2025-12-22;22;0.0;0.0
5;2025-12-22;23;0.0;0.0
5;2025-12-23;0;0.0;0.0
5;2025-12-23;1;0.0;0.0
5;2025-12-23;2;0.0;0.0
5;2025-12-23;3;0.0;0.0
5;2025-12-23;4;0.0;0.0
5;2025-12-23;5;0.0;0.0
5;2025-12-23;6;0.0;0.0
5;2025-12-23;7;0.0;0.0
5;2025-12-23;8;0.0;0.0
5;2025-12-23;9;0.0;0.0
5;2025-12-23;10;0.0;0.0
5;2025-12-23;11;0.0;0.0
5;2025-12-23;12;0.0;0.0
5;2025-12-23;13;0.0;0.0
5;2025-12-23;14;0.0;0.0
5;2025-12-23;15;0.0;0.0
5;2025-12-23;16;0.0;0.0
5;2025-12-23;17;0.0;0.0
5;2025-12-23;18;0.0;0.0
5;2025-12-23;19;0.0;0.0
5;2025-12-23;20;0.0;0.0
5;2025-12-23;21;0.0;0.0
5;2025-12-23;22;0.0;0.0
5;2025-12-23;23;0.0;0.0
5;2025-12-24;0;0.0;0.0
5;2025-12-24;1;0.0;0.0
5;2025-12-24;2;0.0;0.0
5;2025-12-24;3;0.0;0.0
5;2025-12-24;4;0.0;0.0
5;2025-12-24;5;0.0;0.0
5;2025-12-24;6;0.0;0.0
5;2025-12-24;7;0.0;0.0
5;2025-12-24;8;0.0;0.0
5;2025-12-24;9;0.0;0.0
5;2025-12-24;10;0.0;0.0
5;2025-12-24;11;0.0;0.0
5;2025-12-24;12;0.0;0.0
5;2025-12-24;13;0.0;0.0
5;2025-12-24;14;0.0;0.0
5;2025-12-24;15;0.0;0.0
5;2025-12-24;16;0.0;0.0
5;2025-12-24;17;0.0;0.0
5;2025-12-24;18;0.0;0.0
5;2025-12-24;19;0.0;0.0
5;2025-12-24;20;0.0;0.0
5;2025-12-24;21;0.0;0.0
5;2025-12-24;22;0.0;0.0
5;2025-12-24;23;0.0;0.0
5;2025-12-25;0;0.0;0.0
5;2025-12-25;1;0.0;0.0
5;2025-12-25;2;0.0;0.0
5;2025-12-25;3;0.0;0.0
5;2025-12-25;4;0.0;0.0
5;2025-12-25;5;0.0;0.0
5;2025-12-25;6;0.0;0.0
5;2025-12-25;7;0.0;0.0
5;2025-12-25;8;0.0;0.0
5;2025-12-25;9;0.0;0.0
5;2025-12-25;10;0.0;0.0
5;2025-12-25;11;0.0;0.0
5;2025-12-25;12;0.0;0.0
5;2025-12-25;13;0.0;0.0
5;2025-12-25;14;0.0;0.0
5;2025-12-25;15;0.0;0.0
5;2025-12-25;16;0.0;0.0
5;2025-12-25;17;0.0;0.0
5;2025-12-25;18;0.0;0.0
5;2025-12-25;19;0.0;0.0
5;2025-12-25;20;0.0;0.0
5;2025-12-25;21;0.0;0.0
5;2025-12-25;22;0.0;0.0
5;2025-12-25;23;0.0;0.0
5;2025-12-26;0;0.0;0.0
5;2025-12-26;1;0.0;0.0
5;2025-12-26;2;0.0;0.0
5;2025-12-26;3;0.0;0.0
5;2025-12-26;4;0.0;0.0
5;2025-12-26;5;0.0;0.0
5;2025-12-26;6;0.0;0.0
5;2025-12-26;7;0.0;0.0
5;2025-12-26;8;0.0;0.0
5;2025-12-26;9;0.0;0.0
5;2025-12-26;10;0.0;0.0
5;2025-12-26;11;0.0;0.0
5;2025-12-26;12;0.0;0.0
5;2025-12-26;13;0.0;0.0
5;2025-12-26;14;0.0;0.0
5;2025-12-26;15;0.0;0.0
5;2025-12-26;16;0.0;0.0
5;2025-12-26;17;0.0;0.0
5;2025-12-26;18;0.0;0.0
5;2025-12-26;19;0.0;0.0
5;2025-12-26;20;0.0;0.0
5;2025-12-26;21;0.0;0.0
5;2025-12-26;22;0.0;0.0
5;2025-12-26;23;0.0;0.0
5;2025-12-27;0;0.0;0.0
5;2025-12-27;1;0.0;0.0
5;2025-12-27;2;0.0;0.0
5;2025-12-27;3;0.0;0.0
5;2025-12-27;4;0.0;0.0
5;2025-12-27;5;0.0;0.0
5;2025-12-27;6;0.0;0.0
5;2025-12-27;7;0.0;0.0
5;2025-12-27;8;0.0;0.0
5;2025-12-27;9;0.0;0.0
5;2025-12-27;10;0.0;0.0
5;2025-12-27;11;0.0;0.0
5;2025-12-27;12;0.0;0.0
5;2025-12-27;13;0.0;0.0
5;2025-12-27;14;0.0;0.0
5;2025-12-27;15;0.0;0.0
5;2025-12-27;16;0.0;0.0
5;2025-12-27;17;0.0;0.0
5;2025-12-27;18;0.0;0.0
5;2025-12-27;19;0.0;0.0
5;2025-12-27;20;0.0;0.0
5;2025-12-27;21;0.0;0.0
5;2025-12-27;22;0.0;0.0
5;2025-12-27;23;0.0;0.0
5;2025-12-28;0;0.0;0.0
5;2025-12-28;1;0.0;0.0
5;2025-12-28;2;0.0;0.0
5;2025-12-28;3;0.0;0.0
5;2025-12-28;4;0.0;0.0
5;2025-12-28;5;0.0;0.0
5;2025-12-28;6;0.0;0.0
5;2025-12-28;7;0.0;0.0
5;2025-12-28;8;0.0;0.0
5;2025-12-28;9;0.0;0.0
5;2025-12-28;10;0.0;0.0
5;2025-12-28;11;0.0;0.0
5;2025-12-28;12;0.0;0.0
5;2025-12-28;13;0.0;0.0
5;2025-12-28;14;0.0;0.0
5;2025-12-28;15;0.0;0.0
5;2025-12-28;16;0.0;0.0
5;2025-12-28;17;0.0;0.0
5;2025-12-28;18;0.0;0.0
5;2025-12-28;19;0.0;0.0
5;2025-12-28;20;0.0;0.0
5;2025-12-28;21;0.0;0.0
5;2025-12-28;22;0.0;0.0
5;2025-12-28;23;0.0;0.0
5;2025-12-29;0;0.0;0.0
5;2025-12-29;1;0.0;0.0
5;2025-12-29;2;0.0;0.0
5;2025-12-29;3;0.0;0.0
5;2025-12-29;4;0.0;0.0
5;2025-12-29;5;0.0;0.0
5;2025-12-29;6;0.0;0.0
5;2025-12-29;7;0.0;0.0
5;2025-12-29;8;0.0;0.0
5;2025-12-29;9;0.0;0.0
5;2025-12-29;10;0.0;0.0
5;2025-12-29;11;0.0;0.0
5;2025-12-29;12;0.0;0.0
5;2025-12-29;13;0.0;0.0
5;2025-12-29;14;0.0;0.0
5;2025-12-29;15;0.0;0.0
5;2025-12-29;16;0.0;0.0
5;2025-12-29;17;0.0;0.0
5;2025-12-29;18;0.0;0.0
5;2025-12-29;19;0.0;0.0
5;2025-12-29;20;0.0;0.0
5;2025-12-29;21;0.0;0.0
5;2025-12-29;22;0.0;0.0
5;2025-12-29;23;0.0;0.0
5;2025-12-30;0;0.0;0.0
5;2025-12-30;1;0.0;0.0
5;2025-12-30;2;0.0;0.0
5;2025-12-30;3;0.0;0.0
5;2025-12-30;4;0.0;0.0
5;2025-12-30;5;0.0;0.0
5;2025-12-30;6;0.0;0.0
5;2025-12-30;7;0.0;0.0
5;2025-12-30;8;0.0;0.0
5;2025-12-30;9;0.0;0.0
5;2025-12-30;10;0.0;0.0
5;2025-12-30;11;0.0;0.0
5;2025-12-30;12;0.0;0.0
5;2025-12-30;13;0.0;0.0
5;2025-12-30;14;0.0;0.0
5;2025-12-30;15;0.0;0.0
5;2025-12-30;16;0.0;0.0
5;2025-12-30;17;0.0;0.0
5;2025-12-30;18;0.0;0.0
5;2025-12-30;19;0.0;0.0
5;2025-12-30;20;0.0;0.0
5;2025-12-30;21;0.0;0.0
5;2025-12-30;22;0.0;0.0
5;2025-12-30;23;0.0;0.0
5;2025-12-31;0;0.0;0.0
5;2025-12-31;1;0.0;0.0
5;2025-12-31;2;0.0;0.0
5;2025-12-31;3;0.0;0.0
5;2025-12-31;4;0.0;0.0
5;2025-12-31;5;0.0;0.0
5;2025-12-31;6;0.0;0.0
5;2025-12-31;7;0.0;0.0
5;2025-12-31;8;0.0;0.0
5;2025-12-31;9;0.0;0.0
5;2025-12-31;10;0.0;0.0
5;2025-12-31;11;0.0;0.0
5;2025-12-31;12;0.0;0.0
5;2025-12-31;13;0.0;0.0
5;2025-12-31;14;0.0;0.0
5;2025-12-31;15;0.0;0.0
5;2025-12-31;16;0.0;0.0
5;2025-12-31;17;0.0;0.0
5;2025-12-31;18;0.0;0.0
5;2025-12-31;19;0.0;0.0
5;2025-12-31;20;0.0;0.0
5;2025-12-31;21;0.0;0.0
5;2025-12-31;22;0.0;0.0
5;2025-12-31;23;0.0;0.0
7;2025-11-01;0;71.028591;70.486507
7;2025-11-01;1;14.985193;14.870827
7;2025-11-01;2;0.0;0.0
7;2025-11-01;3;0.0;0.0
7;2025-11-01;4;1.181613;1.172595
7;2025-11-01;5;206.82955;205.251044
7;2025-11-01;6;711.027735;705.601233
7;2025-11-01;7;1652.252609;1639.642761
7;2025-11-01;8;2388.943032;2370.710826
7;2025-11-01;9;1817.677229;1803.804874
7;2025-11-01;10;1576.993083;1564.957609
7;2025-11-01;11;1515.294167;1503.729573
7;2025-11-01;12;1568.336898;1556.367486
7;2025-11-01;13;1699.601085;1686.629877
7;2025-11-01;14;1718.883237;1705.764869
7;2025-11-01;15;1843.755067;1829.683688
7;2025-11-01;16;2041.869484;2026.286113
7;2025-11-01;17;2276.020978;2258.650583
7;2025-11-01;18;2156.20227;2139.746321
7;2025-11-01;19;1625.001996;1612.600122
7;2025-11-01;20;1111.203796;1102.723185
7;2025-11-01;21;674.72726;669.5778
7;2025-11-01;22;388.430491;385.466023
7;2025-11-01;23;251.692842;249.771944
7;2025-11-02;0;115.297263;111.045038
7;2025-11-02;1;21.04946;20.273145
7;2025-11-02;2;0.0;0.0
7;2025-11-02;3;0.0;0.0
7;2025-11-02;4;0.699899;0.674086
7;2025-11-02;5;48.662977;46.86826
7;2025-11-02;6;256.916637;247.441413
7;2025-11-02;7;421.588723;406.040304
7;2025-11-02;8;659.29778;634.982523
7;2025-11-02;9;721.663879;695.048527
7;2025-11-02;10;807.51936;777.737612
7;2025-11-02;11;979.368214;943.248587
7;2025-11-02;12;1076.858154;1037.143047
7;2025-11-02;13;1168.474342;1125.38038
7;2025-11-02;14;1210.756723;1166.103364
7;2025-11-02;15;1148.108032;1105.765191
7;2025-11-02;16;1024.623202;986.834547
7;2025-11-02;17;1011.822779;974.506211
7;2025-11-02;18;1037.208197;998.955401
7;2025-11-02;19;980.976252;944.79732
7;2025-11-02;20;778.557421;749.843805
7;2025-11-02;21;608.15541;585.726312
7;2025-11-02;22;347.109519;334.307933
7;2025-11-02;23;192.632565;185.528172
7;2025-11-03;0;112.356169;108.381504
7;2025-11-03;1;20.512514;19.786872
7;2025-11-03;2;0.0;0.0
7;2025-11-03;3;0.0;0.0
7;2025-11-03;4;0.682045;0.657918
7;2025-11-03;5;47.421643;45.744074
7;2025-11-03;6;250.363003;241.506265
7;2025-11-03;7;410.834502;396.30099
7;2025-11-03;8;642.479887;619.751783
7;2025-11-03;9;703.255103;678.37704
7;2025-11-03;10;786.920513;759.082737
7;2025-11-03;11;954.38571;920.623754
7;2025-11-03;12;1049.3888;1012.266054
7;2025-11-03;13;1138.667969;1098.38692
7;2025-11-03;14;1179.871777;1138.133119
7;2025-11-03;15;1118.821179;1079.242222
7;2025-11-03;16;998.486298;963.164258
7;2025-11-03;17;986.012398;951.13163
7;2025-11-03;18;1010.750265;974.99438
7;2025-11-03;19;955.952729;922.135339
7;2025-11-03;20;758.697359;731.857993
7;2025-11-03;21;592.642098;571.677035
7;2025-11-03;22;338.255173;326.289198
7;2025-11-03;23;187.71874;181.078079
7;2025-11-04;0;111.041512;107.940732
7;2025-11-04;1;20.272501;19.706401
7;2025-11-04;2;0.0;0.0
7;2025-11-04;3;0.0;0.0
7;2025-11-04;4;0.674065;0.655242
7;2025-11-04;5;46.866772;45.55804
7;2025-11-04;6;247.433556;240.524095
7;2025-11-04;7;406.027411;394.689293
7;2025-11-04;8;634.96236;617.231346
7;2025-11-04;9;695.026457;675.618182
7;2025-11-04;10;777.712916;755.995662
7;2025-11-04;11;943.218636;916.879716
7;2025-11-04;12;1037.110114;1008.14932
7;2025-11-04;13;1125.344646;1093.919945
7;2025-11-04;14;1166.066336;1133.504502
7;2025-11-04;15;1105.730079;1074.853106
7;2025-11-04;16;986.803212;959.247213
7;2025-11-04;17;974.475267;947.26352
7;2025-11-04;18;998.923681;971.029224
7;2025-11-04;19;944.76732;918.385153
7;2025-11-04;20;749.819995;728.881637
7;2025-11-04;21;585.707713;569.352111
7;2025-11-04;22;334.297318;324.962228
7;2025-11-04;23;185.522281;180.341662
7;2025-11-05;0;66.019215;64.82932
7;2025-11-05;1;13.714073;13.466898
7;2025-11-05;2;0.0;0.0
7;2025-11-05;3;0.0;0.0
7;2025-11-05;4;2.152773;2.113973
7;2025-11-05;5;225.143162;221.085302
7;2025-11-05;6;725.268899;712.197041
7;2025-11-05;7;1687.636664;1657.219603
7;2025-11-05;8;2581.661216;2535.130734
7;2025-11-05;9;1961.602312;1926.24744
7;2025-11-05;10;1696.466036;1665.889839
7;2025-11-05;11;1487.796156;1460.980914
7;2025-11-05;12;1570.731969;1542.421936
7;2025-11-05;13;1577.206785;1548.780053
7;2025-11-05;14;1615.791168;1586.669012
7;2025-11-05;15;1785.669642;1753.485687
7;2025-11-05;16;1864.27665;1830.675924
7;2025-11-05;17;2414.095477;2370.585111
7;2025-11-05;18;2743.787045;2694.334494
7;2025-11-05;19;1858.312024;1824.818801
7;2025-11-05;20;1207.703494;1185.936492
7;2025-11-05;21;700.233041;687.612415
7;2025-11-05;22;400.867463;393.642442
7;2025-11-05;23;217.484395;213.564572
7;2025-11-06;0;68.931941;68.363262
7;2025-11-06;1;15.862924;15.732057
7;2025-11-06;2;0.0;0.0
7;2025-11-06;3;0.0;0.0
7;2025-11-06;4;1.473105;1.460952
7;2025-11-06;5;205.402242;203.7077
7;2025-11-06;6;752.305244;746.098821
7;2025-11-06;7;1620.729102;1607.358293
7;2025-11-06;8;2491.031118;2470.480428
7;2025-11-06;9;1818.007576;1803.009245
7;2025-11-06;10;1534.631872;1521.971354
7;2025-11-06;11;1416.885048;1405.195927
7;2025-11-06;12;1489.117891;1476.832858
7;2025-11-06;13;1526.151629;1513.561072
7;2025-11-06;14;1575.058851;1562.064816
7;2025-11-06;15;1646.471678;1632.888496
7;2025-11-06;16;1758.525713;1744.0181
7;2025-11-06;17;2232.712995;2214.293397
7;2025-11-06;18;2706.464962;2684.13697
7;2025-11-06;19;1773.561292;1758.929637
7;2025-11-06;20;1109.70109;1100.546197
7;2025-11-06;21;696.135359;690.392331
7;2025-11-06;22;334.332369;331.574169
7;2025-11-06;23;214.126528;212.360011
7;2025-11-07;0;69.196401;68.65885
7;2025-11-07;1;14.598648;14.485239
7;2025-11-07;2;0.0;0.0
7;2025-11-07;3;0.0;0.0
7;2025-11-07;4;1.151133;1.14219
7;2025-11-07;5;201.494359;199.929055
7;2025-11-07;6;692.686697;687.305576
7;2025-11-07;7;1609.632573;1597.128179
7;2025-11-07;8;2327.319987;2309.240254
7;2025-11-07;9;1770.790047;1757.033705
7;2025-11-07;10;1536.314375;1524.379552
7;2025-11-07;11;1476.206989;1464.739109
7;2025-11-07;12;1527.881477;1516.012164
7;2025-11-07;13;1655.75969;1642.896959
7;2025-11-07;14;1674.544456;1661.535796
7;2025-11-07;15;1796.195204;1782.241503
7;2025-11-07;16;1989.199238;1973.746189
7;2025-11-07;17;2217.310769;2200.085641
7;2025-11-07;18;2100.582798;2084.264468
7;2025-11-07;19;1583.084893;1570.786734
7;2025-11-07;20;1082.540173;1074.130485
7;2025-11-07;21;657.322597;652.216201
7;2025-11-07;22;378.410884;375.471208
7;2025-11-07;23;245.200398;243.295564
7;2025-11-08;0;114.293968;115.333669
7;2025-11-08;1;30.200629;30.475356
7;2025-11-08;2;0.0;0.0
7;2025-11-08;3;0.0;0.0
7;2025-11-08;4;0.811072;0.81845
7;2025-11-08;5;66.286401;66.88939
7;2025-11-08;6;331.371372;334.385766
7;2025-11-08;7;522.619591;527.373718
7;2025-11-08;8;867.206508;875.095247
7;2025-11-08;9;906.153255;914.396282
7;2025-11-08;10;1001.795188;1010.908244
7;2025-11-08;11;1138.104632;1148.457657
7;2025-11-08;12;1282.026496;1293.688739
7;2025-11-08;13;1268.271048;1279.808161
7;2025-11-08;14;1354.182915;1366.501544
7;2025-11-08;15;1247.966572;1259.318981
7;2025-11-08;16;1179.414178;1190.142985
7;2025-11-08;17;1150.357925;1160.822414
7;2025-11-08;18;1150.357925;1160.822414
7;2025-11-08;19;1101.788192;1111.810856
7;2025-11-08;20;818.416096;825.861002
7;2025-11-08;21;654.34697;660.299384
7;2025-11-08;22;364.423636;367.738697
7;2025-11-08;23;248.48042;250.740778
7;2025-11-09;0;111.969485;111.597228
7;2025-11-09;1;19.455254;19.390573
7;2025-11-09;2;0.0;0.0
7;2025-11-09;3;0.0;0.0
7;2025-11-09;4;0.0;0.0
7;2025-11-09;5;42.157625;42.017466
7;2025-11-09;6;211.963243;211.258544
7;2025-11-09;7;320.91419;319.847271
7;2025-11-09;8;533.224036;531.451265
7;2025-11-09;9;645.949752;643.80221
7;2025-11-09;10;700.115045;697.787424
7;2025-11-09;11;893.936961;890.964954
7;2025-11-09;12;975.753308;972.509292
7;2025-11-09;13;1004.981325;1001.640137
7;2025-11-09;14;1069.992994;1066.435667
7;2025-11-09;15;1058.970505;1055.449824
7;2025-11-09;16;937.762257;934.644547
7;2025-11-09;17;962.28033;959.081107
7;2025-11-09;18;945.928437;942.783578
7;2025-11-09;19;802.182171;799.515215
7;2025-11-09;20;674.28326;672.04152
7;2025-11-09;21;510.034774;508.339099
7;2025-11-09;22;292.870439;291.896754
7;2025-11-09;23;182.265011;181.659048
7;2025-11-10;0;73.456824;73.043321
7;2025-11-10;1;13.594438;13.517912
7;2025-11-10;2;0.0;0.0
7;2025-11-10;3;0.0;0.0
7;2025-11-10;4;1.354437;1.346812
7;2025-11-10;5;220.263848;219.023937
7;2025-11-10;6;738.962401;734.802629
7;2025-11-10;7;1662.970347;1653.609144
7;2025-11-10;8;2464.728028;2450.853565
7;2025-11-10;9;1864.548909;1854.052979
7;2025-11-10;10;1549.298379;1540.577059
7;2025-11-10;11;1364.065957;1356.387349
7;2025-11-10;12;1475.043017;1466.739696
7;2025-11-10;13;1480.296324;1471.963431
7;2025-11-10;14;1492.555419;1484.153517
7;2025-11-10;15;1634.077123;1624.878566
7;2025-11-10;16;1773.926521;1763.940723
7;2025-11-10;17;2279.656511;2266.823854
7;2025-11-10;18;2631.67791;2616.863652
7;2025-11-10;19;1773.664616;1763.680292
7;2025-11-10;20;1120.372879;1114.066069
7;2025-11-10;21;634.055256;630.486028
7;2025-11-10;22;324.349426;322.523596
7;2025-11-10;23;193.162827;192.075473
7;2025-11-11;0;59.608849;59.208234
7;2025-11-11;1;13.335217;13.245595
7;2025-11-11;2;0.0;0.0
7;2025-11-11;3;0.0;0.0
7;2025-11-11;4;2.046907;2.033151
7;2025-11-11;5;227.595225;226.065615
7;2025-11-11;6;756.173444;751.091395
7;2025-11-11;7;1725.213385;1713.618665
7;2025-11-11;8;2567.406554;2550.151667
7;2025-11-11;9;1904.042879;1891.246291
7;2025-11-11;10;1659.025907;1647.876016
7;2025-11-11;11;1523.170357;1512.933516
7;2025-11-11;12;1570.303909;1559.750296
7;2025-11-11;13;1577.607649;1567.004949
7;2025-11-11;14;1589.004075;1578.324782
7;2025-11-11;15;1757.736677;1745.923375
7;2025-11-11;16;1822.533025;1810.284244
7;2025-11-11;17;2371.997525;2356.055933
7;2025-11-11;18;2701.97278;2683.813508
7;2025-11-11;19;1906.408103;1893.595619
7;2025-11-11;20;1188.926206;1180.935735
7;2025-11-11;21;709.364501;704.597042
7;2025-11-11;22;365.400838;362.945071
7;2025-11-11;23;202.895264;201.531656
7;2025-11-12;0;64.787674;64.374732
7;2025-11-12;1;13.458247;13.372467
7;2025-11-12;2;0.0;0.0
7;2025-11-12;3;0.0;0.0
7;2025-11-12;4;2.112615;2.09915
7;2025-11-12;5;220.943279;219.535035
7;2025-11-12;6;711.739532;707.203062
7;2025-11-12;7;1656.155022;1645.599056
7;2025-11-12;8;2533.502191;2517.354209
7;2025-11-12;9;1925.010038;1912.74045
7;2025-11-12;10;1664.819688;1654.208496
7;2025-11-12;11;1460.042394;1450.736407
7;2025-11-12;12;1541.431099;1531.606359
7;2025-11-12;13;1547.785132;1537.919893
7;2025-11-12;14;1585.649751;1575.543171
7;2025-11-12;15;1752.359265;1741.190115
7;2025-11-12;16;1829.499916;1817.839088
7;2025-11-12;17;2369.06227;2353.962392
7;2025-11-12;18;2692.60368;2675.44162
7;2025-11-12;19;1823.646556;1812.023036
7;2025-11-12;20;1185.174658;1177.620617
7;2025-11-12;21;687.1707;682.790826
7;2025-11-12;22;393.38957;390.882192
7;2025-11-12;23;213.42738;212.067042
7;2025-11-13;0;70.83347;69.684447
7;2025-11-13;1;16.300512;16.036094
7;2025-11-13;2;0.0;0.0
7;2025-11-13;3;0.0;0.0
7;2025-11-13;4;1.513741;1.489186
7;2025-11-13;5;211.068386;207.644547
7;2025-11-13;6;773.058035;760.517899
7;2025-11-13;7;1665.437886;1638.42204
7;2025-11-13;8;2559.747704;2518.224842
7;2025-11-13;9;1868.158405;1837.854135
7;2025-11-13;10;1576.965612;1551.384916
7;2025-11-13;11;1455.970671;1432.352691
7;2025-11-13;12;1530.196101;1505.374075
7;2025-11-13;13;1568.251436;1542.812098
7;2025-11-13;14;1618.507793;1592.253223
7;2025-11-13;15;1691.890586;1664.445639
7;2025-11-13;16;1807.035699;1777.722929
7;2025-11-13;17;2294.303721;2257.08675
7;2025-11-13;18;2781.12442;2736.010502
7;2025-11-13;19;1822.486043;1792.922646
7;2025-11-13;20;1140.31286;1121.815312
7;2025-11-13;21;715.33867;703.734828
7;2025-11-13;22;343.555128;337.98216
7;2025-11-13;23;220.033336;216.464073
7;2025-11-14;0;70.856134;69.824682
7;2025-11-14;1;14.948809;14.731199
7;2025-11-14;2;0.0;0.0
7;2025-11-14;3;0.0;0.0
7;2025-11-14;4;1.178744;1.161585
7;2025-11-14;5;206.327368;203.323862
7;2025-11-14;6;709.301361;698.976067
7;2025-11-14;7;1648.240943;1624.247513
7;2025-11-14;8;2383.142683;2348.451294
7;2025-11-14;9;1813.263913;1786.868244
7;2025-11-14;10;1573.164147;1550.263609
7;2025-11-14;11;1511.615036;1489.610468
7;2025-11-14;12;1564.528979;1541.754143
7;2025-11-14;13;1695.474457;1670.793449
7;2025-11-14;14;1714.709792;1689.748775
7;2025-11-14;15;1839.278433;1812.504072
7;2025-11-14;16;2036.911829;2007.260519
7;2025-11-14;17;2270.494804;2237.443229
7;2025-11-14;18;2150.967015;2119.655405
7;2025-11-14;19;1621.056495;1597.458788
7;2025-11-14;20;1108.505796;1092.369285
7;2025-11-14;21;673.089024;663.290872
7;2025-11-14;22;387.487382;381.846732
7;2025-11-14;23;251.081733;247.426738
7;2025-11-15;0;105.358466;104.449615
7;2025-11-15;1;27.839544;27.599393
7;2025-11-15;2;0.0;0.0
7;2025-11-15;3;0.0;0.0
7;2025-11-15;4;0.747663;0.741213
7;2025-11-15;5;61.10413;60.577029
7;2025-11-15;6;305.464758;302.829736
7;2025-11-15;7;481.761191;477.605389
7;2025-11-15;8;799.408303;792.51239
7;2025-11-15;9;835.310193;828.104581
7;2025-11-15;10;923.474841;915.508697
7;2025-11-15;11;1049.127612;1040.077553
7;2025-11-15;12;1181.797665;1171.603158
7;2025-11-15;13;1169.117618;1159.032492
7;2025-11-15;14;1248.312894;1237.544609
7;2025-11-15;15;1150.400546;1140.476879
7;2025-11-15;16;1087.207578;1077.829031
7;2025-11-15;17;1060.422942;1051.275447
7;2025-11-15;18;1060.422942;1051.275447
7;2025-11-15;19;1015.650391;1006.889116
7;2025-11-15;20;754.432325;747.924388
7;2025-11-15;21;603.190124;597.986843
7;2025-11-15;22;335.932996;333.035147
7;2025-11-15;23;229.054221;227.078337
7;2025-11-16;0;112.359246;111.440268
7;2025-11-16;1;19.522977;19.3633
7;2025-11-16;2;0.0;0.0
7;2025-11-16;3;0.0;0.0
7;2025-11-16;4;0.0;0.0
7;2025-11-16;5;42.304373;41.958369
7;2025-11-16;6;212.701077;210.961412
7;2025-11-16;7;322.031278;319.39741
7;2025-11-16;8;535.080164;530.703786
7;2025-11-16;9;648.198272;642.896711
7;2025-11-16;10;702.552113;696.805996
7;2025-11-16;11;897.048714;889.711824
7;2025-11-16;12;979.149859;971.141471
7;2025-11-16;13;1008.479618;1000.231343
7;2025-11-16;14;1073.71759;1064.93574
7;2025-11-16;15;1062.656732;1053.965348
7;2025-11-16;16;941.026563;933.329982
7;2025-11-16;17;965.629983;957.732172
7;2025-11-16;18;949.22117;941.457566
7;2025-11-16;19;804.97453;798.390708
7;2025-11-16;20;676.630409;671.096303
7;2025-11-16;21;511.810181;507.624127
7;2025-11-16;22;293.889907;291.486205
7;2025-11-16;23;182.899467;181.403547
7;2025-11-17;0;70.742451;71.351819
7;2025-11-17;1;13.092097;13.204871
7;2025-11-17;2;0.0;0.0
7;2025-11-17;3;0.0;0.0
7;2025-11-17;4;1.304388;1.315624
7;2025-11-17;5;212.124667;213.951889
7;2025-11-17;6;711.65629;717.786431
7;2025-11-17;7;1601.52033;1615.315677
7;2025-11-17;8;2373.651491;2394.097904
7;2025-11-17;9;1795.650169;1811.117732
7;2025-11-17;10;1492.048764;1504.901133
7;2025-11-17;11;1313.661044;1324.976798
7;2025-11-17;12;1420.537283;1432.773659
7;2025-11-17;13;1425.59647;1437.876426
7;2025-11-17;14;1437.402568;1449.78422
7;2025-11-17;15;1573.694767;1587.250428
7;2025-11-17;16;1708.376456;1723.092252
7;2025-11-17;17;2195.41873;2214.329862
7;2025-11-17;18;2534.432247;2556.263611
7;2025-11-17;19;1708.124228;1722.837851
7;2025-11-17;20;1078.972903;1088.267075
7;2025-11-17;21;610.62567;615.885543
7;2025-11-17;22;312.364078;315.054753
7;2025-11-17;23;186.025081;187.627484
7;2025-11-18;0;55.741795;56.077643
7;2025-11-18;1;12.470111;12.545244
7;2025-11-18;2;0.0;0.0
7;2025-11-18;3;0.0;0.0
7;2025-11-18;4;1.914117;1.925649
7;2025-11-18;5;212.830251;214.112566
7;2025-11-18;6;707.117577;711.378002
7;2025-11-18;7;1613.292186;1623.012367
7;2025-11-18;8;2400.849058;2415.314316
7;2025-11-18;9;1780.520326;1791.248066
7;2025-11-18;10;1551.398543;1560.745811
7;2025-11-18;11;1424.356463;1432.938295
7;2025-11-18;12;1468.432281;1477.279672
7;2025-11-18;13;1475.262199;1484.150741
7;2025-11-18;14;1485.919295;1494.872047
7;2025-11-18;15;1643.705567;1653.60899
7;2025-11-18;16;1704.298328;1714.566826
7;2025-11-18;17;2218.116962;2231.481248
7;2025-11-18;18;2526.685458;2541.908887
7;2025-11-18;19;1782.732108;1793.473175
7;2025-11-18;20;1111.79601;1118.494647
7;2025-11-18;21;663.345309;667.342004
7;2025-11-18;22;341.695886;343.754624
7;2025-11-18;23;189.732671;190.875822
7;2025-11-19;0;66.414122;65.16536
7;2025-11-19;1;13.796107;13.536703
7;2025-11-19;2;0.0;0.0
7;2025-11-19;3;0.0;0.0
7;2025-11-19;4;2.165651;2.124931
7;2025-11-19;5;226.489901;222.231288
7;2025-11-19;6;729.607242;715.888684
7;2025-11-19;7;1697.731604;1665.809732
7;2025-11-19;8;2597.103944;2548.271478
7;2025-11-19;9;1973.336032;1936.232063
7;2025-11-19;10;1706.61379;1674.52491
7;2025-11-19;11;1496.695709;1468.553847
7;2025-11-19;12;1580.12762;1550.417015
7;2025-11-19;13;1586.641166;1556.80809
7;2025-11-19;14;1625.456349;1594.893444
7;2025-11-19;15;1796.350986;1762.574807
7;2025-11-19;16;1875.428197;1840.165156
7;2025-11-19;17;2428.535877;2382.872939
7;2025-11-19;18;2760.199561;2708.300464
7;2025-11-19;19;1869.427892;1834.277673
7;2025-11-19;20;1214.927616;1192.083744
7;2025-11-19;21;704.421626;691.176625
7;2025-11-19;22;403.265333;395.682871
7;2025-11-19;23;218.785321;214.671575
7;2025-11-20;0;71.234487;69.885427
7;2025-11-20;1;16.392796;16.082345
7;2025-11-20;2;0.0;0.0
7;2025-11-20;3;0.0;0.0
7;2025-11-20;4;1.522311;1.493481
7;2025-11-20;5;212.263328;208.243423
7;2025-11-20;6;777.434623;762.71134
7;2025-11-20;7;1674.866592;1643.14748
7;2025-11-20;8;2574.239454;2525.487756
7;2025-11-20;9;1878.734792;1843.154765
7;2025-11-20;10;1585.893441;1555.859329
7;2025-11-20;11;1464.2135;1436.483798
7;2025-11-20;12;1538.859149;1509.715786
7;2025-11-20;13;1577.129931;1547.261785
7;2025-11-20;14;1627.67081;1596.845505
7;2025-11-20;15;1701.469051;1669.246134
7;2025-11-20;16;1817.266047;1782.850132
7;2025-11-20;17;2307.292687;2263.596505
7;2025-11-20;18;2796.869471;2743.901541
7;2025-11-20;19;1832.803861;1798.093687
7;2025-11-20;20;1146.768624;1125.050785
7;2025-11-20;21;719.388487;705.764498
7;2025-11-20;22;345.50013;338.956948
7;2025-11-20;23;221.279033;217.088386
7;2025-11-21;0;71.030382;70.01056
7;2025-11-21;1;14.985571;14.770414
7;2025-11-21;2;0.0;0.0
7;2025-11-21;3;0.0;0.0
7;2025-11-21;4;1.181643;1.164677
7;2025-11-21;5;206.834765;203.865124
7;2025-11-21;6;711.045663;700.836787
7;2025-11-21;7;1652.294269;1628.571367
7;2025-11-21;8;2389.003267;2354.703026
7;2025-11-21;9;1817.72306;1791.625005
7;2025-11-21;10;1577.032846;1554.390513
7;2025-11-21;11;1515.332374;1493.575909
7;2025-11-21;12;1568.376442;1545.858394
7;2025-11-21;13;1699.643939;1675.241211
7;2025-11-21;14;1718.926577;1694.246998
7;2025-11-21;15;1843.801556;1817.329077
7;2025-11-21;16;2041.920968;2012.603979
7;2025-11-21;17;2276.078366;2243.39945
7;2025-11-21;18;2156.256637;2125.298068
7;2025-11-21;19;1625.042969;1601.711329
7;2025-11-21;20;1111.231814;1095.277245
7;2025-11-21;21;674.744273;665.056596
7;2025-11-21;22;388.440285;382.863233
7;2025-11-21;23;251.699188;248.085404
7;2025-11-22;0;109.450836;110.30274
7;2025-11-22;1;28.920897;29.146001
7;2025-11-22;2;0.0;0.0
7;2025-11-22;3;0.0;0.0
7;2025-11-22;4;0.776704;0.782749
7;2025-11-22;5;63.477558;63.971631
7;2025-11-22;6;317.329726;319.799642
7;2025-11-22;7;500.473926;504.369334
7;2025-11-22;8;830.459197;836.923024
7;2025-11-22;9;867.755601;874.509723
7;2025-11-22;10;959.34477;966.81177
7;2025-11-22;11;1089.878189;1098.361189
7;2025-11-22;12;1227.701459;1237.257197
7;2025-11-22;13;1214.528888;1223.982099
7;2025-11-22;14;1296.800296;1306.893861
7;2025-11-22;15;1195.084802;1204.38667
7;2025-11-22;16;1129.437271;1138.228176
7;2025-11-22;17;1101.612257;1110.186588
7;2025-11-22;18;1101.612257;1110.186588
7;2025-11-22;19;1055.100635;1063.312945
7;2025-11-22;20;783.736247;789.836409
7;2025-11-22;21;626.619443;631.496697
7;2025-11-22;22;348.981422;351.697697
7;2025-11-22;23;237.951224;239.803303
7;2025-11-23;0;112.118912;112.108551
7;2025-11-23;1;19.481218;19.479417
7;2025-11-23;2;0.0;0.0
7;2025-11-23;3;0.0;0.0
7;2025-11-23;4;0.0;0.0
7;2025-11-23;5;42.213886;42.209984
7;2025-11-23;6;212.246115;212.2265
7;2025-11-23;7;321.342462;321.312764
7;2025-11-23;8;533.935643;533.886297
7;2025-11-23;9;646.811794;646.752017
7;2025-11-23;10;701.049374;700.984584
7;2025-11-23;11;895.129952;895.047226
7;2025-11-23;12;977.055485;976.965188
7;2025-11-23;13;1006.322508;1006.229506
7;2025-11-23;14;1071.420938;1071.32192
7;2025-11-23;15;1060.383739;1060.285741
7;2025-11-23;16;939.013734;938.926952
7;2025-11-23;17;963.564527;963.475477
7;2025-11-23;18;947.190812;947.103275
7;2025-11-23;19;803.252712;803.178477
7;2025-11-23;20;675.183115;675.120716
7;2025-11-23;21;510.715434;510.668234
7;2025-11-23;22;293.261285;293.234182
7;2025-11-23;23;182.50825;182.491383
7;2025-11-24;0;68.177006;69.376475
7;2025-11-24;1;12.617317;12.8393
7;2025-11-24;2;0.0;0.0
7;2025-11-24;3;0.0;0.0
7;2025-11-24;4;1.257085;1.279201
7;2025-11-24;5;204.432056;208.028722
7;2025-11-24;6;685.848379;697.914821
7;2025-11-24;7;1543.44188;1570.596353
7;2025-11-24;8;2287.572035;2327.818328
7;2025-11-24;9;1730.531683;1760.977712
7;2025-11-24;10;1437.940254;1463.238589
7;2025-11-24;11;1266.021688;1288.295382
7;2025-11-24;12;1369.022106;1393.107933
7;2025-11-24;13;1373.897824;1398.069432
7;2025-11-24;14;1385.275778;1409.647563
7;2025-11-24;15;1516.6254;1543.308078
7;2025-11-24;16;1646.422914;1675.389179
7;2025-11-24;17;2115.802808;2153.027087
7;2025-11-24;18;2442.522146;2485.494546
7;2025-11-24;19;1646.179834;1675.141822
7;2025-11-24;20;1039.844412;1058.138866
7;2025-11-24;21;588.481591;598.835015
7;2025-11-24;22;301.036329;306.332597
7;2025-11-24;23;179.278961;182.433097
7;2025-11-25;0;60.041548;59.415535
7;2025-11-25;1;13.432017;13.291971
7;2025-11-25;2;0.0;0.0
7;2025-11-25;3;0.0;0.0
7;2025-11-25;4;2.061766;2.040269
7;2025-11-25;5;229.247331;226.857121
7;2025-11-25;6;761.662481;753.72113
7;2025-11-25;7;1737.736648;1719.618419
7;2025-11-25;8;2586.043267;2559.080307
7;2025-11-25;9;1917.864259;1897.867958
7;2025-11-25;10;1671.068718;1653.645591
7;2025-11-25;11;1534.226997;1518.230628
7;2025-11-25;12;1581.70269;1565.211323
7;2025-11-25;13;1589.059448;1572.491377
7;2025-11-25;14;1600.538599;1583.850843
7;2025-11-25;15;1770.496025;1752.036235
7;2025-11-25;16;1835.762728;1816.622445
7;2025-11-25;17;2389.215772;2364.305001
7;2025-11-25;18;2721.586305;2693.210127
7;2025-11-25;19;1920.246652;1900.225512
7;2025-11-25;20;1197.556579;1185.07045
7;2025-11-25;21;714.513753;707.063991
7;2025-11-25;22;368.053269;364.215822
7;2025-11-25;23;204.368073;202.237263
7;2025-11-26;0;62.173109;62.001104
7;2025-11-26;1;12.915127;12.879397
7;2025-11-26;2;0.0;0.0
7;2025-11-26;3;0.0;0.0
7;2025-11-26;4;2.027358;2.02175
7;2025-11-26;5;212.026912;211.440329
7;2025-11-26;6;683.016636;681.127036
7;2025-11-26;7;1589.319381;1584.922448
7;2025-11-26;8;2431.260407;2424.534203
7;2025-11-26;9;1847.324508;1842.213792
7;2025-11-26;10;1597.634376;1593.21444
7;2025-11-26;11;1401.121056;1397.244784
7;2025-11-26;12;1479.225246;1475.132895
7;2025-11-26;13;1485.322857;1481.213636
7;2025-11-26;14;1521.659414;1517.449667
7;2025-11-26;15;1681.641214;1676.988869
7;2025-11-26;16;1755.668784;1750.811638
7;2025-11-26;17;2273.456609;2267.166976
7;2025-11-26;18;2583.941211;2576.792607
7;2025-11-26;19;1750.051641;1745.210035
7;2025-11-26;20;1137.345857;1134.199333
7;2025-11-26;21;659.439301;657.614929
7;2025-11-26;22;377.513977;376.469565
7;2025-11-26;23;204.814325;204.247695
7;2025-11-27;0;66.983049;66.55658
7;2025-11-27;1;15.414436;15.316295
7;2025-11-27;2;0.0;0.0
7;2025-11-27;3;0.0;0.0
7;2025-11-27;4;1.431456;1.422342
7;2025-11-27;5;199.594966;198.324181
7;2025-11-27;6;731.035542;726.381171
7;2025-11-27;7;1574.906711;1564.879566
7;2025-11-27;8;2420.602938;2405.191398
7;2025-11-27;9;1766.60759;1755.35992
7;2025-11-27;10;1491.243683;1481.749204
7;2025-11-27;11;1376.82588;1368.059879
7;2025-11-27;12;1447.016505;1437.803613
7;2025-11-27;13;1483.003199;1473.561186
7;2025-11-27;14;1530.527682;1520.783089
7;2025-11-27;15;1599.921475;1589.735065
7;2025-11-27;16;1708.80744;1697.927773
7;2025-11-27;17;2169.588166;2155.774792
7;2025-11-27;18;2629.945885;2613.201496
7;2025-11-27;19;1723.417922;1712.445233
7;2025-11-27;20;1078.326842;1071.46133
7;2025-11-27;21;676.453732;672.146873
7;2025-11-27;22;324.87989;322.811438
7;2025-11-27;23;208.072592;206.747832
7;2025-11-28;0;68.228103;67.563224
7;2025-11-28;1;14.394362;14.25409
7;2025-11-28;2;0.0;0.0
7;2025-11-28;3;0.0;0.0
7;2025-11-28;4;1.135025;1.123964
7;2025-11-28;5;198.674752;196.738678
7;2025-11-28;6;682.993602;676.337866
7;2025-11-28;7;1587.108217;1571.641934
7;2025-11-28;8;2294.752689;2272.390449
7;2025-11-28;9;1746.010538;1728.99576
7;2025-11-28;10;1514.815995;1500.054196
7;2025-11-28;11;1455.549721;1441.365468
7;2025-11-28;12;1506.501103;1491.820332
7;2025-11-28;13;1632.589855;1616.680356
7;2025-11-28;14;1651.111758;1635.021764
7;2025-11-28;15;1771.060189;1753.801303
7;2025-11-28;16;1961.363425;1942.250045
7;2025-11-28;17;2186.282883;2164.977675
7;2025-11-28;18;2071.188341;2051.004724
7;2025-11-28;19;1560.932031;1545.720834
7;2025-11-28;20;1067.391673;1056.989999
7;2025-11-28;21;648.124369;641.808432
7;2025-11-28;22;373.1156;369.479609
7;2025-11-28;23;241.769192;239.413164
7;2025-11-29;0;115.508812;116.247196
7;2025-11-29;1;30.521635;30.716743
7;2025-11-29;2;0.0;0.0
7;2025-11-29;3;0.0;0.0
7;2025-11-29;4;0.819693;0.824933
7;2025-11-29;5;66.990966;67.419203
7;2025-11-29;6;334.893556;337.034345
7;2025-11-29;7;528.174574;531.550901
7;2025-11-29;8;876.424144;882.026637
7;2025-11-29;9;915.78486;921.638965
7;2025-11-29;10;1012.443383;1018.915372
7;2025-11-29;11;1150.201675;1157.554277
7;2025-11-29;12;1295.653301;1303.935695
7;2025-11-29;13;1281.751644;1289.945172
7;2025-11-29;14;1368.576678;1377.32523
7;2025-11-29;15;1261.23135;1269.293703
7;2025-11-29;16;1191.950305;1199.569783
7;2025-11-29;17;1162.585209;1170.016972
7;2025-11-29;18;1162.585209;1170.016972
7;2025-11-29;19;1113.499223;1120.617207
7;2025-11-29;20;827.115133;832.402422
7;2025-11-29;21;661.302098;665.529436
7;2025-11-29;22;368.297136;370.651455
7;2025-11-29;23;251.121546;252.726827
7;2025-11-30;0;111.739464;111.821469
7;2025-11-30;1;19.415287;19.429535
7;2025-11-30;2;0.0;0.0
7;2025-11-30;3;0.0;0.0
7;2025-11-30;4;0.0;0.0
7;2025-11-30;5;42.07102;42.101895
7;2025-11-30;6;211.527803;211.683042
7;2025-11-30;7;320.254932;320.489964
7;2025-11-30;8;532.128626;532.519151
7;2025-11-30;9;644.622767;645.09585
7;2025-11-30;10;698.676788;699.189541
7;2025-11-30;11;892.100533;892.755238
7;2025-11-30;12;973.748803;974.463429
7;2025-11-30;13;1002.916776;1003.652808
7;2025-11-30;14;1067.794892;1068.578537
7;2025-11-30;15;1056.795046;1057.570619
7;2025-11-30;16;935.835797;936.522599
7;2025-11-30;17;960.303503;961.008262
7;2025-11-30;18;943.985202;944.677985
7;2025-11-30;19;800.534236;801.121742
7;2025-11-30;20;672.89807;673.391904
7;2025-11-30;21;508.987002;509.360543
7;2025-11-30;22;292.26879;292.483284
7;2025-11-30;23;181.890581;182.024069
7;2025-12-01;0;74.994194;75.073244
7;2025-12-01;1;13.878954;13.893584
7;2025-12-01;2;0.0;0.0
7;2025-12-01;3;0.0;0.0
7;2025-12-01;4;1.382784;1.384241
7;2025-12-01;5;224.873726;225.110761
7;2025-12-01;6;754.428065;755.223293
7;2025-12-01;7;1697.774474;1699.564064
7;2025-12-01;8;2516.312055;2518.964449
7;2025-12-01;9;1903.571852;1905.578369
7;2025-12-01;10;1581.723478;1583.390741
7;2025-12-01;11;1392.614346;1394.082273
7;2025-12-01;12;1505.914033;1507.501387
7;2025-12-01;13;1511.277286;1512.870293
7;2025-12-01;14;1523.79295;1525.39915
7;2025-12-01;15;1668.276547;1670.035044
7;2025-12-01;16;1811.052838;1812.961833
7;2025-12-01;17;2327.367196;2329.820427
7;2025-12-01;18;2686.756013;2689.588068
7;2025-12-01;19;1810.785451;1812.694164
7;2025-12-01;20;1143.821042;1145.026721
7;2025-12-01;21;647.32533;648.007663
7;2025-12-01;22;331.1377;331.486746
7;2025-12-01;23;197.20551;197.413381
7;2025-12-02;0;60.855134;60.456577
7;2025-12-02;1;13.614026;13.524864
7;2025-12-02;2;0.0;0.0
7;2025-12-02;3;0.0;0.0
7;2025-12-02;4;2.089704;2.076018
7;2025-12-02;5;232.353718;230.831973
7;2025-12-02;6;771.983294;766.927372
7;2025-12-02;7;1761.283634;1749.748524
7;2025-12-02;8;2621.085127;2603.918952
7;2025-12-02;9;1943.852042;1931.121244
7;2025-12-02;10;1693.712328;1682.619761
7;2025-12-02;11;1555.01635;1544.832139
7;2025-12-02;12;1603.135356;1592.636002
7;2025-12-02;13;1610.591801;1600.043612
7;2025-12-02;14;1622.226499;1611.602112
7;2025-12-02;15;1794.486913;1782.734346
7;2025-12-02;16;1860.638004;1848.452196
7;2025-12-02;17;2421.590544;2405.730912
7;2025-12-02;18;2758.464824;2740.398913
7;2025-12-02;19;1946.266717;1933.520105
7;2025-12-02;20;1213.783922;1205.834532
7;2025-12-02;21;724.195683;719.452735
7;2025-12-02;22;373.04053;370.597389
7;2025-12-02;23;207.137338;205.780741
7;2025-12-03;0;67.298184;66.436191
7;2025-12-03;1;13.979752;13.800691
7;2025-12-03;2;0.0;0.0
7;2025-12-03;3;0.0;0.0
7;2025-12-03;4;2.194478;2.16637
7;2025-12-03;5;229.504788;226.56516
7;2025-12-03;6;739.319303;729.849678
7;2025-12-03;7;1720.330713;1698.295731
7;2025-12-03;8;2631.674917;2597.966916
7;2025-12-03;9;1999.60381;1973.991738
7;2025-12-03;10;1729.331133;1707.180869
7;2025-12-03;11;1516.618758;1497.193035
7;2025-12-03;12;1601.16126;1580.652669
7;2025-12-03;13;1607.761511;1587.16838
7;2025-12-03;14;1647.093376;1625.99646
7;2025-12-03;15;1820.262852;1796.947882
7;2025-12-03;16;1900.392688;1876.051369
7;2025-12-03;17;2460.862981;2429.342837
7;2025-12-03;18;2796.941558;2761.116727
7;2025-12-03;19;1894.312511;1870.049071
7;2025-12-03;20;1231.09995;1215.331316
7;2025-12-03;21;713.798433;704.655693
7;2025-12-03;22;408.633341;403.399331
7;2025-12-03;23;221.697651;218.85802
7;2025-12-04;0;72.410292;71.527681
7;2025-12-04;1;16.663378;16.460267
7;2025-12-04;2;0.0;0.0
7;2025-12-04;3;0.0;0.0
7;2025-12-04;4;1.547439;1.528577
7;2025-12-04;5;215.766973;213.136982
7;2025-12-04;6;790.267055;780.634465
7;2025-12-04;7;1702.512146;1681.760171
7;2025-12-04;8;2616.730167;2584.834761
7;2025-12-04;9;1909.74542;1886.467473
7;2025-12-04;10;1612.070394;1592.420817
7;2025-12-04;11;1488.381989;1470.240053
7;2025-12-04;12;1564.259748;1545.192936
7;2025-12-04;13;1603.162232;1583.621237
7;2025-12-04;14;1654.537344;1634.370136
7;2025-12-04;15;1729.553709;1708.472124
7;2025-12-04;16;1847.262064;1824.745728
7;2025-12-04;17;2345.377144;2316.789268
7;2025-12-04;18;2843.034943;2808.3811
7;2025-12-04;19;1863.056347;1840.347495
7;2025-12-04;20;1165.697328;1151.488607
7;2025-12-04;21;731.262802;722.349416
7;2025-12-04;22;351.202998;346.922173
7;2025-12-04;23;224.931492;222.189795
7;2025-12-05;0;72.763041;71.868037
7;2025-12-05;1;15.351117;15.162294
7;2025-12-05;2;0.0;0.0
7;2025-12-05;3;0.0;0.0
7;2025-12-05;4;1.210467;1.195578
7;2025-12-05;5;211.880128;209.273949
7;2025-12-05;6;728.390346;719.430962
7;2025-12-05;7;1692.599024;1671.77963
7;2025-12-05;8;2447.278717;2417.176573
7;2025-12-05;9;1862.063154;1839.159309
7;2025-12-05;10;1615.501733;1595.630655
7;2025-12-05;11;1552.296189;1533.202555
7;2025-12-05;12;1606.634172;1586.872167
7;2025-12-05;13;1741.103704;1719.687691
7;2025-12-05;14;1760.856708;1739.197727
7;2025-12-05;15;1888.777787;1865.545345
7;2025-12-05;16;2091.729967;2066.001162
7;2025-12-05;17;2331.599215;2302.919958
7;2025-12-05;18;2208.85465;2181.685181
7;2025-12-05;19;1664.682978;1644.206958
7;2025-12-05;20;1138.338321;1124.336473
7;2025-12-05;21;691.203449;682.701473
7;2025-12-05;22;397.915589;393.021127
7;2025-12-05;23;257.838939;254.667455
7;2025-12-06;0;117.260315;118.29683
7;2025-12-06;1;30.984446;31.258331
7;2025-12-06;2;0.0;0.0
7;2025-12-06;3;0.0;0.0
7;2025-12-06;4;0.832122;0.839478
7;2025-12-06;5;68.006776;68.607917
7;2025-12-06;6;339.971672;342.97683
7;2025-12-06;7;536.183483;540.923042
7;2025-12-06;8;889.713692;897.578259
7;2025-12-06;9;929.67125;937.889019
7;2025-12-06;10;1027.795442;1036.880573
7;2025-12-06;11;1167.642615;1177.963916
7;2025-12-06;12;1315.299779;1326.926286
7;2025-12-06;13;1301.187326;1312.689087
7;2025-12-06;14;1389.32892;1401.609803
7;2025-12-06;15;1280.355875;1291.673498
7;2025-12-06;16;1210.024295;1220.720226
7;2025-12-06;17;1180.213925;1190.64635
7;2025-12-06;18;1180.213925;1190.64635
7;2025-12-06;19;1130.38363;1140.375583
7;2025-12-06;20;839.65699;847.079084
7;2025-12-06;21;671.32967;677.263845
7;2025-12-06;22;373.881764;377.186667
7;2025-12-06;23;254.929397;257.182829
7;2025-12-07;0;114.341864;114.610723
7;2025-12-07;1;19.867467;19.914182
7;2025-12-07;2;0.0;0.0
7;2025-12-07;3;0.0;0.0
7;2025-12-07;4;0.0;0.0
7;2025-12-07;5;43.050849;43.152077
7;2025-12-07;6;216.454262;216.963224
7;2025-12-07;7;327.713632;328.484206
7;2025-12-07;8;544.521841;545.802208
7;2025-12-07;9;659.635958;661.187
7;2025-12-07;10;714.948891;716.629994
7;2025-12-07;11;912.877452;915.023957
7;2025-12-07;12;996.427301;998.770262
7;2025-12-07;13;1026.274593;1028.687736
7;2025-12-07;14;1092.663712;1095.23296
7;2025-12-07;15;1081.407682;1083.950462
7;2025-12-07;16;957.631306;959.883043
7;2025-12-07;17;982.668862;984.979472
7;2025-12-07;18;965.970509;968.241855
7;2025-12-07;19;819.178587;821.104772
7;2025-12-07;20;688.569789;690.188866
7;2025-12-07;21;520.841251;522.065937
7;2025-12-07;22;299.075697;299.778932
7;2025-12-07;23;186.126792;186.564443
7;2025-12-08;0;75.086321;74.617761
7;2025-12-08;1;13.896004;13.809289
7;2025-12-08;2;0.0;0.0
7;2025-12-08;3;0.0;0.0
7;2025-12-08;4;1.384482;1.375843
7;2025-12-08;5;225.149972;223.744974
7;2025-12-08;6;755.354843;750.641218
7;2025-12-08;7;1699.860106;1689.252504
7;2025-12-08;8;2519.403219;2503.68144
7;2025-12-08;9;1905.910296;1894.016884
7;2025-12-08;10;1583.666547;1573.784026
7;2025-12-08;11;1394.325104;1385.624126
7;2025-12-08;12;1507.763974;1498.355106
7;2025-12-08;13;1513.133815;1503.691438
7;2025-12-08;14;1525.664854;1516.14428
7;2025-12-08;15;1670.325942;1659.902642
7;2025-12-08;16;1813.277627;1801.962268
7;2025-12-08;17;2330.226251;2315.684989
7;2025-12-08;18;2690.056559;2673.269856
7;2025-12-08;19;1813.009911;1801.696224
7;2025-12-08;20;1145.226169;1138.079638
7;2025-12-08;21;648.120537;644.076084
7;2025-12-08;22;331.544486;329.475556
7;2025-12-08;23;197.447768;196.215638
7;2025-12-09;0;60.973163;60.501908
7;2025-12-09;1;13.640431;13.535005
7;2025-12-09;2;0.0;0.0
7;2025-12-09;3;0.0;0.0
7;2025-12-09;4;2.093757;2.077574
7;2025-12-09;5;232.804371;231.005053
7;2025-12-09;6;773.480565;767.502422
7;2025-12-09;7;1764.699666;1751.060503
7;2025-12-09;8;2626.168755;2605.871395
7;2025-12-09;9;1947.622168;1932.569217
7;2025-12-09;10;1696.997305;1683.881405
7;2025-12-09;11;1558.032324;1545.990469
7;2025-12-09;12;1606.244658;1593.830175
7;2025-12-09;13;1613.715565;1601.24334
7;2025-12-09;14;1625.372829;1612.810507
7;2025-12-09;15;1797.967343;1784.071058
7;2025-12-09;16;1864.246735;1849.838184
7;2025-12-09;17;2426.287251;2407.534752
7;2025-12-09;18;2763.814902;2742.45369
7;2025-12-09;19;1950.041526;1934.969877
7;2025-12-09;20;1216.138071;1206.738678
7;2025-12-09;21;725.60027;719.992188
7;2025-12-09;22;373.764047;370.875267
7;2025-12-09;23;207.539083;205.935037
7;2025-12-10;0;66.57023;65.591192
7;2025-12-10;1;13.828535;13.625161
7;2025-12-10;2;0.0;0.0
7;2025-12-10;3;0.0;0.0
7;2025-12-10;4;2.170741;2.138816
7;2025-12-10;5;227.02227;223.683488
7;2025-12-10;6;731.3222;720.566754
7;2025-12-10;7;1701.72216;1676.695188
7;2025-12-10;8;2603.208495;2564.923498
7;2025-12-10;9;1977.974403;1948.88463
7;2025-12-10;10;1710.625225;1685.467316
7;2025-12-10;11;1500.213726;1478.150308
7;2025-12-10;12;1583.841745;1560.548422
7;2025-12-10;13;1590.370602;1566.98126
7;2025-12-10;14;1629.277021;1605.315488
7;2025-12-10;15;1800.573349;1774.092587
7;2025-12-10;16;1879.836433;1852.189961
7;2025-12-10;17;2434.244205;2398.44414
7;2025-12-10;18;2766.687472;2725.998214
7;2025-12-10;19;1873.822025;1846.264005
7;2025-12-10;20;1217.783331;1199.873574
7;2025-12-10;21;706.077385;695.693211
7;2025-12-10;22;404.213217;398.268514
7;2025-12-10;23;219.299581;216.074375
7;2025-12-11;0;69.032371;68.840268
7;2025-12-11;1;15.886036;15.841828
7;2025-12-11;2;0.0;0.0
7;2025-12-11;3;0.0;0.0
7;2025-12-11;4;1.475251;1.471146
7;2025-12-11;5;205.701502;205.129075
7;2025-12-11;6;753.40131;751.304742
7;2025-12-11;7;1623.090414;1618.573672
7;2025-12-11;8;2494.660411;2487.718261
7;2025-12-11;9;1820.656312;1815.589783
7;2025-12-11;10;1536.867745;1532.590943
7;2025-12-11;11;1418.94937;1415.000713
7;2025-12-11;12;1491.287453;1487.137492
7;2025-12-11;13;1528.375146;1524.121978
7;2025-12-11;14;1577.353624;1572.964158
7;2025-12-11;15;1648.870495;1644.282012
7;2025-12-11;16;1761.087787;1756.187025
7;2025-12-11;17;2235.965933;2229.743679
7;2025-12-11;18;2710.40813;2702.865596
7;2025-12-11;19;1776.145272;1771.202608
7;2025-12-11;20;1111.317862;1108.225283
7;2025-12-11;21;697.149589;695.209559
7;2025-12-11;22;334.819472;333.887736
7;2025-12-11;23;214.438498;213.841758
7;2025-12-12;0;69.667581;69.335288
7;2025-12-12;1;14.698055;14.62795
7;2025-12-12;2;0.0;0.0
7;2025-12-12;3;0.0;0.0
7;2025-12-12;4;1.158971;1.153444
7;2025-12-12;5;202.866397;201.898787
7;2025-12-12;6;697.403418;694.077017
7;2025-12-12;7;1620.593066;1612.863334
7;2025-12-12;8;2343.167438;2331.991247
7;2025-12-12;9;1782.847912;1774.344274
7;2025-12-12;10;1546.775621;1539.397975
7;2025-12-12;11;1486.258946;1479.169945
7;2025-12-12;12;1538.285301;1530.948151
7;2025-12-12;13;1667.034277;1659.083034
7;2025-12-12;14;1685.946955;1677.905504
7;2025-12-12;15;1808.426061;1799.800422
7;2025-12-12;16;2002.74432;1993.191842
7;2025-12-12;17;2232.409134;2221.761226
7;2025-12-12;18;2114.886325;2104.798965
7;2025-12-12;19;1593.864614;1586.262368
7;2025-12-12;20;1089.911529;1084.712985
7;2025-12-12;21;661.798513;658.641936
7;2025-12-12;22;380.987602;379.170408
7;2025-12-12;23;246.870044;245.69255
7;2025-12-13;0;117.328253;114.738021
7;2025-12-13;1;31.002398;30.317964
7;2025-12-13;2;0.0;0.0
7;2025-12-13;3;0.0;0.0
7;2025-12-13;4;0.832605;0.814223
7;2025-12-13;5;68.046177;66.543936
7;2025-12-13;6;340.168642;332.658811
7;2025-12-13;7;536.494133;524.650064
7;2025-12-13;8;890.229167;870.575765
7;2025-12-13;9;930.209875;909.673827
7;2025-12-13;10;1028.390917;1005.687347
7;2025-12-13;11;1168.319113;1142.526378
7;2025-12-13;12;1316.061826;1287.007406
7;2025-12-13;13;1301.941197;1273.198515
7;2025-12-13;14;1390.133858;1359.444165
7;2025-12-13;15;1281.097677;1252.815153
7;2025-12-13;16;1210.725349;1183.99642
7;2025-12-13;17;1180.897707;1154.827277
7;2025-12-13;18;1180.897707;1154.827277
7;2025-12-13;19;1131.038542;1106.068842
7;2025-12-13;20;840.143464;821.595793
7;2025-12-13;21;671.718619;656.889229
7;2025-12-13;22;374.09838;365.839489
7;2025-12-13;23;255.077096;249.445812
7;2025-12-14;0;114.194373;113.75736
7;2025-12-14;1;19.841839;19.765906
7;2025-12-14;2;0.0;0.0
7;2025-12-14;3;0.0;0.0
7;2025-12-14;4;0.0;0.0
7;2025-12-14;5;42.995317;42.830777
7;2025-12-14;6;216.175055;215.347769
7;2025-12-14;7;327.290911;326.038393
7;2025-12-14;8;543.819457;541.738299
7;2025-12-14;9;658.785087;656.263964
7;2025-12-14;10;714.026671;711.294144
7;2025-12-14;11;911.699922;908.210914
7;2025-12-14;12;995.141999;991.333664
7;2025-12-14;13;1024.950791;1021.02838
7;2025-12-14;14;1091.254275;1087.078125
7;2025-12-14;15;1080.012763;1075.879634
7;2025-12-14;16;956.396048;952.73599
7;2025-12-14;17;981.401307;977.645557
7;2025-12-14;18;964.724494;961.032565
7;2025-12-14;19;818.12192;814.991028
7;2025-12-14;20;687.681596;685.049889
7;2025-12-14;21;520.169412;518.178762
7;2025-12-14;22;298.689916;297.546852
7;2025-12-14;23;185.886705;185.17533
7;2025-12-15;0;74.914477;75.219978
7;2025-12-15;1;13.864201;13.92074
7;2025-12-15;2;0.0;0.0
7;2025-12-15;3;0.0;0.0
7;2025-12-15;4;1.381314;1.386947
7;2025-12-15;5;224.634691;225.550751
7;2025-12-15;6;753.626127;756.699412
7;2025-12-15;7;1695.969782;1702.885941
7;2025-12-15;8;2513.637278;2523.887881
7;2025-12-15;9;1901.548403;1909.30291
7;2025-12-15;10;1580.042145;1586.485551
7;2025-12-15;11;1391.134032;1396.807071
7;2025-12-15;12;1504.313284;1510.447868
7;2025-12-15;13;1509.670836;1515.827268
7;2025-12-15;14;1522.173196;1528.380613
7;2025-12-15;15;1666.503211;1673.299205
7;2025-12-15;16;1809.127734;1816.50535
7;2025-12-15;17;2324.893263;2334.374169
7;2025-12-15;18;2683.900058;2694.844992
7;2025-12-15;19;1808.860632;1816.237158
7;2025-12-15;20;1142.605189;1147.264728
7;2025-12-15;21;646.637239;649.274224
7;2025-12-15;22;330.785709;332.134652
7;2025-12-15;23;196.995886;197.799234
7;2025-12-16;0;60.304495;60.317276
7;2025-12-16;1;13.490842;13.493701
7;2025-12-16;2;0.0;0.0
7;2025-12-16;3;0.0;0.0
7;2025-12-16;4;2.070795;2.071234
7;2025-12-16;5;230.2513;230.300099
7;2025-12-16;6;764.998116;765.160247
7;2025-12-16;7;1745.346916;1745.71682
7;2025-12-16;8;2597.36862;2597.9191
7;2025-12-16;9;1926.26338;1926.671628
7;2025-12-16;10;1678.387019;1678.742732
7;2025-12-16;11;1540.946011;1541.272596
7;2025-12-16;12;1588.62962;1588.96631
7;2025-12-16;13;1596.018596;1596.356852
7;2025-12-16;14;1607.54802;1607.888719
7;2025-12-16;15;1778.24976;1778.626637
7;2025-12-16;16;1843.802292;1844.193063
7;2025-12-16;17;2399.679136;2400.187718
7;2025-12-16;18;2733.505257;2734.08459
7;2025-12-16;19;1928.656206;1929.064961
7;2025-12-16;20;1202.801175;1203.056094
7;2025-12-16;21;717.642904;717.794999
7;2025-12-16;22;369.665127;369.743473
7;2025-12-16;23;205.263086;205.306589
7;2025-12-17;0;67.416226;67.115357
7;2025-12-17;1;14.004272;13.941773
7;2025-12-17;2;0.0;0.0
7;2025-12-17;3;0.0;0.0
7;2025-12-17;4;2.198328;2.188517
7;2025-12-17;5;229.907342;228.881299
7;2025-12-17;6;740.616076;737.310813
7;2025-12-17;7;1723.348189;1715.657134
7;2025-12-17;8;2636.2909;2624.525513
7;2025-12-17;9;2003.111134;1994.171537
7;2025-12-17;10;1732.364396;1724.633103
7;2025-12-17;11;1519.278922;1512.498599
7;2025-12-17;12;1603.969712;1596.811426
7;2025-12-17;13;1610.58154;1603.393746
7;2025-12-17;14;1649.982394;1642.61876
7;2025-12-17;15;1823.455611;1815.317791
7;2025-12-17;16;1903.725995;1895.22994
7;2025-12-17;17;2465.179358;2454.177617
7;2025-12-17;18;2801.847421;2789.343179
7;2025-12-17;19;1897.635153;1889.166281
7;2025-12-17;20;1233.259311;1227.755452
7;2025-12-17;21;715.050442;711.859275
7;2025-12-17;22;409.350088;407.523217
7;2025-12-17;23;222.08651;221.09537
7;2025-12-18;0;72.738748;72.049987
7;2025-12-18;1;16.738963;16.580463
7;2025-12-18;2;0.0;0.0
7;2025-12-18;3;0.0;0.0
7;2025-12-18;4;1.554458;1.539739
7;2025-12-18;5;216.745701;214.693342
7;2025-12-18;6;793.85174;786.334779
7;2025-12-18;7;1710.234812;1694.040645
7;2025-12-18;8;2628.599765;2603.709624
7;2025-12-18;9;1918.408106;1900.242751
7;2025-12-18;10;1619.382812;1604.04892
7;2025-12-18;11;1495.133352;1480.975974
7;2025-12-18;12;1571.355296;1556.476174
7;2025-12-18;13;1610.434243;1595.185084
7;2025-12-18;14;1662.042395;1646.30456
7;2025-12-18;15;1737.399037;1720.947652
7;2025-12-18;16;1855.641322;1838.070304
7;2025-12-18;17;2356.015873;2333.706822
7;2025-12-18;18;2855.931068;2828.888334
7;2025-12-18;19;1871.507249;1853.785997
7;2025-12-18;20;1170.98498;1159.896955
7;2025-12-18;21;734.57984;727.624124
7;2025-12-18;22;352.796069;349.455453
7;2025-12-18;23;225.95179;223.812259
7;2025-12-19;0;72.567765;72.131282
7;2025-12-19;1;15.309918;15.217832
7;2025-12-19;2;0.0;0.0
7;2025-12-19;3;0.0;0.0
7;2025-12-19;4;1.207218;1.199957
7;2025-12-19;5;211.311498;210.040496
7;2025-12-19;6;726.435541;722.066158
7;2025-12-19;7;1688.056541;1677.903174
7;2025-12-19;8;2440.710874;2426.030423
7;2025-12-19;9;1857.065874;1845.895945
7;2025-12-19;10;1611.166158;1601.475274
7;2025-12-19;11;1548.130241;1538.818506
7;2025-12-19;12;1602.322395;1592.684704
7;2025-12-19;13;1736.431047;1725.986716
7;2025-12-19;14;1756.131038;1745.568215
7;2025-12-19;15;1883.708812;1872.378631
7;2025-12-19;16;2086.116322;2073.568695
7;2025-12-19;17;2325.341825;2311.355299
7;2025-12-19;18;2202.926674;2189.676453
7;2025-12-19;19;1660.215413;1650.229506
7;2025-12-19;20;1135.283325;1128.454793
7;2025-12-19;21;689.348444;685.202132
7;2025-12-19;22;396.84769;394.46072
7;2025-12-19;23;257.146968;255.600274
7;2025-12-20;0;117.680442;118.653457
7;2025-12-20;1;31.095459;31.352565
7;2025-12-20;2;0.0;0.0
7;2025-12-20;3;0.0;0.0
7;2025-12-20;4;0.835104;0.842009
7;2025-12-20;5;68.250434;68.814748
7;2025-12-20;6;341.189742;344.010794
7;2025-12-20;7;538.104552;542.55375
7;2025-12-20;8;892.901409;900.284166
7;2025-12-20;9;933.002129;940.71645
7;2025-12-20;10;1031.477886;1040.006432
7;2025-12-20;11;1171.826111;1181.515096
7;2025-12-20;12;1320.01231;1330.926539
7;2025-12-20;13;1305.849294;1316.64642
7;2025-12-20;14;1394.306687;1405.835203
7;2025-12-20;15;1284.943207;1295.567475
7;2025-12-20;16;1214.359639;1224.400303
7;2025-12-20;17;1184.442463;1194.235763
7;2025-12-20;18;1184.442463;1194.235763
7;2025-12-20;19;1134.433633;1143.813446
7;2025-12-20;20;842.665361;849.632753
7;2025-12-20;21;673.734948;679.305576
7;2025-12-20;22;375.221329;378.323763
7;2025-12-20;23;255.842772;257.958152
7;2025-12-21;0;113.799414;113.494999
7;2025-12-21;1;19.773213;19.72032
7;2025-12-21;2;0.0;0.0
7;2025-12-21;3;0.0;0.0
7;2025-12-21;4;0.0;0.0
7;2025-12-21;5;42.846611;42.731996
7;2025-12-21;6;215.42738;214.851108
7;2025-12-21;7;326.158925;325.286445
7;2025-12-21;8;541.938574;540.488878
7;2025-12-21;9;656.506577;654.750411
7;2025-12-21;10;711.5571;709.653673
7;2025-12-21;11;908.546668;906.11629
7;2025-12-21;12;991.700148;989.047333
7;2025-12-21;13;1021.405842;1018.673563
7;2025-12-21;14;1087.480004;1084.570976
7;2025-12-21;15;1076.277373;1073.398313
7;2025-12-21;16;953.088205;950.538678
7;2025-12-21;17;978.00698;975.390795
7;2025-12-21;18;961.387847;958.816118
7;2025-12-21;19;815.29232;813.111399
7;2025-12-21;20;685.303144;683.469946
7;2025-12-21;21;518.370327;516.983677
7;2025-12-21;22;297.656851;296.860614
7;2025-12-21;23;185.243787;184.748257
7;2025-12-22;0;73.582348;73.820373
7;2025-12-22;1;13.617668;13.661719
7;2025-12-22;2;0.0;0.0
7;2025-12-22;3;0.0;0.0
7;2025-12-22;4;1.356751;1.36114
7;2025-12-22;5;220.640237;221.353967
7;2025-12-22;6;740.225146;742.619638
7;2025-12-22;7;1665.812045;1671.20064
7;2025-12-22;8;2468.939776;2476.926341
7;2025-12-22;9;1867.735066;1873.776845
7;2025-12-22;10;1551.945834;1556.966092
7;2025-12-22;11;1366.396885;1370.816927
7;2025-12-22;12;1477.563583;1482.343229
7;2025-12-22;13;1482.825867;1487.622535
7;2025-12-22;14;1495.10591;1499.942302
7;2025-12-22;15;1636.869448;1642.164419
7;2025-12-22;16;1776.957822;1782.705953
7;2025-12-22;17;2283.552007;2290.938877
7;2025-12-22;18;2636.174943;2644.702483
7;2025-12-22;19;1776.695469;1782.442751
7;2025-12-22;20;1122.287381;1125.917774
7;2025-12-22;21;635.138735;637.193292
7;2025-12-22;22;324.903677;325.954681
7;2025-12-22;23;193.492905;194.118819
7;2025-12-23;0;61.359435;61.348226
7;2025-12-23;1;13.726845;13.724337
7;2025-12-23;2;0.0;0.0
7;2025-12-23;3;0.0;0.0
7;2025-12-23;4;2.107021;2.106636
7;2025-12-23;5;234.279215;234.236417
7;2025-12-23;6;778.380657;778.238463
7;2025-12-23;7;1775.87925;1775.554834
7;2025-12-23;8;2642.805849;2642.323063
7;2025-12-23;9;1959.960587;1959.602543
7;2025-12-23;10;1707.747986;1707.436016
7;2025-12-23;11;1567.902646;1567.616222
7;2025-12-23;12;1616.42041;1616.125124
7;2025-12-23;13;1623.938646;1623.641986
7;2025-12-23;14;1635.66976;1635.370957
7;2025-12-23;15;1809.357681;1809.02715
7;2025-12-23;16;1876.056961;1875.714245
7;2025-12-23;17;2441.658071;2441.212031
7;2025-12-23;18;2781.324;2780.81591
7;2025-12-23;19;1962.395273;1962.036784
7;2025-12-23;20;1223.842451;1223.618881
7;2025-12-23;21;730.197034;730.063643
7;2025-12-23;22;376.131887;376.063175
7;2025-12-23;23;208.853868;208.815715
7;2025-12-24;0;67.297255;66.899268
7;2025-12-24;1;13.979559;13.896885
7;2025-12-24;2;0.0;0.0
7;2025-12-24;3;0.0;0.0
7;2025-12-24;4;2.194448;2.18147
7;2025-12-24;5;229.50162;228.144376
7;2025-12-24;6;739.309095;734.936915
7;2025-12-24;7;1720.30696;1710.133283
7;2025-12-24;8;2631.638581;2616.075405
7;2025-12-24;9;1999.576201;1987.750961
7;2025-12-24;10;1729.307256;1719.080353
7;2025-12-24;11;1516.597818;1507.628851
7;2025-12-24;12;1601.139152;1591.670219
7;2025-12-24;13;1607.739312;1598.231346
7;2025-12-24;14;1647.070634;1637.330068
7;2025-12-24;15;1820.237719;1809.473065
7;2025-12-24;16;1900.366449;1889.127924
7;2025-12-24;17;2460.829003;2446.275973
7;2025-12-24;18;2796.90294;2780.362412
7;2025-12-24;19;1894.286356;1883.083788
7;2025-12-24;20;1231.082952;1223.802484
7;2025-12-24;21;713.788577;709.567323
7;2025-12-24;22;408.627699;406.211127
7;2025-12-24;23;221.69459;220.383516
7;2025-12-25;0;71.402696;70.989429
7;2025-12-25;1;16.431505;16.336402
7;2025-12-25;2;0.0;0.0
7;2025-12-25;3;0.0;0.0
7;2025-12-25;4;1.525906;1.517074
7;2025-12-25;5;212.764554;211.533109
7;2025-12-25;6;779.27041;774.760126
7;2025-12-25;7;1678.82152;1669.104788
7;2025-12-25;8;2580.318107;2565.383666
7;2025-12-25;9;1883.171123;1872.27165
7;2025-12-25;10;1589.638274;1580.437719
7;2025-12-25;11;1467.671005;1459.176376
7;2025-12-25;12;1542.492918;1533.565232
7;2025-12-25;13;1580.85407;1571.704357
7;2025-12-25;14;1631.514292;1622.071367
7;2025-12-25;15;1705.486797;1695.615731
7;2025-12-25;16;1821.557228;1811.014366
7;2025-12-25;17;2312.740988;2299.355238
7;2025-12-25;18;2803.473829;2787.247801
7;2025-12-25;19;1837.131733;1826.498728
7;2025-12-25;20;1149.476534;1142.82356
7;2025-12-25;21;721.087207;716.913678
7;2025-12-25;22;346.315973;344.311555
7;2025-12-25;23;221.801547;220.517798
7;2025-12-26;0;70.878875;69.194551
7;2025-12-26;1;14.953606;14.598258
7;2025-12-26;2;0.0;0.0
7;2025-12-26;3;0.0;0.0
7;2025-12-26;4;1.179122;1.151102
7;2025-12-26;5;206.393587;201.488973
7;2025-12-26;6;709.529005;692.668181
7;2025-12-26;7;1648.769932;1609.589546
7;2025-12-26;8;2383.907533;2327.257775
7;2025-12-26;9;1813.845864;1770.742712
7;2025-12-26;10;1573.669041;1536.273308
7;2025-12-26;11;1512.100176;1476.167528
7;2025-12-26;12;1565.031101;1527.840635
7;2025-12-26;13;1696.018605;1655.71543
7;2025-12-26;14;1715.260113;1674.499694
7;2025-12-26;15;1839.868734;1796.14719
7;2025-12-26;16;2037.565558;1989.146065
7;2025-12-26;17;2271.2235;2217.251498
7;2025-12-26;18;2151.65735;2100.526647
7;2025-12-26;19;1621.576759;1583.042575
7;2025-12-26;20;1108.861561;1082.511236
7;2025-12-26;21;673.305046;657.305026
7;2025-12-26;22;387.611743;378.400769
7;2025-12-26;23;251.162315;245.193843
7;2025-12-27;0;117.02588;117.685429
7;2025-12-27;1;30.9225;31.096777
7;2025-12-27;2;0.0;0.0
7;2025-12-27;3;0.0;0.0
7;2025-12-27;4;0.830459;0.835139
7;2025-12-27;5;67.870812;68.253326
7;2025-12-27;6;339.291977;341.204201
7;2025-12-27;7;535.111507;538.127355
7;2025-12-27;8;887.934913;892.939247
7;2025-12-27;9;927.812585;933.041667
7;2025-12-27;10;1025.7406;1031.521597
7;2025-12-27;11;1165.30818;1171.875769
7;2025-12-27;12;1312.670137;1320.068248
7;2025-12-27;13;1298.585899;1305.904632
7;2025-12-27;14;1386.551275;1394.365773
7;2025-12-27;15;1277.796096;1284.997659
7;2025-12-27;16;1207.605128;1214.4111
7;2025-12-27;17;1177.854357;1184.492656
7;2025-12-27;18;1177.854357;1184.492656
7;2025-12-27;19;1128.123686;1134.481707
7;2025-12-27;20;837.978288;842.701071
7;2025-12-27;21;669.9875;673.763499
7;2025-12-27;22;373.134273;375.237229
7;2025-12-27;23;254.419724;255.853614
7;2025-12-28;0;112.784669;112.318123
7;2025-12-28;1;19.596896;19.515832
7;2025-12-28;2;0.0;0.0
7;2025-12-28;3;0.0;0.0
7;2025-12-28;4;0.0;0.0
7;2025-12-28;5;42.464549;42.28889
7;2025-12-28;6;213.506422;212.62323
7;2025-12-28;7;323.250577;321.913417
7;2025-12-28;8;537.106126;534.884329
7;2025-12-28;9;650.652531;647.961037
7;2025-12-28;10;705.21217;702.294985
7;2025-12-28;11;900.445189;896.720401
7;2025-12-28;12;982.857192;978.791498
7;2025-12-28;13;1012.298001;1008.110522
7;2025-12-28;14;1077.782982;1073.324618
7;2025-12-28;15;1066.680245;1062.267808
7;2025-12-28;16;944.58955;940.682155
7;2025-12-28;17;969.286125;965.27657
7;2025-12-28;18;952.815184;948.873762
7;2025-12-28;19;808.022386;804.679916
7;2025-12-28;20;679.192319;676.382768
7;2025-12-28;21;513.748036;511.622863
7;2025-12-28;22;295.002655;293.782345
7;2025-12-28;23;183.591975;182.832527
7;2025-12-29;0;74.02468;74.335684
7;2025-12-29;1;13.699529;13.757086
7;2025-12-29;2;0.0;0.0
7;2025-12-29;3;0.0;0.0
7;2025-12-29;4;1.364907;1.370642
7;2025-12-29;5;221.966592;222.899151
7;2025-12-29;6;744.67493;747.80357
7;2025-12-29;7;1675.825896;1682.866626
7;2025-12-29;8;2483.781543;2494.216778
7;2025-12-29;9;1878.962755;1886.856935
7;2025-12-29;10;1561.27519;1567.834653
7;2025-12-29;11;1374.610833;1380.386054
7;2025-12-29;12;1486.445798;1492.690877
7;2025-12-29;13;1491.739716;1498.007036
7;2025-12-29;14;1504.093579;1510.412803
7;2025-12-29;15;1646.709313;1653.627715
7;2025-12-29;16;1787.639814;1795.150314
7;2025-12-29;17;2297.279335;2306.93101
7;2025-12-29;18;2652.022026;2663.164099
7;2025-12-29;19;1787.375883;1794.885275
7;2025-12-29;20;1129.033892;1133.777358
7;2025-12-29;21;638.956803;641.641285
7;2025-12-29;22;326.856801;328.23004
7;2025-12-29;23;194.656067;195.473885
7;2025-12-30;0;59.758573;59.890811
7;2025-12-30;1;13.368712;13.398296
7;2025-12-30;2;0.0;0.0
7;2025-12-30;3;0.0;0.0
7;2025-12-30;4;2.052049;2.05659
7;2025-12-30;5;228.16689;228.671795
7;2025-12-30;6;758.07277;759.750292
7;2025-12-30;7;1729.546707;1733.373981
7;2025-12-30;8;2573.855262;2579.550887
7;2025-12-30;9;1908.825377;1913.049373
7;2025-12-30;10;1663.192982;1666.873423
7;2025-12-30;11;1526.996195;1530.375249
7;2025-12-30;12;1574.248135;1577.731752
7;2025-12-30;13;1581.570221;1585.070041
7;2025-12-30;14;1592.995271;1596.520373
7;2025-12-30;15;1762.151689;1766.051113
7;2025-12-30;16;1827.11079;1831.153961
7;2025-12-30;17;2377.955413;2383.217535
7;2025-12-30;18;2708.759487;2714.753637
7;2025-12-30;19;1911.196542;1915.425785
7;2025-12-30;20;1191.912503;1194.550058
7;2025-12-30;21;711.146254;712.719933
7;2025-12-30;22;366.318637;367.129255
7;2025-12-30;23;203.404888;203.854998
7;2025-12-31;0;116.89065;112.677233
7;2025-12-31;1;21.34036;20.571129
7;2025-12-31;2;0.0;0.0
7;2025-12-31;3;0.0;0.0
7;2025-12-31;4;0.709571;0.683994
7;2025-12-31;5;49.33549;47.557153
7;2025-12-31;6;260.467177;251.078428
7;2025-12-31;7;427.415;412.008483
7;2025-12-31;8;668.409151;644.315806
7;2025-12-31;9;731.637138;705.26469
7;2025-12-31;10;818.679125;789.169179
7;2025-12-31;11;992.902898;957.112916
7;2025-12-31;12;1091.740132;1052.387482
7;2025-12-31;13;1184.622438;1141.921771
7;2025-12-31;14;1227.489153;1183.24332
7;2025-12-31;15;1163.97467;1122.018268
7;2025-12-31;16;1038.783302;1001.339523
7;2025-12-31;17;1025.80598;988.829979
7;2025-12-31;18;1051.54222;1013.638536
7;2025-12-31;19;994.533159;958.684413
7;2025-12-31;20;789.316938;760.865375
7;2025-12-31;21;616.560004;594.335603
7;2025-12-31;22;351.906507;339.221755
7;2025-12-31;23;195.29471;188.255156
11;2025-11-01;0;81.315318;79.125587
11;2025-11-01;1;0.477661;0.464798
11;2025-11-01;2;0.0;0.0
11;2025-11-01;3;0.0;0.0
11;2025-11-01;4;0.0;0.0
11;2025-11-01;5;320.979466;312.335845
11;2025-11-01;6;1398.35614;1360.699961
11;2025-11-01;7;2392.791872;2328.356643
11;2025-11-01;8;3114.983878;3031.100819
11;2025-11-01;9;2461.86483;2395.569543
11;2025-11-01;10;1961.280463;1908.465357
11;2025-11-01;11;1933.466649;1881.400538
11;2025-11-01;12;2002.494989;1948.570022
11;2025-11-01;13;2019.63612;1965.249561
11;2025-11-01;14;2119.939992;2062.852361
11;2025-11-01;15;2292.343461;2230.613196
11;2025-11-01;16;2560.789588;2491.830367
11;2025-11-01;17;3006.554904;2925.591718
11;2025-11-01;18;2759.019768;2684.722428
11;2025-11-01;19;2218.110663;2158.379404
11;2025-11-01;20;1520.938921;1479.981724
11;2025-11-01;21;984.456268;957.945954
11;2025-11-01;22;537.095396;522.632013
11;2025-11-01;23;324.014645;315.289291
11;2025-11-02;0;97.814109;94.159768
11;2025-11-02;1;9.766894;9.402002
11;2025-11-02;2;0.0;0.0
11;2025-11-02;3;0.0;0.0
11;2025-11-02;4;3.478379;3.348426
11;2025-11-02;5;180.468674;173.726354
11;2025-11-02;6;673.367178;648.210141
11;2025-11-02;7;576.53534;554.995946
11;2025-11-02;8;753.750387;725.590228
11;2025-11-02;9;950.584909;915.071001
11;2025-11-02;10;1025.697327;987.377215
11;2025-11-02;11;1433.617886;1380.057838
11;2025-11-02;12;1611.711734;1551.49809
11;2025-11-02;13;1550.961343;1493.017338
11;2025-11-02;14;1569.111815;1510.489706
11;2025-11-02;15;1625.193143;1564.475832
11;2025-11-02;16;1548.091424;1490.254638
11;2025-11-02;17;1636.687356;1575.540622
11;2025-11-02;18;1463.115828;1408.453736
11;2025-11-02;19;1292.094419;1243.821697
11;2025-11-02;20;1109.142327;1067.704706
11;2025-11-02;21;763.769608;735.235132
11;2025-11-02;22;458.480311;441.35146
11;2025-11-02;23;286.941919;276.221753
11;2025-11-03;0;95.193662;91.722534
11;2025-11-03;1;9.505238;9.15864
11;2025-11-03;2;0.0;0.0
11;2025-11-03;3;0.0;0.0
11;2025-11-03;4;3.385193;3.261755
11;2025-11-03;5;175.633905;169.229616
11;2025-11-03;6;655.327622;631.431852
11;2025-11-03;7;561.089916;540.630416
11;2025-11-03;8;733.557359;706.809031
11;2025-11-03;9;925.11867;891.385279
11;2025-11-03;10;998.218822;961.819917
11;2025-11-03;11;1395.211159;1344.336384
11;2025-11-03;12;1568.53386;1511.339072
11;2025-11-03;13;1509.410977;1454.372037
11;2025-11-03;14;1527.075196;1471.39215
11;2025-11-03;15;1581.654101;1523.980898
11;2025-11-03;16;1506.617943;1451.680847
11;2025-11-03;17;1592.840384;1534.759286
11;2025-11-03;18;1423.918849;1371.997281
11;2025-11-03;19;1257.479116;1211.626582
11;2025-11-03;20;1079.428324;1040.068208
11;2025-11-03;21;743.308165;716.204286
11;2025-11-03;22;446.197591;429.927507
11;2025-11-03;23;279.254725;269.072021
11;2025-11-04;0;93.960459;91.239276
11;2025-11-04;1;9.382101;9.110386
11;2025-11-04;2;0.0;0.0
11;2025-11-04;3;0.0;0.0
11;2025-11-04;4;3.341338;3.24457
11;2025-11-04;5;173.358626;168.337997
11;2025-11-04;6;646.83807;628.105031
11;2025-11-04;7;553.821182;537.782
11;2025-11-04;8;724.054367;703.085072
11;2025-11-04;9;913.134064;886.688844
11;2025-11-04;10;985.287227;956.752383
11;2025-11-04;11;1377.13666;1337.253488
11;2025-11-04;12;1548.214024;1503.37629
11;2025-11-04;13;1489.857058;1446.709397
11;2025-11-04;14;1507.292442;1463.639836
11;2025-11-04;15;1561.164296;1515.95151
11;2025-11-04;16;1487.100206;1444.032387
11;2025-11-04;17;1572.205664;1526.67311
11;2025-11-04;18;1405.472452;1364.768649
11;2025-11-04;19;1241.188891;1205.242894
11;2025-11-04;20;1065.444688;1034.588408
11;2025-11-04;21;733.678854;712.430825
11;2025-11-04;22;440.417249;427.662351
11;2025-11-04;23;275.637072;267.654363
11;2025-11-05;0;69.955516;68.323582
11;2025-11-05;1;0.0;0.0
11;2025-11-05;2;0.0;0.0
11;2025-11-05;3;0.0;0.0
11;2025-11-05;4;0.0;0.0
11;2025-11-05;5;300.956109;293.935353
11;2025-11-05;6;1366.519273;1334.640878
11;2025-11-05;7;2443.991884;2386.978023
11;2025-11-05;8;3190.178283;3115.757259
11;2025-11-05;9;2405.775107;2349.652775
11;2025-11-05;10;1915.801152;1871.109015
11;2025-11-05;11;1958.705671;1913.012651
11;2025-11-05;12;1928.689531;1883.696732
11;2025-11-05;13;2016.959763;1969.907781
11;2025-11-05;14;2000.927022;1954.249055
11;2025-11-05;15;2036.483398;1988.975966
11;2025-11-05;16;2206.042628;2154.579688
11;2025-11-05;17;2899.579373;2831.93749
11;2025-11-05;18;3216.786926;3141.745171
11;2025-11-05;19;2416.628057;2360.252545
11;2025-11-05;20;1663.614888;1624.805795
11;2025-11-05;21;948.49416;926.367527
11;2025-11-05;22;491.364677;479.902038
11;2025-11-05;23;264.992991;258.811189
11;2025-11-06;0;68.321407;67.02324
11;2025-11-06;1;0.0;0.0
11;2025-11-06;2;0.0;0.0
11;2025-11-06;3;0.0;0.0
11;2025-11-06;4;0.0;0.0
11;2025-11-06;5;308.311475;302.453286
11;2025-11-06;6;1345.627872;1320.059759
11;2025-11-06;7;2387.831128;2342.460236
11;2025-11-06;8;3022.00189;2964.581196
11;2025-11-06;9;2466.996648;2420.121542
11;2025-11-06;10;1928.298258;1891.658895
11;2025-11-06;11;1832.50863;1797.689354
11;2025-11-06;12;1895.210096;1859.199437
11;2025-11-06;13;1994.294128;1956.400786
11;2025-11-06;14;1928.82542;1892.176041
11;2025-11-06;15;2042.703608;2003.890443
11;2025-11-06;16;2271.33328;2228.17595
11;2025-11-06;17;2792.161962;2739.108429
11;2025-11-06;18;3152.107981;3092.215157
11;2025-11-06;19;2312.843271;2268.897215
11;2025-11-06;20;1583.124602;1553.043842
11;2025-11-06;21;951.89745;933.810561
11;2025-11-06;22;485.565182;476.339016
11;2025-11-06;23;257.576373;252.682195
11;2025-11-07;0;78.626165;77.115832
11;2025-11-07;1;0.461864;0.452992
11;2025-11-07;2;0.0;0.0
11;2025-11-07;3;0.0;0.0
11;2025-11-07;4;0.0;0.0
11;2025-11-07;5;310.364456;304.402652
11;2025-11-07;6;1352.111548;1326.138778
11;2025-11-07;7;2313.660612;2269.217403
11;2025-11-07;8;3011.969235;2954.112185
11;2025-11-07;9;2380.44928;2334.723124
11;2025-11-07;10;1896.41958;1859.991172
11;2025-11-07;11;1869.525587;1833.613788
11;2025-11-07;12;1936.271113;1899.077196
11;2025-11-07;13;1952.845375;1915.333082
11;2025-11-07;14;2049.832129;2010.456813
11;2025-11-07;15;2216.534098;2173.956597
11;2025-11-07;16;2476.102529;2428.538966
11;2025-11-07;17;2907.126081;2851.282968
11;2025-11-07;18;2667.777101;2616.531653
11;2025-11-07;19;2144.756229;2103.557512
11;2025-11-07;20;1470.640433;1442.390836
11;2025-11-07;21;951.899628;933.614546
11;2025-11-07;22;519.333285;509.357389
11;2025-11-07;23;313.29926;307.281081
11;2025-11-08;0;110.417086;107.376879
11;2025-11-08;1;1.92686;1.873806
11;2025-11-08;2;0.0;0.0
11;2025-11-08;3;0.0;0.0
11;2025-11-08;4;3.353156;3.260831
11;2025-11-08;5;219.720138;213.670397
11;2025-11-08;6;858.208096;834.578324
11;2025-11-08;7;778.630059;757.191376
11;2025-11-08;8;1048.699444;1019.824712
11;2025-11-08;9;1221.164464;1187.541106
11;2025-11-08;10;1340.504345;1303.595101
11;2025-11-08;11;1766.570599;1717.930111
11;2025-11-08;12;1890.726929;1838.667939
11;2025-11-08;13;1828.942279;1778.584459
11;2025-11-08;14;1827.098866;1776.791802
11;2025-11-08;15;1824.449866;1774.215739
11;2025-11-08;16;1862.790067;1811.500287
11;2025-11-08;17;1863.509073;1812.199496
11;2025-11-08;18;1649.928764;1604.499875
11;2025-11-08;19;1623.847386;1579.136618
11;2025-11-08;20;1242.728353;1208.511259
11;2025-11-08;21;863.912788;840.125944
11;2025-11-08;22;505.856756;491.928573
11;2025-11-08;23;344.33753;334.856592
11;2025-11-09;0;114.217459;111.467712
11;2025-11-09;1;15.117071;14.753133
11;2025-11-09;2;0.0;0.0
11;2025-11-09;3;0.0;0.0
11;2025-11-09;4;1.239046;1.209216
11;2025-11-09;5;127.321655;124.256429
11;2025-11-09;6;558.312628;544.87144
11;2025-11-09;7;549.126497;535.906462
11;2025-11-09;8;707.719366;690.681261
11;2025-11-09;9;1003.715074;979.550972
11;2025-11-09;10;1089.575381;1063.344221
11;2025-11-09;11;1520.748256;1484.136756
11;2025-11-09;12;1662.474289;1622.450782
11;2025-11-09;13;1567.246479;1529.515549
11;2025-11-09;14;1621.47057;1582.434213
11;2025-11-09;15;1681.036783;1640.566391
11;2025-11-09;16;1602.634701;1564.051812
11;2025-11-09;17;1757.447093;1715.137148
11;2025-11-09;18;1445.778552;1410.971922
11;2025-11-09;19;1221.633007;1192.222605
11;2025-11-09;20;1026.151417;1001.447168
11;2025-11-09;21;705.535574;688.550043
11;2025-11-09;22;423.240932;413.05155
11;2025-11-09;23;259.48532;253.238298
11;2025-11-10;0;82.114363;80.893002
11;2025-11-10;1;6.79092;6.689913
11;2025-11-10;2;0.0;0.0
11;2025-11-10;3;0.0;0.0
11;2025-11-10;4;0.0;0.0
11;2025-11-10;5;311.930373;307.290752
11;2025-11-10;6;1425.50598;1404.303146
11;2025-11-10;7;2398.283272;2362.611445
11;2025-11-10;8;3100.979995;3054.856326
11;2025-11-10;9;2449.385612;2412.953694
11;2025-11-10;10;1811.551351;1784.606516
11;2025-11-10;11;1853.333525;1825.767226
11;2025-11-10;12;1787.560206;1760.972213
11;2025-11-10;13;1920.393563;1891.82982
11;2025-11-10;14;1889.035577;1860.93825
11;2025-11-10;15;1983.735563;1954.229677
11;2025-11-10;16;2264.365021;2230.685081
11;2025-11-10;17;2871.846821;2829.131257
11;2025-11-10;18;3257.866798;3209.40961
11;2025-11-10;19;2430.934461;2394.776983
11;2025-11-10;20;1660.47439;1635.776659
11;2025-11-10;21;933.120478;919.241336
11;2025-11-10;22;464.206878;457.302311
11;2025-11-10;23;233.857326;230.378955
11;2025-11-11;0;64.684917;63.83868
11;2025-11-11;1;0.0;0.0
11;2025-11-11;2;0.0;0.0
11;2025-11-11;3;0.0;0.0
11;2025-11-11;4;0.0;0.0
11;2025-11-11;5;297.202892;293.314749
11;2025-11-11;6;1434.042912;1415.282112
11;2025-11-11;7;2432.115636;2400.297596
11;2025-11-11;8;3173.85683;3132.334995
11;2025-11-11;9;2494.741117;2462.103782
11;2025-11-11;10;1906.655172;1881.711444
11;2025-11-11;11;1843.074593;1818.962655
11;2025-11-11;12;1835.271333;1811.261481
11;2025-11-11;13;1967.483558;1941.744045
11;2025-11-11;14;1959.524509;1933.88912
11;2025-11-11;15;1994.410684;1968.318899
11;2025-11-11;16;2276.806352;2247.020138
11;2025-11-11;17;2860.060524;2822.643914
11;2025-11-11;18;3175.773073;3134.226169
11;2025-11-11;19;2428.727771;2396.954052
11;2025-11-11;20;1603.756178;1582.775112
11;2025-11-11;21;920.624864;908.580832
11;2025-11-11;22;480.638784;474.350849
11;2025-11-11;23;241.58166;238.421179
11;2025-11-12;0;68.14084;67.483867
11;2025-11-12;1;0.0;0.0
11;2025-11-12;2;0.0;0.0
11;2025-11-12;3;0.0;0.0
11;2025-11-12;4;0.0;0.0
11;2025-11-12;5;293.14918;290.322812
11;2025-11-12;6;1331.071188;1318.237799
11;2025-11-12;7;2380.593705;2357.64145
11;2025-11-12;8;3107.423715;3077.463801
11;2025-11-12;9;2343.368288;2320.774938
11;2025-11-12;10;1866.104463;1848.112604
11;2025-11-12;11;1907.896021;1889.501233
11;2025-11-12;12;1878.658512;1860.545615
11;2025-11-12;13;1964.638977;1945.697108
11;2025-11-12;14;1949.022133;1930.230832
11;2025-11-12;15;1983.656161;1964.53094
11;2025-11-12;16;2148.816953;2128.09935
11;2025-11-12;17;2824.363063;2797.132251
11;2025-11-12;18;3133.342118;3103.132315
11;2025-11-12;19;2353.939708;2331.244434
11;2025-11-12;20;1620.460017;1604.836515
11;2025-11-12;21;923.889822;914.982231
11;2025-11-12;22;478.618471;474.003919
11;2025-11-12;23;258.118961;255.630333
11;2025-11-13;0;69.70306;68.57029
11;2025-11-13;1;0.0;0.0
11;2025-11-13;2;0.0;0.0
11;2025-11-13;3;0.0;0.0
11;2025-11-13;4;0.0;0.0
11;2025-11-13;5;314.546412;309.4346
11;2025-11-13;6;1372.840305;1350.529759
11;2025-11-13;7;2436.119883;2396.52958
11;2025-11-13;8;3083.115386;3033.010515
11;2025-11-13;9;2516.886356;2475.983486
11;2025-11-13;10;1967.293948;1935.322712
11;2025-11-13;11;1869.567181;1839.184139
11;2025-11-13;12;1933.536649;1902.114016
11;2025-11-13;13;2034.624443;2001.558994
11;2025-11-13;14;1967.831771;1935.851794
11;2025-11-13;15;2084.012901;2050.144821
11;2025-11-13;16;2317.266116;2279.607351
11;2025-11-13;17;2848.627439;2802.33332
11;2025-11-13;18;3215.852594;3163.590561
11;2025-11-13;19;2359.615558;2321.268555
11;2025-11-13;20;1615.139896;1588.891649
11;2025-11-13;21;971.147531;955.365046
11;2025-11-13;22;495.384694;487.334011
11;2025-11-13;23;262.785302;258.514678
11;2025-11-14;0;79.955371;78.427214
11;2025-11-14;1;0.469672;0.460695
11;2025-11-14;2;0.0;0.0
11;2025-11-14;3;0.0;0.0
11;2025-11-14;4;0.0;0.0
11;2025-11-14;5;315.611289;309.579127
11;2025-11-14;6;1374.969523;1348.690237
11;2025-11-14;7;2352.77395;2307.806249
11;2025-11-14;8;3062.887754;3004.347909
11;2025-11-14;9;2420.691707;2374.425918
11;2025-11-14;10;1928.479295;1891.620981
11;2025-11-14;11;1901.130649;1864.79504
11;2025-11-14;12;1969.004534;1931.371676
11;2025-11-14;13;1985.85899;1947.903999
11;2025-11-14;14;2084.485344;2044.645344
11;2025-11-14;15;2254.005474;2210.925499
11;2025-11-14;16;2517.962011;2469.837131
11;2025-11-14;17;2956.272186;2899.770045
11;2025-11-14;18;2712.876917;2661.026701
11;2025-11-14;19;2181.014173;2139.329253
11;2025-11-14;20;1495.502185;1466.919203
11;2025-11-14;21;967.991863;949.490992
11;2025-11-14;22;528.112817;518.019192
11;2025-11-14;23;318.595706;312.506504
11;2025-11-15;0;101.105489;99.461715
11;2025-11-15;1;1.764366;1.735681
11;2025-11-15;2;0.0;0.0
11;2025-11-15;3;0.0;0.0
11;2025-11-15;4;3.070381;3.020463
11;2025-11-15;5;201.190892;197.919928
11;2025-11-15;6;785.834442;773.058338
11;2025-11-15;7;712.96731;701.375881
11;2025-11-15;8;960.26144;944.6495
11;2025-11-15;9;1118.182292;1100.002873
11;2025-11-15;10;1227.458106;1207.50208
11;2025-11-15;11;1617.593714;1591.294859
11;2025-11-15;12;1731.279801;1703.132637
11;2025-11-15;13;1674.705521;1647.478142
11;2025-11-15;14;1673.017564;1645.817628
11;2025-11-15;15;1670.591958;1643.431457
11;2025-11-15;16;1705.698886;1677.967617
11;2025-11-15;17;1706.357258;1678.615285
11;2025-11-15;18;1510.788416;1486.226003
11;2025-11-15;19;1486.906511;1462.73237
11;2025-11-15;20;1137.927674;1119.427235
11;2025-11-15;21;791.058051;778.197022
11;2025-11-15;22;463.197287;455.666621
11;2025-11-15;23;315.299159;310.173022
11;2025-11-16;0;113.876986;110.591626
11;2025-11-16;1;15.072009;14.63718
11;2025-11-16;2;0.0;0.0
11;2025-11-16;3;0.0;0.0
11;2025-11-16;4;1.235352;1.199712
11;2025-11-16;5;126.94212;123.279829
11;2025-11-16;6;556.648347;540.588995
11;2025-11-16;7;547.489599;531.694478
11;2025-11-16;8;705.609716;685.252816
11;2025-11-16;9;1000.723087;971.85214
11;2025-11-16;10;1086.327452;1054.986812
11;2025-11-16;11;1516.215039;1472.472106
11;2025-11-16;12;1657.518598;1609.699046
11;2025-11-16;13;1562.574654;1517.494242
11;2025-11-16;14;1616.637108;1569.99699
11;2025-11-16;15;1676.02576;1627.672274
11;2025-11-16;16;1597.857387;1551.759065
11;2025-11-16;17;1752.208296;1701.656938
11;2025-11-16;18;1441.468812;1399.882315
11;2025-11-16;19;1217.991425;1182.852269
11;2025-11-16;20;1023.092549;993.576242
11;2025-11-16;21;703.432434;683.138348
11;2025-11-16;22;421.979288;409.80515
11;2025-11-16;23;258.711817;251.247959
11;2025-11-17;0;78.588654;78.74585
11;2025-11-17;1;6.499342;6.512342
11;2025-11-17;2;0.0;0.0
11;2025-11-17;3;0.0;0.0
11;2025-11-17;4;0.0;0.0
11;2025-11-17;5;298.537154;299.134302
11;2025-11-17;6;1364.299649;1367.028582
11;2025-11-17;7;2295.309224;2299.900405
11;2025-11-17;8;2967.834563;2973.770959
11;2025-11-17;9;2344.217406;2348.906414
11;2025-11-17;10;1733.769557;1737.237521
11;2025-11-17;11;1773.757748;1777.305698
11;2025-11-17;12;1710.808509;1714.230545
11;2025-11-17;13;1837.938459;1841.614786
11;2025-11-17;14;1807.926877;1811.543173
11;2025-11-17;15;1898.56077;1902.358357
11;2025-11-17;16;2167.140963;2171.475776
11;2025-11-17;17;2748.539581;2754.037333
11;2025-11-17;18;3117.985186;3124.221919
11;2025-11-17;19;2326.558483;2331.21217
11;2025-11-17;20;1589.179322;1592.35807
11;2025-11-17;21;893.055489;894.841819
11;2025-11-17;22;444.275429;445.164089
11;2025-11-17;23;223.816295;224.263983
11;2025-11-18;0;60.125817;59.933863
11;2025-11-18;1;0.0;0.0
11;2025-11-18;2;0.0;0.0
11;2025-11-18;3;0.0;0.0
11;2025-11-18;4;0.0;0.0
11;2025-11-18;5;276.25554;275.373583
11;2025-11-18;6;1332.969192;1328.713636
11;2025-11-18;7;2260.696097;2253.478736
11;2025-11-18;8;2950.158143;2940.739648
11;2025-11-18;9;2318.90763;2311.504427
11;2025-11-18;10;1772.270957;1766.612913
11;2025-11-18;11;1713.171642;1707.702275
11;2025-11-18;12;1705.918369;1700.472158
11;2025-11-18;13;1828.812057;1822.973503
11;2025-11-18;14;1821.413975;1815.59904
11;2025-11-18;15;1853.841315;1847.922855
11;2025-11-18;16;2116.333268;2109.576792
11;2025-11-18;17;2658.47872;2649.991423
11;2025-11-18;18;2951.939326;2942.515145
11;2025-11-18;19;2257.547014;2250.339707
11;2025-11-18;20;1490.720786;1485.961601
11;2025-11-18;21;855.737699;853.005723
11;2025-11-18;22;446.762566;445.336259
11;2025-11-18;23;224.554585;223.837685
11;2025-11-19;0;69.447231;68.496287
11;2025-11-19;1;0.0;0.0
11;2025-11-19;2;0.0;0.0
11;2025-11-19;3;0.0;0.0
11;2025-11-19;4;0.0;0.0
11;2025-11-19;5;298.769413;294.678352
11;2025-11-19;6;1356.590377;1338.014535
11;2025-11-19;7;2426.234254;2393.01174
11;2025-11-19;8;3166.99899;3123.633157
11;2025-11-19;9;2388.295155;2355.592141
11;2025-11-19;10;1901.881267;1875.838736
11;2025-11-19;11;1944.474049;1917.848294
11;2025-11-19;12;1914.676001;1888.458272
11;2025-11-19;13;2002.304877;1974.887242
11;2025-11-19;14;1986.388627;1959.188934
11;2025-11-19;15;2021.686656;1994.003627
11;2025-11-19;16;2190.013897;2160.025956
11;2025-11-19;17;2878.511523;2839.095959
11;2025-11-19;18;3193.4143;3149.68676
11;2025-11-19;19;2399.069249;2366.218705
11;2025-11-19;20;1651.527345;1628.91292
11;2025-11-19;21;941.602563;928.709165
11;2025-11-19;22;487.794505;481.115117
11;2025-11-19;23;263.067597;259.465403
11;2025-11-20;0;69.706209;68.678427
11;2025-11-20;1;0.0;0.0
11;2025-11-20;2;0.0;0.0
11;2025-11-20;3;0.0;0.0
11;2025-11-20;4;0.0;0.0
11;2025-11-20;5;314.560619;309.922587
11;2025-11-20;6;1372.902309;1352.659585
11;2025-11-20;7;2436.229911;2400.308978
11;2025-11-20;8;3083.254636;3037.793663
11;2025-11-20;9;2517.000031;2479.888185
11;2025-11-20;10;1967.382801;1938.374773
11;2025-11-20;11;1869.65162;1842.084587
11;2025-11-20;12;1933.623978;1905.113706
11;2025-11-20;13;2034.716337;2004.715512
11;2025-11-20;14;1967.920648;1938.90469
11;2025-11-20;15;2084.107026;2053.37796
11;2025-11-20;16;2317.370776;2283.202359
11;2025-11-20;17;2848.756098;2806.752683
11;2025-11-20;18;3215.997839;3168.579636
11;2025-11-20;19;2359.72213;2324.929264
11;2025-11-20;20;1615.212844;1591.397378
11;2025-11-20;21;971.191393;956.871685
11;2025-11-20;22;495.407069;488.102551
11;2025-11-20;23;262.79717;258.922364
11;2025-11-21;0;79.72004;78.408339
11;2025-11-21;1;0.46829;0.460584
11;2025-11-21;2;0.0;0.0
11;2025-11-21;3;0.0;0.0
11;2025-11-21;4;0.0;0.0
11;2025-11-21;5;314.682355;309.504622
11;2025-11-21;6;1370.922597;1348.365658
11;2025-11-21;7;2345.849068;2307.250846
11;2025-11-21;8;3053.872806;3003.624875
11;2025-11-21;9;2413.566924;2373.854483
11;2025-11-21;10;1922.803233;1891.165739
11;2025-11-21;11;1895.535082;1864.346253
11;2025-11-21;12;1963.209195;1930.906867
11;2025-11-21;13;1980.014044;1947.435212
11;2025-11-21;14;2078.350112;2044.153274
11;2025-11-21;15;2247.371297;2210.393412
11;2025-11-21;16;2510.550934;2469.242734
11;2025-11-21;17;2947.571038;2899.072179
11;2025-11-21;18;2704.89215;2660.386291
11;2025-11-21;19;2174.594829;2138.814396
11;2025-11-21;20;1491.100498;1466.566171
11;2025-11-21;21;965.142789;949.262485
11;2025-11-21;22;526.558431;517.894524
11;2025-11-21;23;317.657989;312.431296
11;2025-11-22;0;104.486427;103.87008
11;2025-11-22;1;1.823366;1.81261
11;2025-11-22;2;0.0;0.0
11;2025-11-22;3;0.0;0.0
11;2025-11-22;4;3.173054;3.154336
11;2025-11-22;5;207.918657;206.692181
11;2025-11-22;6;812.112519;807.322009
11;2025-11-22;7;736.808731;732.462425
11;2025-11-22;8;992.372305;986.518475
11;2025-11-22;9;1155.573984;1148.757456
11;2025-11-22;10;1268.50395;1261.021268
11;2025-11-22;11;1671.685579;1661.8246
11;2025-11-22;12;1789.173297;1778.619277
11;2025-11-22;13;1730.707188;1720.49805
11;2025-11-22;14;1728.962787;1718.763939
11;2025-11-22;15;1726.456069;1716.272008
11;2025-11-22;16;1762.736963;1752.338887
11;2025-11-22;17;1763.417351;1753.015261
11;2025-11-22;18;1561.308744;1552.098857
11;2025-11-22;19;1536.628234;1527.563933
11;2025-11-22;20;1175.979646;1169.042748
11;2025-11-22;21;817.510803;812.688451
11;2025-11-22;22;478.68647;475.862783
11;2025-11-22;23;325.842671;323.920583
11;2025-11-23;0;113.063123;110.990746
11;2025-11-23;1;14.964291;14.690005
11;2025-11-23;2;0.0;0.0
11;2025-11-23;3;0.0;0.0
11;2025-11-23;4;1.226524;1.204042
11;2025-11-23;5;126.034882;123.72474
11;2025-11-23;6;552.670055;542.539954
11;2025-11-23;7;543.576763;533.613337
11;2025-11-23;8;700.566817;687.72586
11;2025-11-23;9;993.571051;975.359507
11;2025-11-23;10;1078.563613;1058.794208
11;2025-11-23;11;1505.378851;1477.786186
11;2025-11-23;12;1645.672532;1615.508371
11;2025-11-23;13;1551.40714;1522.970805
11;2025-11-23;14;1605.083216;1575.663032
11;2025-11-23;15;1664.047425;1633.546464
11;2025-11-23;16;1586.437712;1557.359288
11;2025-11-23;17;1739.685496;1707.798135
11;2025-11-23;18;1431.166826;1404.934422
11;2025-11-23;19;1209.286602;1187.121125
11;2025-11-23;20;1015.780642;997.16201
11;2025-11-23;21;698.405095;685.603761
11;2025-11-23;22;418.963458;411.284116
11;2025-11-23;23;256.862838;252.1547
11;2025-11-24;0;75.371869;75.348137
11;2025-11-24;1;6.233311;6.231348
11;2025-11-24;2;0.0;0.0
11;2025-11-24;3;0.0;0.0
11;2025-11-24;4;0.0;0.0
11;2025-11-24;5;286.317453;286.227303
11;2025-11-24;6;1308.456235;1308.044252
11;2025-11-24;7;2201.357795;2200.664671
11;2025-11-24;8;2846.355375;2845.459166
11;2025-11-24;9;2248.26407;2247.556177
11;2025-11-24;10;1662.803028;1662.279475
11;2025-11-24;11;1701.154425;1700.618796
11;2025-11-24;12;1640.78182;1640.2652
11;2025-11-24;13;1762.708096;1762.153086
11;2025-11-24;14;1733.924946;1733.378999
11;2025-11-24;15;1820.849019;1820.275703
11;2025-11-24;16;2078.435708;2077.781287
11;2025-11-24;17;2636.03656;2635.206572
11;2025-11-24;18;2990.360044;2989.418493
11;2025-11-24;19;2231.327961;2230.625401
11;2025-11-24;20;1524.13115;1523.651259
11;2025-11-24;21;856.501007;856.231327
11;2025-11-24;22;426.09038;425.95622
11;2025-11-24;23;214.655063;214.587476
11;2025-11-25;0;64.461069;63.663042
11;2025-11-25;1;0.0;0.0
11;2025-11-25;2;0.0;0.0
11;2025-11-25;3;0.0;0.0
11;2025-11-25;4;0.0;0.0
11;2025-11-25;5;296.174392;292.507759
11;2025-11-25;6;1429.080267;1411.388279
11;2025-11-25;7;2423.699063;2393.693712
11;2025-11-25;8;3162.87339;3123.717074
11;2025-11-25;9;2486.107822;2455.329852
11;2025-11-25;10;1900.057006;1876.534334
11;2025-11-25;11;1836.696454;1813.958184
11;2025-11-25;12;1828.920198;1806.278198
11;2025-11-25;13;1960.674889;1936.401769
11;2025-11-25;14;1952.743383;1928.568455
11;2025-11-25;15;1987.508832;1962.903508
11;2025-11-25;16;2268.927242;2240.837963
11;2025-11-25;17;2850.163006;2814.878039
11;2025-11-25;18;3164.783001;3125.603044
11;2025-11-25;19;2420.322922;2390.359367
11;2025-11-25;20;1598.206223;1578.420459
11;2025-11-25;21;917.438952;906.081074
11;2025-11-25;22;478.975486;473.045779
11;2025-11-25;23;240.745643;237.765217
11;2025-11-26;0;64.719333;63.955332
11;2025-11-26;1;0.0;0.0
11;2025-11-26;2;0.0;0.0
11;2025-11-26;3;0.0;0.0
11;2025-11-26;4;0.0;0.0
11;2025-11-26;5;278.429492;275.142674
11;2025-11-26;6;1264.235072;1249.310968
11;2025-11-26;7;2261.058672;2234.367217
11;2025-11-26;8;2951.392892;2916.552146
11;2025-11-26;9;2225.702429;2199.428348
11;2025-11-26;10;1772.403107;1751.480157
11;2025-11-26;11;1812.096216;1790.704695
11;2025-11-26;12;1784.326789;1763.263082
11;2025-11-26;13;1865.989979;1843.96225
11;2025-11-26;14;1851.157292;1829.30466
11;2025-11-26;15;1884.052267;1861.811315
11;2025-11-26;16;2040.919959;2016.827208
11;2025-11-26;17;2682.545361;2650.878319
11;2025-11-26;18;2976.009874;2940.878528
11;2025-11-26;19;2235.743033;2209.350425
11;2025-11-26;20;1539.093028;1520.924268
11;2025-11-26;21;877.49921;867.140465
11;2025-11-26;22;454.585947;449.219629
11;2025-11-26;23;245.15822;242.264164
11;2025-11-27;0;65.260726;64.56361
11;2025-11-27;1;0.0;0.0
11;2025-11-27;2;0.0;0.0
11;2025-11-27;3;0.0;0.0
11;2025-11-27;4;0.0;0.0
11;2025-11-27;5;294.499656;291.353806
11;2025-11-27;6;1285.346079;1271.615991
11;2025-11-27;7;2280.860438;2256.49625
11;2025-11-27;8;2886.621451;2855.786513
11;2025-11-27;9;2356.479481;2331.307528
11;2025-11-27;10;1841.913843;1822.238489
11;2025-11-27;11;1750.415424;1731.717458
11;2025-11-27;12;1810.307974;1790.970234
11;2025-11-27;13;1904.953213;1884.604472
11;2025-11-27;14;1842.417389;1822.736656
11;2025-11-27;15;1951.194032;1930.351346
11;2025-11-27;16;2169.581492;2146.405986
11;2025-11-27;17;2667.077953;2638.588182
11;2025-11-27;18;3010.899016;2978.736543
11;2025-11-27;19;2209.231907;2185.632856
11;2025-11-27;20;1512.203368;1496.049987
11;2025-11-27;21;909.254097;899.541429
11;2025-11-27;22;463.812704;458.85825
11;2025-11-27;23;246.037398;243.409223
11;2025-11-28;0;76.253351;75.194625
11;2025-11-28;1;0.447926;0.441707
11;2025-11-28;2;0.0;0.0
11;2025-11-28;3;0.0;0.0
11;2025-11-28;4;0.0;0.0
11;2025-11-28;5;300.998144;296.818989
11;2025-11-28;6;1311.306946;1293.100338
11;2025-11-28;7;2243.837969;2212.6838
11;2025-11-28;8;2921.072735;2880.515621
11;2025-11-28;9;2308.61106;2276.557561
11;2025-11-28;10;1839.188616;1813.652729
11;2025-11-28;11;1813.106242;1787.932491
11;2025-11-28;12;1877.837493;1851.764992
11;2025-11-28;13;1893.911569;1867.615891
11;2025-11-28;14;1987.971416;1960.36978
11;2025-11-28;15;2149.642581;2119.796251
11;2025-11-28;16;2401.377644;2368.036144
11;2025-11-28;17;2819.393584;2780.248215
11;2025-11-28;18;2587.267779;2551.34532
11;2025-11-28;19;2080.030856;2051.151037
11;2025-11-28;20;1426.258815;1406.456178
11;2025-11-28;21;923.172792;910.355164
11;2025-11-28;22;503.660622;496.667636
11;2025-11-28;23;303.84438;299.625707
11;2025-11-29;0;109.822751;108.359583
11;2025-11-29;1;1.916489;1.890955
11;2025-11-29;2;0.0;0.0
11;2025-11-29;3;0.0;0.0
11;2025-11-29;4;3.335108;3.290674
11;2025-11-29;5;218.537465;215.625891
11;2025-11-29;6;853.588678;842.216319
11;2025-11-29;7;774.43898;764.121132
11;2025-11-29;8;1043.05468;1029.158066
11;2025-11-29;9;1214.591385;1198.409388
11;2025-11-29;10;1333.288903;1315.5255
11;2025-11-29;11;1757.061799;1733.652471
11;2025-11-29;12;1880.549842;1855.495283
11;2025-11-29;13;1819.097756;1794.861923
11;2025-11-29;14;1817.264265;1793.052859
11;2025-11-29;15;1814.629524;1790.453221
11;2025-11-29;16;1852.763353;1828.078994
11;2025-11-29;17;1853.478489;1828.784602
11;2025-11-29;18;1641.047804;1619.18413
11;2025-11-29;19;1615.106813;1593.588751
11;2025-11-29;20;1236.039204;1219.571458
11;2025-11-29;21;859.262663;847.81471
11;2025-11-29;22;503.133915;496.430664
11;2025-11-29;23;342.484087;337.921173
11;2025-11-30;0;112.239821;109.734405
11;2025-11-30;1;14.855324;14.523724
11;2025-11-30;2;0.0;0.0
11;2025-11-30;3;0.0;0.0
11;2025-11-30;4;1.217592;1.190413
11;2025-11-30;5;125.117123;122.324259
11;2025-11-30;6;548.64563;536.398765
11;2025-11-30;7;539.618554;527.573191
11;2025-11-30;8;695.465439;679.941263
11;2025-11-30;9;986.336079;964.31909
11;2025-11-30;10;1070.709743;1046.809366
11;2025-11-30;11;1494.417003;1461.058635
11;2025-11-30;12;1633.689097;1597.221897
11;2025-11-30;13;1540.110125;1505.731794
11;2025-11-30;14;1593.395343;1557.827581
11;2025-11-30;15;1651.930188;1615.05581
11;2025-11-30;16;1574.885611;1539.731023
11;2025-11-30;17;1727.017478;1688.467003
11;2025-11-30;18;1420.745375;1389.031504
11;2025-11-30;19;1200.480835;1173.683708
11;2025-11-30;20;1008.383944;985.874803
11;2025-11-30;21;693.319459;677.843185
11;2025-11-30;22;415.912656;406.628655
11;2025-11-30;23;254.992417;249.300478
11;2025-12-01;0;82.595614;80.064091
11;2025-12-01;1;6.83072;6.621361
11;2025-12-01;2;0.0;0.0
11;2025-12-01;3;0.0;0.0
11;2025-12-01;4;0.0;0.0
11;2025-12-01;5;313.758519;304.141945
11;2025-12-01;6;1433.860511;1389.913256
11;2025-12-01;7;2412.339005;2338.401773
11;2025-12-01;8;3119.154056;3023.553223
11;2025-12-01;9;2463.740843;2388.228165
11;2025-12-01;10;1822.168396;1766.319659
11;2025-12-01;11;1864.195445;1807.058595
11;2025-12-01;12;1798.036645;1742.927536
11;2025-12-01;13;1931.648505;1872.444246
11;2025-12-01;14;1900.106738;1841.869222
11;2025-12-01;15;1995.361736;1934.204692
11;2025-12-01;16;2277.635893;2207.827258
11;2025-12-01;17;2888.677991;2800.141158
11;2025-12-01;18;3276.960333;3176.522801
11;2025-12-01;19;2445.181554;2370.237711
11;2025-12-01;20;1670.206011;1619.014861
11;2025-12-01;21;938.589261;909.821873
11;2025-12-01;22;466.927478;452.616336
11;2025-12-01;23;235.227905;228.018263
11;2025-12-02;0;65.096619;63.002829
11;2025-12-02;1;0.0;0.0
11;2025-12-02;2;0.0;0.0
11;2025-12-02;3;0.0;0.0
11;2025-12-02;4;0.0;0.0
11;2025-12-02;5;299.094507;289.474331
11;2025-12-02;6;1443.170205;1396.751592
11;2025-12-02;7;2447.59539;2368.870107
11;2025-12-02;8;3194.057565;3091.322821
11;2025-12-02;9;2510.619465;2429.867055
11;2025-12-02;10;1918.790513;1857.073889
11;2025-12-02;11;1854.805261;1795.14668
11;2025-12-02;12;1846.952335;1787.546338
11;2025-12-02;13;1980.006055;1916.320473
11;2025-12-02;14;1971.996349;1908.568394
11;2025-12-02;15;2007.104566;1942.547378
11;2025-12-02;16;2291.297605;2217.599536
11;2025-12-02;17;2878.264031;2785.686576
11;2025-12-02;18;3195.986005;3093.189234
11;2025-12-02;19;2444.185962;2365.570341
11;2025-12-02;20;1613.963649;1562.051579
11;2025-12-02;21;926.484391;896.684635
11;2025-12-02;22;483.697919;468.140096
11;2025-12-02;23;243.119262;235.299492
11;2025-12-03;0;69.808126;67.635635
11;2025-12-03;1;0.0;0.0
11;2025-12-03;2;0.0;0.0
11;2025-12-03;3;0.0;0.0
11;2025-12-03;4;0.0;0.0
11;2025-12-03;5;300.322022;290.975734
11;2025-12-03;6;1363.640142;1321.202453
11;2025-12-03;7;2438.842617;2362.943673
11;2025-12-03;8;3183.45687;3084.384871
11;2025-12-03;9;2400.70636;2325.99425
11;2025-12-03;10;1911.764734;1852.268921
11;2025-12-03;11;1954.578858;1893.750631
11;2025-12-03;12;1924.625959;1864.729893
11;2025-12-03;13;2012.710214;1950.072888
11;2025-12-03;14;1996.711252;1934.571829
11;2025-12-03;15;2032.192714;1968.949076
11;2025-12-03;16;2201.394698;2132.885344
11;2025-12-03;17;2893.470225;2803.422868
11;2025-12-03;18;3210.009451;3110.111112
11;2025-12-03;19;2411.536443;2336.487292
11;2025-12-03;20;1660.109804;1608.445715
11;2025-12-03;21;946.49577;917.039983
11;2025-12-03;22;490.329417;475.069931
11;2025-12-03;23;264.434675;256.205233
11;2025-12-04;0;70.309192;68.303916
11;2025-12-04;1;0.0;0.0
11;2025-12-04;2;0.0;0.0
11;2025-12-04;3;0.0;0.0
11;2025-12-04;4;0.0;0.0
11;2025-12-04;5;317.281678;308.232546
11;2025-12-04;6;1384.778395;1345.283383
11;2025-12-04;7;2457.304153;2387.219829
11;2025-12-04;8;3109.925868;3021.228239
11;2025-12-04;9;2538.772963;2466.365082
11;2025-12-04;10;1984.401351;1927.804602
11;2025-12-04;11;1885.824761;1832.039497
11;2025-12-04;12;1950.350502;1894.724911
11;2025-12-04;13;2052.317346;1993.783577
11;2025-12-04;14;1984.943851;1928.331629
11;2025-12-04;15;2102.135281;2042.180664
11;2025-12-04;16;2337.416845;2270.751805
11;2025-12-04;17;2873.398836;2791.447151
11;2025-12-04;18;3243.817347;3151.301023
11;2025-12-04;19;2380.134553;2312.251169
11;2025-12-04;20;1629.185001;1582.719313
11;2025-12-04;21;979.592539;951.653758
11;2025-12-04;22;499.692513;485.440874
11;2025-12-04;23;265.070458;257.510432
11;2025-12-05;0;81.055605;78.803733
11;2025-12-05;1;0.476135;0.462907
11;2025-12-05;2;0.0;0.0
11;2025-12-05;3;0.0;0.0
11;2025-12-05;4;0.0;0.0
11;2025-12-05;5;319.954289;311.065378
11;2025-12-05;6;1393.889928;1355.165133
11;2025-12-05;7;2385.14953;2318.885742
11;2025-12-05;8;3105.034926;3018.771413
11;2025-12-05;9;2454.001876;2385.825245
11;2025-12-05;10;1955.016326;1900.70242
11;2025-12-05;11;1927.291347;1873.747691
11;2025-12-05;12;1996.099217;1940.643954
11;2025-12-05;13;2013.185601;1957.255647
11;2025-12-05;14;2113.169112;2054.461434
11;2025-12-05;15;2285.021941;2221.53988
11;2025-12-05;16;2552.610678;2481.694515
11;2025-12-05;17;2996.952264;2913.691484
11;2025-12-05;18;2750.20773;2673.801962
11;2025-12-05;19;2211.026236;2149.599909
11;2025-12-05;20;1516.081192;1473.961702
11;2025-12-05;21;981.312012;954.049381
11;2025-12-05;22;535.379966;520.506138
11;2025-12-05;23;322.979774;314.006809
11;2025-12-06;0;111.136003;107.486249
11;2025-12-06;1;1.939406;1.875715
11;2025-12-06;2;0.0;0.0
11;2025-12-06;3;0.0;0.0
11;2025-12-06;4;3.374988;3.264152
11;2025-12-06;5;221.150719;213.888034
11;2025-12-06;6;863.795822;835.428396
11;2025-12-06;7;783.699658;757.962625
11;2025-12-06;8;1055.527443;1020.86347
11;2025-12-06;9;1229.11537;1188.750694
11;2025-12-06;10;1349.232263;1304.922897
11;2025-12-06;11;1778.072602;1719.679935
11;2025-12-06;12;1903.037304;1840.540743
11;2025-12-06;13;1840.850379;1780.396063
11;2025-12-06;14;1838.994963;1778.60158
11;2025-12-06;15;1836.328716;1776.022893
11;2025-12-06;16;1874.918547;1813.345418
11;2025-12-06;17;1875.642235;1814.045339
11;2025-12-06;18;1660.671321;1606.134162
11;2025-12-06;19;1634.420129;1580.745071
11;2025-12-06;20;1250.81966;1209.742206
11;2025-12-06;21;869.537656;840.981667
11;2025-12-06;22;509.15035;492.429634
11;2025-12-06;23;346.579484;335.197666
11;2025-12-07;0;114.503918;111.772165
11;2025-12-07;1;15.154985;14.793428
11;2025-12-07;2;0.0;0.0
11;2025-12-07;3;0.0;0.0
11;2025-12-07;4;1.242153;1.212519
11;2025-12-07;5;127.64098;124.595812
11;2025-12-07;6;559.712886;546.359656
11;2025-12-07;7;550.503716;537.370192
11;2025-12-07;8;709.494338;692.567729
11;2025-12-07;9;1006.232408;982.226434
11;2025-12-07;10;1092.308054;1066.248549
11;2025-12-07;11;1524.562318;1488.190401
11;2025-12-07;12;1666.643802;1626.882206
11;2025-12-07;13;1571.177159;1533.693138
11;2025-12-07;14;1625.537245;1586.75634
11;2025-12-07;15;1685.252852;1645.047294
11;2025-12-07;16;1606.654135;1568.32373
11;2025-12-07;17;1761.854799;1719.821727
11;2025-12-07;18;1449.404589;1414.82573
11;2025-12-07;19;1224.696883;1195.47894
11;2025-12-07;20;1028.725021;1004.182435
11;2025-12-07;21;707.305069;690.43069
11;2025-12-07;22;424.302428;414.179724
11;2025-12-07;23;260.136113;253.929972
11;2025-12-08;0;82.453931;80.980427
11;2025-12-08;1;6.819003;6.697143
11;2025-12-08;2;0.0;0.0
11;2025-12-08;3;0.0;0.0
11;2025-12-08;4;0.0;0.0
11;2025-12-08;5;313.220302;307.622858
11;2025-12-08;6;1431.400889;1405.820856
11;2025-12-08;7;2408.200916;2365.164852
11;2025-12-08;8;3113.803507;3058.157882
11;2025-12-08;9;2459.51458;2415.561509
11;2025-12-08;10;1819.042677;1786.535241
11;2025-12-08;11;1860.997633;1827.740436
11;2025-12-08;12;1794.952321;1762.875395
11;2025-12-08;13;1928.334986;1893.874428
11;2025-12-08;14;1896.847325;1862.949471
11;2025-12-08;15;1991.938924;1956.341723
11;2025-12-08;16;2273.728872;2233.095908
11;2025-12-08;17;2883.722797;2832.188859
11;2025-12-08;18;3271.339086;3212.878201
11;2025-12-08;19;2440.987128;2397.365154
11;2025-12-08;20;1667.340966;1637.544535
11;2025-12-08;21;936.97922;920.234813
11;2025-12-08;22;466.126518;457.796544
11;2025-12-08;23;234.824398;230.627939
11;2025-12-09;0;65.037823;64.142406
11;2025-12-09;1;0.0;0.0
11;2025-12-09;2;0.0;0.0
11;2025-12-09;3;0.0;0.0
11;2025-12-09;4;0.0;0.0
11;2025-12-09;5;298.824364;294.710259
11;2025-12-09;6;1441.866728;1422.015631
11;2025-12-09;7;2445.384711;2411.717544
11;2025-12-09;8;3191.172679;3147.237774
11;2025-12-09;9;2508.351863;2473.817787
11;2025-12-09;10;1917.057453;1890.664104
11;2025-12-09;11;1853.129993;1827.616773
11;2025-12-09;12;1845.28416;1819.878959
11;2025-12-09;13;1978.217705;1950.982323
11;2025-12-09;14;1970.215233;1943.090027
11;2025-12-09;15;2005.29174;1977.683613
11;2025-12-09;16;2289.228095;2257.710835
11;2025-12-09;17;2875.66437;2836.073269
11;2025-12-09;18;3193.099376;3149.137945
11;2025-12-09;19;2441.978363;2408.358093
11;2025-12-09;20;1612.50591;1590.305516
11;2025-12-09;21;925.647586;912.903607
11;2025-12-09;22;483.261041;476.607679
11;2025-12-09;23;242.899675;239.555521
11;2025-12-10;0;68.863968;67.722727
11;2025-12-10;1;0.0;0.0
11;2025-12-10;2;0.0;0.0
11;2025-12-10;3;0.0;0.0
11;2025-12-10;4;0.0;0.0
11;2025-12-10;5;296.260154;291.350413
11;2025-12-10;6;1345.196853;1322.903716
11;2025-12-10;7;2405.857169;2365.986348
11;2025-12-10;8;3140.400484;3088.356519
11;2025-12-10;9;2368.236707;2328.989347
11;2025-12-10;10;1885.908037;1854.65402
11;2025-12-10;11;1928.143098;1896.189144
11;2025-12-10;12;1898.595313;1867.131037
11;2025-12-10;13;1985.488225;1952.583925
11;2025-12-10;14;1969.70565;1937.062905
11;2025-12-10;15;2004.707224;1971.484419
11;2025-12-10;16;2171.620744;2135.631782
11;2025-12-10;17;2854.335921;2807.032732
11;2025-12-10;18;3166.59394;3114.115887
11;2025-12-10;19;2378.920313;2339.4959
11;2025-12-10;20;1637.65675;1610.516851
11;2025-12-10;21;933.694376;918.220821
11;2025-12-10;22;483.697691;475.681661
11;2025-12-10;23;260.858185;256.535139
11;2025-12-11;0;66.852203;66.190429
11;2025-12-11;1;0.0;0.0
11;2025-12-11;2;0.0;0.0
11;2025-12-11;3;0.0;0.0
11;2025-12-11;4;0.0;0.0
11;2025-12-11;5;301.681455;298.695089
11;2025-12-11;6;1316.691098;1303.65708
11;2025-12-11;7;2336.482512;2313.353506
11;2025-12-11;8;2957.015881;2927.744172
11;2025-12-11;9;2413.945634;2390.049815
11;2025-12-11;10;1886.831571;1868.153691
11;2025-12-11;11;1793.101831;1775.351789
11;2025-12-11;12;1854.454946;1836.097566
11;2025-12-11;13;1951.408247;1932.091118
11;2025-12-11;14;1887.347397;1868.664411
11;2025-12-11;15;1998.776715;1978.990683
11;2025-12-11;16;2222.489868;2200.489283
11;2025-12-11;17;2732.118498;2705.073063
11;2025-12-11;18;3084.324134;3053.792191
11;2025-12-11;19;2263.107216;2240.704557
11;2025-12-11;20;1549.08063;1533.746171
11;2025-12-11;21;931.42757;922.207303
11;2025-12-11;22;475.123447;470.420166
11;2025-12-11;23;252.037375;249.54244
11;2025-12-12;0;77.40952;76.255319
11;2025-12-12;1;0.454717;0.447937
11;2025-12-12;2;0.0;0.0
11;2025-12-12;3;0.0;0.0
11;2025-12-12;4;0.0;0.0
11;2025-12-12;5;305.561941;301.005912
11;2025-12-12;6;1331.189256;1311.340784
11;2025-12-12;7;2277.85951;2243.895872
11;2025-12-12;8;2965.362651;2921.148114
11;2025-12-12;9;2343.614704;2308.670635
11;2025-12-12;10;1867.074779;1839.236077
11;2025-12-12;11;1840.596938;1813.15303
11;2025-12-12;12;1906.309658;1877.885951
11;2025-12-12;13;1922.627453;1893.960442
11;2025-12-12;14;2018.113454;1988.022716
11;2025-12-12;15;2182.235912;2149.698053
11;2025-12-12;16;2437.787835;2401.439612
11;2025-12-12;17;2862.141819;2819.466339
11;2025-12-12;18;2626.496475;2587.334544
11;2025-12-12;19;2111.568719;2080.084531
11;2025-12-12;20;1447.88405;1426.29562
11;2025-12-12;21;937.170131;923.196615
11;2025-12-12;22;511.29723;503.673619
11;2025-12-12;23;308.451332;303.852221
11;2025-12-13;0;110.926841;107.209919
11;2025-12-13;1;1.935756;1.870893
11;2025-12-13;2;0.0;0.0
11;2025-12-13;3;0.0;0.0
11;2025-12-13;4;3.368637;3.255761
11;2025-12-13;5;220.734505;213.338161
11;2025-12-13;6;862.170126;833.28064
11;2025-12-13;7;782.224706;756.014021
11;2025-12-13;8;1053.540901;1018.238988
11;2025-12-13;9;1226.802129;1185.6946
11;2025-12-13;10;1346.692958;1301.568143
11;2025-12-13;11;1774.726203;1715.258904
11;2025-12-13;12;1899.455717;1835.808998
11;2025-12-13;13;1837.38583;1775.818941
11;2025-12-13;14;1835.533906;1774.029071
11;2025-12-13;15;1832.872677;1771.457014
11;2025-12-13;16;1871.38988;1808.683588
11;2025-12-13;17;1872.112206;1809.38171
11;2025-12-13;18;1657.545876;1602.00504
11;2025-12-13;19;1631.34409;1576.681221
11;2025-12-13;20;1248.465571;1206.632146
11;2025-12-13;21;867.901154;838.819633
11;2025-12-13;22;508.19211;491.163674
11;2025-12-13;23;345.927209;334.335924
11;2025-12-14;0;114.084762;111.78682
11;2025-12-14;1;15.099508;14.795368
11;2025-12-14;2;0.0;0.0
11;2025-12-14;3;0.0;0.0
11;2025-12-14;4;1.237606;1.212678
11;2025-12-14;5;127.173734;124.612149
11;2025-12-14;6;557.663985;546.431291
11;2025-12-14;7;548.488526;537.440648
11;2025-12-14;8;706.897143;692.658534
11;2025-12-14;9;1002.548965;982.355218
11;2025-12-14;10;1088.309521;1066.38835
11;2025-12-14;11;1518.981463;1488.385523
11;2025-12-14;12;1660.54284;1627.095513
11;2025-12-14;13;1565.425664;1533.894227
11;2025-12-14;14;1619.586758;1586.964386
11;2025-12-14;15;1679.083768;1645.262983
11;2025-12-14;16;1600.772773;1568.529359
11;2025-12-14;17;1755.405305;1720.04722
11;2025-12-14;18;1444.098858;1415.011234
11;2025-12-14;19;1220.213723;1195.635684
11;2025-12-14;20;1024.959242;1004.314098
11;2025-12-14;21;704.715888;690.521215
11;2025-12-14;22;422.749214;414.234029
11;2025-12-14;23;259.183852;253.963266
11;2025-12-15;0;82.07679;81.039675
11;2025-12-15;1;6.787813;6.702043
11;2025-12-15;2;0.0;0.0
11;2025-12-15;3;0.0;0.0
11;2025-12-15;4;0.0;0.0
11;2025-12-15;5;311.787643;307.847924
11;2025-12-15;6;1424.853711;1406.849392
11;2025-12-15;7;2397.185889;2366.895271
11;2025-12-15;8;3099.561079;3060.395314
11;2025-12-15;9;2448.264847;2417.3288
11;2025-12-15;10;1810.722439;1787.842319
11;2025-12-15;11;1852.485495;1829.077661
11;2025-12-15;12;1786.742272;1764.165163
11;2025-12-15;13;1919.514849;1895.260038
11;2025-12-15;14;1888.171211;1864.312455
11;2025-12-15;15;1982.827865;1957.773036
11;2025-12-15;16;2263.328915;2234.729702
11;2025-12-15;17;2870.53275;2834.260965
11;2025-12-15;18;3256.376095;3215.22883
11;2025-12-15;19;2429.822138;2399.119131
11;2025-12-15;20;1659.714607;1638.742607
11;2025-12-15;21;932.69351;920.908081
11;2025-12-15;22;463.994471;458.13148
11;2025-12-15;23;233.75032;230.796673
11;2025-12-16;0;64.182402;63.390315
11;2025-12-16;1;0.0;0.0
11;2025-12-16;2;0.0;0.0
11;2025-12-16;3;0.0;0.0
11;2025-12-16;4;0.0;0.0
11;2025-12-16;5;294.894024;291.254681
11;2025-12-16;6;1422.902321;1405.342016
11;2025-12-16;7;2413.221357;2383.439339
11;2025-12-16;8;3149.200217;3110.335345
11;2025-12-16;9;2475.360322;2444.811435
11;2025-12-16;10;1891.843017;1868.495427
11;2025-12-16;11;1828.756373;1806.187347
11;2025-12-16;12;1821.013734;1798.540262
11;2025-12-16;13;1952.198847;1928.106395
11;2025-12-16;14;1944.30163;1920.306638
11;2025-12-16;15;1978.916786;1954.494603
11;2025-12-16;16;2259.118618;2231.238411
11;2025-12-16;17;2837.841687;2802.819349
11;2025-12-16;18;3151.101573;3112.213236
11;2025-12-16;19;2409.859811;2380.119278
11;2025-12-16;20;1591.297142;1571.658645
11;2025-12-16;21;913.472843;902.199503
11;2025-12-16;22;476.904865;471.019292
11;2025-12-16;23;239.704895;236.746651
11;2025-12-17;0;69.59037;68.660373
11;2025-12-17;1;0.0;0.0
11;2025-12-17;2;0.0;0.0
11;2025-12-17;3;0.0;0.0
11;2025-12-17;4;0.0;0.0
11;2025-12-17;5;299.385213;295.384264
11;2025-12-17;6;1359.386473;1341.219793
11;2025-12-17;7;2431.235016;2398.744278
11;2025-12-17;8;3173.526557;3131.115923
11;2025-12-17;9;2393.217719;2361.23504
11;2025-12-17;10;1905.801273;1880.33237
11;2025-12-17;11;1948.481845;1922.442563
11;2025-12-17;12;1918.622379;1892.982136
11;2025-12-17;13;2006.431868;1979.61815
11;2025-12-17;14;1990.482814;1963.882236
11;2025-12-17;15;2025.853596;1998.780328
11;2025-12-17;16;2194.52778;2165.20037
11;2025-12-17;17;2884.444483;2845.897107
11;2025-12-17;18;3199.996312;3157.231939
11;2025-12-17;19;2404.01402;2371.887061
11;2025-12-17;20;1654.931342;1632.815035
11;2025-12-17;21;943.54332;930.933918
11;2025-12-17;22;488.799908;482.267644
11;2025-12-17;23;263.609811;260.08696
11;2025-12-18;0;70.29655;69.392409
11;2025-12-18;1;0.0;0.0
11;2025-12-18;2;0.0;0.0
11;2025-12-18;3;0.0;0.0
11;2025-12-18;4;0.0;0.0
11;2025-12-18;5;317.224631;313.144546
11;2025-12-18;6;1384.52941;1366.721847
11;2025-12-18;7;2456.862326;2425.262613
11;2025-12-18;8;3109.366699;3069.374595
11;2025-12-18;9;2538.316488;2505.669127
11;2025-12-18;10;1984.044553;1958.526136
11;2025-12-18;11;1885.485687;1861.234916
11;2025-12-18;12;1949.999826;1924.919286
11;2025-12-18;13;2051.948337;2025.556553
11;2025-12-18;14;1984.586955;1959.061562
11;2025-12-18;15;2101.757314;2074.724897
11;2025-12-18;16;2336.996574;2306.938553
11;2025-12-18;17;2872.882195;2835.931711
11;2025-12-18;18;3243.234103;3201.520221
11;2025-12-18;19;2379.706601;2349.099252
11;2025-12-18;20;1628.892071;1607.94156
11;2025-12-18;21;979.416407;966.819332
11;2025-12-18;22;499.602668;493.17687
11;2025-12-18;23;265.022798;261.614123
11;2025-12-19;0;80.471859;79.132466
11;2025-12-19;1;0.472706;0.464838
11;2025-12-19;2;0.0;0.0
11;2025-12-19;3;0.0;0.0
11;2025-12-19;4;0.0;0.0
11;2025-12-19;5;317.650045;312.363
11;2025-12-19;6;1383.85142;1360.81826
11;2025-12-19;7;2367.972175;2328.55907
11;2025-12-19;8;3082.673105;3031.364343
11;2025-12-19;9;2436.328661;2395.777814
11;2025-12-19;10;1940.936702;1908.631279
11;2025-12-19;11;1913.411392;1881.564107
11;2025-12-19;12;1981.723722;1948.73943
11;2025-12-19;13;1998.687053;1965.42042
11;2025-12-19;14;2097.950504;2063.031705
11;2025-12-19;15;2268.565685;2230.807125
11;2025-12-19;16;2534.227303;2492.047007
11;2025-12-19;17;2975.368832;2925.846069
11;2025-12-19;18;2730.401302;2684.955838
11;2025-12-19;19;2195.102881;2158.567054
11;2025-12-19;20;1505.162688;1480.110394
11;2025-12-19;21;974.244805;958.029238
11;2025-12-19;22;531.52427;522.677451
11;2025-12-19;23;320.653741;315.316702
11;2025-12-20;0;111.046601;109.834246
11;2025-12-20;1;1.937846;1.916689
11;2025-12-20;2;0.0;0.0
11;2025-12-20;3;0.0;0.0
11;2025-12-20;4;3.372274;3.335457
11;2025-12-20;5;220.972817;218.560338
11;2025-12-20;6;863.100955;853.678018
11;2025-12-20;7;783.069223;774.520035
11;2025-12-20;8;1054.678341;1043.16385
11;2025-12-20;9;1228.126628;1214.718509
11;2025-12-20;10;1348.146895;1333.42845
11;2025-12-20;11;1776.64226;1757.2457
11;2025-12-20;12;1901.506436;1880.746667
11;2025-12-20;13;1839.369537;1819.28815
11;2025-12-20;14;1837.515613;1817.454467
11;2025-12-20;15;1834.851511;1814.81945
11;2025-12-20;16;1873.410299;1852.957271
11;2025-12-20;17;1874.133404;1853.672482
11;2025-12-20;18;1659.33542;1641.219563
11;2025-12-20;19;1633.105346;1615.275857
11;2025-12-20;20;1249.813458;1236.168573
11;2025-12-20;21;868.838171;859.352597
11;2025-12-20;22;508.740772;503.186575
11;2025-12-20;23;346.300684;342.519933
11;2025-12-21;0;113.479948;111.081546
11;2025-12-21;1;15.019459;14.702022
11;2025-12-21;2;0.0;0.0
11;2025-12-21;3;0.0;0.0
11;2025-12-21;4;1.231045;1.205027
11;2025-12-21;5;126.499529;123.825958
11;2025-12-21;6;554.70756;542.9838
11;2025-12-21;7;545.580745;534.04988
11;2025-12-21;8;703.149566;688.28848
11;2025-12-21;9;997.234007;976.157437
11;2025-12-21;10;1082.539907;1059.660395
11;2025-12-21;11;1510.928666;1478.995145
11;2025-12-21;12;1651.739563;1616.829999
11;2025-12-21;13;1557.126646;1524.216729
11;2025-12-21;14;1611.000608;1576.952063
11;2025-12-21;15;1670.182198;1634.882848
11;2025-12-21;16;1592.286364;1558.633345
11;2025-12-21;17;1746.09912;1709.195264
11;2025-12-21;18;1436.443047;1406.083781
11;2025-12-21;19;1213.744827;1188.092295
11;2025-12-21;20;1019.525477;997.977776
11;2025-12-21;21;700.979875;686.164645
11;2025-12-21;22;420.508033;411.620583
11;2025-12-21;23;257.809803;252.360985
11;2025-12-22;0;80.473449;79.71943
11;2025-12-22;1;6.655216;6.592858
11;2025-12-22;2;0.0;0.0
11;2025-12-22;3;0.0;0.0
11;2025-12-22;4;0.0;0.0
11;2025-12-22;5;305.696984;302.832667
11;2025-12-22;6;1397.019707;1383.929924
11;2025-12-22;7;2350.357725;2328.335365
11;2025-12-22;8;3039.012269;3010.537359
11;2025-12-22;9;2400.438874;2377.947263
11;2025-12-22;10;1775.350628;1758.715964
11;2025-12-22;11;1816.297857;1799.279526
11;2025-12-22;12;1751.838904;1735.42454
11;2025-12-22;13;1882.017817;1864.383703
11;2025-12-22;14;1851.286466;1833.940299
11;2025-12-22;15;1944.094036;1925.878281
11;2025-12-22;16;2219.115599;2198.32295
11;2025-12-22;17;2814.457926;2788.087043
11;2025-12-22;18;3192.76396;3162.848429
11;2025-12-22;19;2382.356437;2360.034255
11;2025-12-22;20;1627.292679;1612.045287
11;2025-12-22;21;914.473678;905.90525
11;2025-12-22;22;454.930506;450.667902
11;2025-12-22;23;229.184091;227.036684
11;2025-12-23;0;65.192737;64.402282
11;2025-12-23;1;0.0;0.0
11;2025-12-23;2;0.0;0.0
11;2025-12-23;3;0.0;0.0
11;2025-12-23;4;0.0;0.0
11;2025-12-23;5;299.536134;295.90429
11;2025-12-23;6;1445.301111;1427.776989
11;2025-12-23;7;2451.209375;2421.488722
11;2025-12-23;8;3198.773735;3159.988944
11;2025-12-23;9;2514.326508;2483.840567
11;2025-12-23;10;1921.623694;1898.324211
11;2025-12-23;11;1857.543964;1835.021442
11;2025-12-23;12;1849.679443;1827.252277
11;2025-12-23;13;1982.929623;1958.886813
11;2025-12-23;14;1974.90809;1950.96254
11;2025-12-23;15;2010.068146;1985.696284
11;2025-12-23;16;2294.680808;2266.858048
11;2025-12-23;17;2882.513917;2847.563743
11;2025-12-23;18;3200.705022;3161.896814
11;2025-12-23;19;2447.794912;2418.11566
11;2025-12-23;20;1616.346739;1596.748707
11;2025-12-23;21;927.852387;916.602275
11;2025-12-23;22;484.412121;478.538675
11;2025-12-23;23;243.478238;240.526091
11;2025-12-24;0;69.352145;68.371942
11;2025-12-24;1;0.0;0.0
11;2025-12-24;2;0.0;0.0
11;2025-12-24;3;0.0;0.0
11;2025-12-24;4;0.0;0.0
11;2025-12-24;5;298.360342;294.143405
11;2025-12-24;6;1354.732953;1335.585559
11;2025-12-24;7;2422.912289;2388.667566
11;2025-12-24;8;3162.662781;3117.962643
11;2025-12-24;9;2385.025135;2351.315897
11;2025-12-24;10;1899.277238;1872.433417
11;2025-12-24;11;1941.811703;1914.366712
11;2025-12-24;12;1912.054454;1885.030044
11;2025-12-24;13;1999.563349;1971.302114
11;2025-12-24;14;1983.668892;1955.632304
11;2025-12-24;15;2018.918592;1990.383795
11;2025-12-24;16;2187.015362;2156.104735
11;2025-12-24;17;2874.570306;2833.941982
11;2025-12-24;18;3189.041922;3143.96895
11;2025-12-24;19;2395.784478;2361.92317
11;2025-12-24;20;1649.266097;1625.95586
11;2025-12-24;21;940.313334;927.023225
11;2025-12-24;22;487.126624;480.241721
11;2025-12-24;23;262.707408;258.99438
11;2025-12-25;0;68.894725;67.886922
11;2025-12-25;1;0.0;0.0
11;2025-12-25;2;0.0;0.0
11;2025-12-25;3;0.0;0.0
11;2025-12-25;4;0.0;0.0
11;2025-12-25;5;310.898666;306.350794
11;2025-12-25;6;1356.919687;1337.070463
11;2025-12-25;7;2407.868575;2372.645914
11;2025-12-25;8;3047.360971;3002.78372
11;2025-12-25;9;2487.698412;2451.307987
11;2025-12-25;10;1944.479542;1916.035405
11;2025-12-25;11;1847.886098;1820.854943
11;2025-12-25;12;1911.113722;1883.157665
11;2025-12-25;13;2011.029216;1981.61158
11;2025-12-25;14;1945.011128;1916.559215
11;2025-12-25;15;2059.844924;2029.713204
11;2025-12-25;16;2290.393137;2256.888924
11;2025-12-25;17;2815.592345;2774.405439
11;2025-12-25;18;3178.558846;3132.062412
11;2025-12-25;19;2332.251459;2298.134936
11;2025-12-25;20;1596.409367;1573.056852
11;2025-12-25;21;959.885282;945.843937
11;2025-12-25;22;489.639794;482.47727
11;2025-12-25;23;259.737821;255.938337
11;2025-12-26;0;78.477422;76.308973
11;2025-12-26;1;0.46099;0.448252
11;2025-12-26;2;0.0;0.0
11;2025-12-26;3;0.0;0.0
11;2025-12-26;4;0.0;0.0
11;2025-12-26;5;309.777315;301.217702
11;2025-12-26;6;1349.55365;1312.263455
11;2025-12-26;7;2309.283674;2245.474696
11;2025-12-26;8;3006.271251;2923.203458
11;2025-12-26;9;2375.945993;2310.295035
11;2025-12-26;10;1892.83197;1840.530179
11;2025-12-26;11;1865.988856;1814.428779
11;2025-12-26;12;1932.608113;1879.207247
11;2025-12-26;13;1949.15102;1895.293049
11;2025-12-26;14;2045.954297;1989.421505
11;2025-12-26;15;2212.340902;2151.210599
11;2025-12-26;16;2471.418287;2403.129285
11;2025-12-26;17;2901.626438;2821.450139
11;2025-12-26;18;2662.730253;2589.155015
11;2025-12-26;19;2140.698822;2081.548096
11;2025-12-26;20;1467.858304;1427.299174
11;2025-12-26;21;950.098843;923.846184
11;2025-12-26;22;518.35082;504.028008
11;2025-12-26;23;312.706566;304.066014
11;2025-12-27;0;110.264092;109.27994
11;2025-12-27;1;1.92419;1.907016
11;2025-12-27;2;0.0;0.0
11;2025-12-27;3;0.0;0.0
11;2025-12-27;4;3.34851;3.318623
11;2025-12-27;5;219.415694;217.457319
11;2025-12-27;6;857.018963;849.369717
11;2025-12-27;7;777.551189;770.611226
11;2025-12-27;8;1047.246366;1037.899262
11;2025-12-27;9;1219.472418;1208.588127
11;2025-12-27;10;1338.646942;1326.698969
11;2025-12-27;11;1764.122839;1748.377319
11;2025-12-27;12;1888.107138;1871.255007
11;2025-12-27;13;1826.408097;1810.106656
11;2025-12-27;14;1824.567238;1808.282227
11;2025-12-27;15;1821.921908;1805.660508
11;2025-12-27;16;1860.208985;1843.605857
11;2025-12-27;17;1860.926995;1844.317458
11;2025-12-27;18;1647.642623;1632.936737
11;2025-12-27;19;1621.597383;1607.123962
11;2025-12-27;20;1241.006429;1229.929938
11;2025-12-27;21;862.71575;855.015659
11;2025-12-27;22;505.155841;500.647118
11;2025-12-27;23;343.860416;340.79132
11;2025-12-28;0;112.306047;110.084893
11;2025-12-28;1;14.864089;14.570112
11;2025-12-28;2;0.0;0.0
11;2025-12-28;3;0.0;0.0
11;2025-12-28;4;1.218311;1.194215
11;2025-12-28;5;125.190946;122.714958
11;2025-12-28;6;548.969352;538.112005
11;2025-12-28;7;539.936949;529.258243
11;2025-12-28;8;695.87579;682.112973
11;2025-12-28;9;986.918055;967.399094
11;2025-12-28;10;1071.341503;1050.152841
11;2025-12-28;11;1495.298767;1465.725208
11;2025-12-28;12;1634.653036;1602.323372
11;2025-12-28;13;1541.018848;1510.541052
11;2025-12-28;14;1594.335508;1562.803231
11;2025-12-28;15;1652.90489;1620.214246
11;2025-12-28;16;1575.814854;1544.648873
11;2025-12-28;17;1728.036484;1693.859911
11;2025-12-28;18;1421.583669;1393.468025
11;2025-12-28;19;1201.189165;1177.432416
11;2025-12-28;20;1008.978929;989.023655
11;2025-12-28;21;693.728544;680.008194
11;2025-12-28;22;416.15806;407.927414
11;2025-12-28;23;255.142873;250.096736
11;2025-12-29;0;80.844681;79.607412
11;2025-12-29;1;6.685917;6.583594
11;2025-12-29;2;0.0;0.0
11;2025-12-29;3;0.0;0.0
11;2025-12-29;4;0.0;0.0
11;2025-12-29;5;307.107193;302.407142
11;2025-12-29;6;1403.464292;1381.985296
11;2025-12-29;7;2361.20015;2325.063706
11;2025-12-29;8;3053.031522;3006.307104
11;2025-12-29;9;2411.512327;2374.605892
11;2025-12-29;10;1783.54049;1756.244705
11;2025-12-29;11;1824.676613;1796.75127
11;2025-12-29;12;1759.920304;1732.986009
11;2025-12-29;13;1890.699745;1861.763966
11;2025-12-29;14;1859.826627;1831.363339
11;2025-12-29;15;1953.062327;1923.172134
11;2025-12-29;16;2229.352591;2195.233978
11;2025-12-29;17;2827.441289;2784.169364
11;2025-12-29;18;3207.492485;3158.404154
11;2025-12-29;19;2393.346474;2356.718054
11;2025-12-29;20;1634.799535;1609.780122
11;2025-12-29;21;918.692232;904.632318
11;2025-12-29;22;457.029144;450.034647
11;2025-12-29;23;230.24134;226.717664
11;2025-12-30;0;63.406708;62.420089
11;2025-12-30;1;0.0;0.0
11;2025-12-30;2;0.0;0.0
11;2025-12-30;3;0.0;0.0
11;2025-12-30;4;0.0;0.0
11;2025-12-30;5;291.330002;286.79686
11;2025-12-30;6;1405.705446;1383.832446
11;2025-12-30;7;2384.055711;2346.959425
11;2025-12-30;8;3111.139697;3062.729868
11;2025-12-30;9;2445.443679;2407.392186
11;2025-12-30;10;1868.978631;1839.897026
11;2025-12-30;11;1806.654439;1778.542608
11;2025-12-30;12;1799.005376;1771.012566
11;2025-12-30;13;1928.605015;1898.595614
11;2025-12-30;14;1920.803241;1890.915237
11;2025-12-30;15;1955.000047;1924.579935
11;2025-12-30;16;2231.815423;2197.08802
11;2025-12-30;17;2803.544176;2759.920582
11;2025-12-30;18;3113.018074;3064.579018
11;2025-12-30;19;2380.734792;2343.69018
11;2025-12-30;20;1572.065085;1547.603503
11;2025-12-30;21;902.432817;888.390819
11;2025-12-30;22;471.141101;463.81007
11;2025-12-30;23;236.807876;233.123107
11;2025-12-31;0;95.952446;92.371509
11;2025-12-31;1;9.581004;9.223442
11;2025-12-31;2;0.0;0.0
11;2025-12-31;3;0.0;0.0
11;2025-12-31;4;3.412176;3.284834
11;2025-12-31;5;177.033875;170.426987
11;2025-12-31;6;660.55121;635.899498
11;2025-12-31;7;565.56234;544.455603
11;2025-12-31;8;739.404513;711.810003
11;2025-12-31;9;932.492751;897.692205
11;2025-12-31;10;1006.175581;968.625197
11;2025-12-31;11;1406.332326;1353.848129
11;2025-12-31;12;1581.036576;1522.032431
11;2025-12-31;13;1521.442426;1464.662331
11;2025-12-31;14;1539.247446;1481.802868
11;2025-12-31;15;1594.261397;1534.763704
11;2025-12-31;16;1518.627129;1461.9521
11;2025-12-31;17;1605.536845;1545.618353
11;2025-12-31;18;1435.268845;1381.704739
11;2025-12-31;19;1267.502428;1220.19935
11;2025-12-31;20;1088.032401;1047.427128
11;2025-12-31;21;749.233043;721.271732
11;2025-12-31;22;449.754212;432.969425
11;2025-12-31;23;281.480652;270.975819
12;2025-11-01;0;66.52502;64.258358
12;2025-11-01;1;2.272355;2.194931
12;2025-11-01;2;0.0;0.0
12;2025-11-01;3;0.0;0.0
12;2025-11-01;4;6.507893;6.286154
12;2025-11-01;5;372.107585;359.429016
12;2025-11-01;6;1510.14911;1458.694822
12;2025-11-01;7;2678.613099;2587.346528
12;2025-11-01;8;3499.924323;3380.673771
12;2025-11-01;9;2519.959457;2434.098584
12;2025-11-01;10;2044.563317;1974.900296
12;2025-11-01;11;2093.226615;2021.905522
12;2025-11-01;12;2080.983152;2010.079222
12;2025-11-01;13;2067.761258;1997.307829
12;2025-11-01;14;2095.542151;2024.142162
12;2025-11-01;15;2444.539997;2361.248841
12;2025-11-01;16;3002.421487;2900.122013
12;2025-11-01;17;3079.887301;2974.948386
12;2025-11-01;18;2758.621844;2664.62919
12;2025-11-01;19;2383.616439;2302.401091
12;2025-11-01;20;1577.088044;1523.352991
12;2025-11-01;21;1078.479651;1041.733344
12;2025-11-01;22;573.498973;553.958531
12;2025-11-01;23;326.466712;315.343233
12;2025-11-02;0;86.105779;82.831048
12;2025-11-02;1;6.521589;6.273563
12;2025-11-02;2;0.0;0.0
12;2025-11-02;3;0.0;0.0
12;2025-11-02;4;2.575798;2.477836
12;2025-11-02;5;222.144408;213.695927
12;2025-11-02;6;690.701746;664.433333
12;2025-11-02;7;736.589666;708.576068
12;2025-11-02;8;780.596151;750.908921
12;2025-11-02;9;958.794464;922.330088
12;2025-11-02;10;1156.600359;1112.613131
12;2025-11-02;11;1217.365649;1171.067426
12;2025-11-02;12;1239.541646;1192.400037
12;2025-11-02;13;1484.945192;1428.470523
12;2025-11-02;14;1469.6272;1413.735097
12;2025-11-02;15;1354.024003;1302.528461
12;2025-11-02;16;1365.49079;1313.559149
12;2025-11-02;17;1363.431383;1311.578064
12;2025-11-02;18;1291.072811;1241.971396
12;2025-11-02;19;1155.78865;1111.832292
12;2025-11-02;20;933.660015;898.151539
12;2025-11-02;21;647.3011;622.683279
12;2025-11-02;22;402.369599;387.066886
12;2025-11-02;23;249.531891;240.041823
12;2025-11-03;0;83.86612;80.78152
12;2025-11-03;1;6.351959;6.118333
12;2025-11-03;2;0.0;0.0
12;2025-11-03;3;0.0;0.0
12;2025-11-03;4;2.5088;2.416526
12;2025-11-03;5;216.366308;208.408345
12;2025-11-03;6;672.736207;647.992937
12;2025-11-03;7;717.430557;691.043426
12;2025-11-03;8;760.292409;732.328817
12;2025-11-03;9;933.855684;899.508426
12;2025-11-03;10;1126.516538;1085.083204
12;2025-11-03;11;1185.701288;1142.091136
12;2025-11-03;12;1207.300475;1162.895904
12;2025-11-03;13;1446.320938;1393.125183
12;2025-11-03;14;1431.401375;1378.754363
12;2025-11-03;15;1318.805082;1270.299367
12;2025-11-03;16;1329.973611;1281.057117
12;2025-11-03;17;1327.96777;1279.125051
12;2025-11-03;18;1257.491286;1211.240695
12;2025-11-03;19;1125.725941;1084.321686
12;2025-11-03;20;909.374996;875.928139
12;2025-11-03;21;630.464437;607.275924
12;2025-11-03;22;391.903741;377.489502
12;2025-11-03;23;243.041427;234.102352
12;2025-11-04;0;82.843639;80.430216
12;2025-11-04;1;6.274517;6.091726
12;2025-11-04;2;0.0;0.0
12;2025-11-04;3;0.0;0.0
12;2025-11-04;4;2.478213;2.406017
12;2025-11-04;5;213.728409;207.502016
12;2025-11-04;6;664.534327;645.174937
12;2025-11-04;7;708.683772;688.038208
12;2025-11-04;8;751.02306;729.144056
12;2025-11-04;9;922.470282;895.596633
12;2025-11-04;10;1112.782249;1080.364381
12;2025-11-04;11;1171.245429;1137.124396
12;2025-11-04;12;1192.581283;1157.838688
12;2025-11-04;13;1428.687651;1387.066743
12;2025-11-04;14;1413.949985;1372.758418
12;2025-11-04;15;1302.726446;1264.775073
12;2025-11-04;16;1313.75881;1275.486039
12;2025-11-04;17;1311.777424;1273.562376
12;2025-11-04;18;1242.160176;1205.973236
12;2025-11-04;19;1112.001291;1079.606174
12;2025-11-04;20;898.288058;872.118892
12;2025-11-04;21;622.777927;604.634995
12;2025-11-04;22;387.12572;375.847871
12;2025-11-04;23;240.07831;233.084285
12;2025-11-05;0;64.740977;62.839159
12;2025-11-05;1;2.064448;2.003803
12;2025-11-05;2;0.0;0.0
12;2025-11-05;3;0.0;0.0
12;2025-11-05;4;8.771817;8.514137
12;2025-11-05;5;389.47393;378.03282
12;2025-11-05;6;1537.952074;1492.773492
12;2025-11-05;7;2773.483533;2692.010217
12;2025-11-05;8;3513.819776;3410.598486
12;2025-11-05;9;2630.75544;2553.474877
12;2025-11-05;10;2207.661776;2142.809931
12;2025-11-05;11;2118.391068;2056.161622
12;2025-11-05;12;2144.672929;2081.671432
12;2025-11-05;13;2043.370678;1983.345017
12;2025-11-05;14;2061.013851;2000.469907
12;2025-11-05;15;2293.341723;2225.972961
12;2025-11-05;16;2758.86234;2677.818534
12;2025-11-05;17;3136.609422;3044.468991
12;2025-11-05;18;3391.707123;3292.072991
12;2025-11-05;19;2676.902369;2598.266203
12;2025-11-05;20;1687.845364;1638.263545
12;2025-11-05;21;1083.74503;1051.909146
12;2025-11-05;22;596.048041;578.538649
12;2025-11-05;23;287.102709;278.668836
12;2025-11-06;0;58.252153;57.087236
12;2025-11-06;1;2.514061;2.463786
12;2025-11-06;2;0.0;0.0
12;2025-11-06;3;0.0;0.0
12;2025-11-06;4;7.481454;7.331841
12;2025-11-06;5;362.721619;355.467974
12;2025-11-06;6;1453.48136;1424.414891
12;2025-11-06;7;2718.454309;2664.091128
12;2025-11-06;8;3469.84378;3400.454442
12;2025-11-06;9;2457.738536;2408.589104
12;2025-11-06;10;2080.958451;2039.343803
12;2025-11-06;11;2047.29063;2006.349265
12;2025-11-06;12;2123.982504;2081.507468
12;2025-11-06;13;2059.21071;2018.030969
12;2025-11-06;14;1999.950344;1959.955682
12;2025-11-06;15;2271.907932;2226.474709
12;2025-11-06;16;2749.887391;2694.895617
12;2025-11-06;17;3044.496902;2983.613578
12;2025-11-06;18;3294.940357;3229.048707
12;2025-11-06;19;2643.605069;2590.73871
12;2025-11-06;20;1688.485058;1654.719025
12;2025-11-06;21;1007.831698;987.677254
12;2025-11-06;22;523.179763;512.717304
12;2025-11-06;23;283.063062;277.402416
12;2025-11-07;0;64.6191;63.412673
12;2025-11-07;1;2.207253;2.166044
12;2025-11-07;2;0.0;0.0
12;2025-11-07;3;0.0;0.0
12;2025-11-07;4;6.321444;6.203424
12;2025-11-07;5;361.446826;354.698676
12;2025-11-07;6;1466.883838;1439.497368
12;2025-11-07;7;2601.871721;2553.295221
12;2025-11-07;8;3399.652651;3336.181717
12;2025-11-07;9;2447.763453;2402.064128
12;2025-11-07;10;1985.987256;1948.909213
12;2025-11-07;11;2033.256366;1995.295817
12;2025-11-07;12;2021.363674;1983.62516
12;2025-11-07;13;2008.520583;1971.021847
12;2025-11-07;14;2035.505563;1997.503022
12;2025-11-07;15;2374.504736;2330.173139
12;2025-11-07;16;2916.403106;2861.954359
12;2025-11-07;17;2991.64955;2935.795965
12;2025-11-07;18;2679.588242;2629.560788
12;2025-11-07;19;2315.326618;2272.099866
12;2025-11-07;20;1531.904995;1503.30459
12;2025-11-07;21;1047.581566;1028.023397
12;2025-11-07;22;557.068418;546.668045
12;2025-11-07;23;317.113549;311.193093
12;2025-11-08;0;89.565103;87.792799
12;2025-11-08;1;3.023837;2.964002
12;2025-11-08;2;0.0;0.0
12;2025-11-08;3;0.0;0.0
12;2025-11-08;4;2.956398;2.897897
12;2025-11-08;5;280.7246;275.169651
12;2025-11-08;6;897.980383;880.211242
12;2025-11-08;7;940.868695;922.250885
12;2025-11-08;8;1042.181706;1021.559125
12;2025-11-08;9;1212.284255;1188.295703
12;2025-11-08;10;1440.365687;1411.863883
12;2025-11-08;11;1495.430329;1465.838912
12;2025-11-08;12;1487.909985;1458.46738
12;2025-11-08;13;1697.40481;1663.816744
12;2025-11-08;14;1603.935988;1572.197473
12;2025-11-08;15;1492.485519;1462.952374
12;2025-11-08;16;1578.66959;1547.431043
12;2025-11-08;17;1534.757327;1504.387712
12;2025-11-08;18;1482.662141;1453.32338
12;2025-11-08;19;1467.469252;1438.431126
12;2025-11-08;20;1084.989453;1063.519796
12;2025-11-08;21;764.024388;748.905954
12;2025-11-08;22;448.52207;439.646763
12;2025-11-08;23;298.351914;292.448158
12;2025-11-09;0;98.534505;96.256152
12;2025-11-09;1;8.072462;7.885807
12;2025-11-09;2;0.0;0.0
12;2025-11-09;3;0.0;0.0
12;2025-11-09;4;2.955738;2.887394
12;2025-11-09;5;181.223932;177.033601
12;2025-11-09;6;579.362474;565.966225
12;2025-11-09;7;699.910626;683.727015
12;2025-11-09;8;775.485395;757.554314
12;2025-11-09;9;976.598412;954.017116
12;2025-11-09;10;1207.394786;1179.476925
12;2025-11-09;11;1339.292576;1308.324922
12;2025-11-09;12;1395.248598;1362.987107
12;2025-11-09;13;1611.813428;1574.544439
12;2025-11-09;14;1512.422728;1477.45189
12;2025-11-09;15;1387.015662;1354.944537
12;2025-11-09;16;1528.131645;1492.79758
12;2025-11-09;17;1604.647845;1567.544542
12;2025-11-09;18;1336.811499;1305.901214
12;2025-11-09;19;1108.732267;1083.09572
12;2025-11-09;20;831.631226;812.40192
12;2025-11-09;21;641.459631;626.627547
12;2025-11-09;22;436.65491;426.558403
12;2025-11-09;23;232.417133;227.043092
12;2025-11-10;0;75.394485;74.495141
12;2025-11-10;1;3.86235;3.816278
12;2025-11-10;2;0.0;0.0
12;2025-11-10;3;0.0;0.0
12;2025-11-10;4;6.3411;6.26546
12;2025-11-10;5;380.79815;376.255796
12;2025-11-10;6;1512.998756;1494.950939
12;2025-11-10;7;2712.65537;2680.297439
12;2025-11-10;8;3487.221852;3445.624499
12;2025-11-10;9;2516.205162;2486.190589
12;2025-11-10;10;2067.44217;2042.78067
12;2025-11-10;11;1974.378483;1950.827094
12;2025-11-10;12;2060.786473;2036.204365
12;2025-11-10;13;1984.801777;1961.126053
12;2025-11-10;14;1903.699313;1880.991021
12;2025-11-10;15;2229.601904;2203.00608
12;2025-11-10;16;2698.627876;2666.437272
12;2025-11-10;17;3039.725545;3003.466155
12;2025-11-10;18;3289.593241;3250.353302
12;2025-11-10;19;2637.983689;2606.516479
12;2025-11-10;20;1688.09867;1667.962172
12;2025-11-10;21;982.440015;970.720972
12;2025-11-10;22;521.476122;515.25569
12;2025-11-10;23;252.255921;249.246884
12;2025-11-11;0;51.518602;50.710062
12;2025-11-11;1;1.170365;1.151997
12;2025-11-11;2;0.0;0.0
12;2025-11-11;3;0.0;0.0
12;2025-11-11;4;6.588035;6.484641
12;2025-11-11;5;375.950009;370.049798
12;2025-11-11;6;1527.489981;1503.517346
12;2025-11-11;7;2846.092895;2801.425927
12;2025-11-11;8;3685.877564;3628.030901
12;2025-11-11;9;2630.996771;2589.705551
12;2025-11-11;10;2172.555213;2138.458837
12;2025-11-11;11;2102.328369;2069.334143
12;2025-11-11;12;2102.402551;2069.40716
12;2025-11-11;13;2060.353959;2028.018485
12;2025-11-11;14;2024.259716;1992.49071
12;2025-11-11;15;2277.449903;2241.707295
12;2025-11-11;16;2754.736827;2711.503613
12;2025-11-11;17;3172.860724;3123.065418
12;2025-11-11;18;3390.343887;3337.13537
12;2025-11-11;19;2715.698865;2673.078319
12;2025-11-11;20;1717.047434;1690.099858
12;2025-11-11;21;1011.229648;995.359273
12;2025-11-11;22;547.786686;539.189648
12;2025-11-11;23;259.610356;255.535996
12;2025-11-12;0;63.348208;62.951049
12;2025-11-12;1;2.020036;2.007371
12;2025-11-12;2;0.0;0.0
12;2025-11-12;3;0.0;0.0
12;2025-11-12;4;8.583109;8.529298
12;2025-11-12;5;381.095199;378.705939
12;2025-11-12;6;1504.866194;1495.431502
12;2025-11-12;7;2713.81773;2696.80357
12;2025-11-12;8;3438.22716;3416.671347
12;2025-11-12;9;2574.160139;2558.021556
12;2025-11-12;10;2160.168467;2146.625386
12;2025-11-12;11;2072.818235;2059.822793
12;2025-11-12;12;2098.534695;2085.378025
12;2025-11-12;13;1999.411755;1986.876531
12;2025-11-12;14;2016.67537;2004.031914
12;2025-11-12;15;2244.005186;2229.936495
12;2025-11-12;16;2699.511083;2682.586618
12;2025-11-12;17;3069.131712;3049.889927
12;2025-11-12;18;3318.74151;3297.934807
12;2025-11-12;19;2619.314312;2602.892637
12;2025-11-12;20;1651.534837;1641.180612
12;2025-11-12;21;1060.430481;1053.782159
12;2025-11-12;22;583.225292;579.568787
12;2025-11-12;23;280.926284;279.165029
12;2025-11-13;0;59.690812;58.458083
12;2025-11-13;1;2.576151;2.522949
12;2025-11-13;2;0.0;0.0
12;2025-11-13;3;0.0;0.0
12;2025-11-13;4;7.666224;7.507902
12;2025-11-13;5;371.679792;364.003895
12;2025-11-13;6;1489.378142;1458.61964
12;2025-11-13;7;2785.59226;2728.064462
12;2025-11-13;8;3555.538876;3482.110211
12;2025-11-13;9;2518.437562;2466.427019
12;2025-11-13;10;2132.352101;2088.314959
12;2025-11-13;11;2097.852782;2054.528117
12;2025-11-13;12;2176.438723;2131.491108
12;2025-11-13;13;2110.067253;2066.490336
12;2025-11-13;14;2049.343327;2007.020476
12;2025-11-13;15;2328.01748;2279.939475
12;2025-11-13;16;2817.801648;2759.608665
12;2025-11-13;17;3119.687161;3055.259666
12;2025-11-13;18;3376.315844;3306.588477
12;2025-11-13;19;2708.89446;2652.950619
12;2025-11-13;20;1730.185751;1694.454112
12;2025-11-13;21;1032.722224;1011.394538
12;2025-11-13;22;536.100789;525.029284
12;2025-11-13;23;290.0539;284.063733
12;2025-11-14;0;65.989562;65.121642
12;2025-11-14;1;2.254065;2.224419
12;2025-11-14;2;0.0;0.0
12;2025-11-14;3;0.0;0.0
12;2025-11-14;4;6.455511;6.370606
12;2025-11-14;5;369.112499;364.257789
12;2025-11-14;6;1497.993952;1478.291757
12;2025-11-14;7;2657.052998;2622.106413
12;2025-11-14;8;3471.753505;3426.091665
12;2025-11-14;9;2499.676356;2466.799649
12;2025-11-14;10;2028.10667;2001.432229
12;2025-11-14;11;2076.378278;2049.06895
12;2025-11-14;12;2064.233362;2037.083769
12;2025-11-14;13;2051.117891;2024.140797
12;2025-11-14;14;2078.675176;2051.335639
12;2025-11-14;15;2424.863946;2392.971201
12;2025-11-14;16;2978.25506;2939.083901
12;2025-11-14;17;3055.097353;3014.915534
12;2025-11-14;18;2736.417755;2700.427333
12;2025-11-14;19;2364.430761;2333.332856
12;2025-11-14;20;1564.394096;1543.818582
12;2025-11-14;21;1069.798991;1055.728582
12;2025-11-14;22;568.882892;561.400725
12;2025-11-14;23;323.838989;319.579733
12;2025-11-15;0;82.346801;80.885465
12;2025-11-15;1;2.780137;2.730801
12;2025-11-15;2;0.0;0.0
12;2025-11-15;3;0.0;0.0
12;2025-11-15;4;2.718134;2.669897
12;2025-11-15;5;258.100219;253.51994
12;2025-11-15;6;825.609633;810.958261
12;2025-11-15;7;865.041456;849.690322
12;2025-11-15;8;958.189368;941.18522
12;2025-11-15;9;1114.582877;1094.80335
12;2025-11-15;10;1324.282588;1300.781704
12;2025-11-15;11;1374.909416;1350.510102
12;2025-11-15;12;1367.995158;1343.718545
12;2025-11-15;13;1560.606209;1532.911497
12;2025-11-15;14;1474.670301;1448.500618
12;2025-11-15;15;1372.201937;1347.85067
12;2025-11-15;16;1451.440193;1425.682753
12;2025-11-15;17;1411.066942;1386.025972
12;2025-11-15;18;1363.170253;1338.979263
12;2025-11-15;19;1349.201801;1325.258697
12;2025-11-15;20;997.547118;979.844522
12;2025-11-15;21;702.449526;689.983769
12;2025-11-15;22;412.374422;405.056374
12;2025-11-15;23;274.306899;269.439015
12;2025-11-16;0;98.627763;96.032846
12;2025-11-16;1;8.080102;7.867513
12;2025-11-16;2;0.0;0.0
12;2025-11-16;3;0.0;0.0
12;2025-11-16;4;2.958536;2.880696
12;2025-11-16;5;181.395451;176.622899
12;2025-11-16;6;579.91081;564.653235
12;2025-11-16;7;700.573055;682.140831
12;2025-11-16;8;776.219351;755.796858
12;2025-11-16;9;977.522712;951.803884
12;2025-11-16;10;1208.537522;1176.740647
12;2025-11-16;11;1340.560147;1305.289729
12;2025-11-16;12;1396.569128;1359.825102
12;2025-11-16;13;1613.338926;1570.891641
12;2025-11-16;14;1513.854158;1474.024338
12;2025-11-16;15;1388.328401;1351.80119
12;2025-11-16;16;1529.577943;1489.334427
12;2025-11-16;17;1606.166561;1563.907983
12;2025-11-16;18;1338.076722;1302.871643
12;2025-11-16;19;1109.781625;1080.583038
12;2025-11-16;20;832.418322;810.517222
12;2025-11-16;21;642.066739;625.173829
12;2025-11-16;22;437.068182;425.568826
12;2025-11-16;23;232.637104;226.516373
12;2025-11-17;0;72.431548;72.806812
12;2025-11-17;1;3.710563;3.729788
12;2025-11-17;2;0.0;0.0
12;2025-11-17;3;0.0;0.0
12;2025-11-17;4;6.091901;6.123463
12;2025-11-17;5;365.833121;367.728481
12;2025-11-17;6;1453.53925;1461.069951
12;2025-11-17;7;2606.050425;2619.552219
12;2025-11-17;8;3350.177132;3367.534204
12;2025-11-17;9;2417.320535;2429.844531
12;2025-11-17;10;1986.19353;1996.483882
12;2025-11-17;11;1896.787163;1906.614306
12;2025-11-17;12;1979.799396;1990.05662
12;2025-11-17;13;1906.800831;1916.679854
12;2025-11-17;14;1828.885622;1838.360971
12;2025-11-17;15;2141.980531;2153.078006
12;2025-11-17;16;2592.574199;2606.006174
12;2025-11-17;17;2920.267033;2935.396765
12;2025-11-17;18;3160.315149;3176.688557
12;2025-11-17;19;2534.313274;2547.443402
12;2025-11-17;20;1621.757893;1630.160125
12;2025-11-17;21;943.830996;948.720929
12;2025-11-17;22;500.982574;503.578136
12;2025-11-17;23;242.342487;243.598049
12;2025-11-18;0;48.063092;47.99738
12;2025-11-18;1;1.091865;1.090372
12;2025-11-18;2;0.0;0.0
12;2025-11-18;3;0.0;0.0
12;2025-11-18;4;6.146155;6.137752
12;2025-11-18;5;350.73389;350.254365
12;2025-11-18;6;1425.036551;1423.088231
12;2025-11-18;7;2655.19673;2651.566526
12;2025-11-18;8;3438.65447;3433.953117
12;2025-11-18;9;2454.527762;2451.171914
12;2025-11-18;10;2026.835283;2024.064179
12;2025-11-18;11;1961.318769;1958.63724
12;2025-11-18;12;1961.387975;1958.706351
12;2025-11-18;13;1922.159711;1919.53172
12;2025-11-18;14;1888.486419;1885.904467
12;2025-11-18;15;2124.694365;2121.789467
12;2025-11-18;16;2569.968193;2566.454514
12;2025-11-18;17;2960.047241;2956.000243
12;2025-11-18;18;3162.943142;3158.618743
12;2025-11-18;19;2533.548627;2530.084741
12;2025-11-18;20;1601.879805;1599.689703
12;2025-11-18;21;943.403379;942.113552
12;2025-11-18;22;511.044956;510.346252
12;2025-11-18;23;242.197495;241.866361
12;2025-11-19;0;64.791149;63.815908
12;2025-11-19;1;2.066048;2.03495
12;2025-11-19;2;0.0;0.0
12;2025-11-19;3;0.0;0.0
12;2025-11-19;4;8.778614;8.646478
12;2025-11-19;5;389.775757;383.908828
12;2025-11-19;6;1539.143923;1515.976633
12;2025-11-19;7;2775.632867;2733.853868
12;2025-11-19;8;3516.54284;3463.611619
12;2025-11-19;9;2632.794166;2593.165184
12;2025-11-19;10;2209.372622;2176.117008
12;2025-11-19;11;2120.032733;2088.121868
12;2025-11-19;12;2146.334961;2114.028194
12;2025-11-19;13;2044.954205;2014.173427
12;2025-11-19;14;2062.611051;2031.564501
12;2025-11-19;15;2295.118968;2260.572694
12;2025-11-19;16;2761.000344;2719.441595
12;2025-11-19;17;3139.040164;3091.791136
12;2025-11-19;18;3394.335555;3343.243805
12;2025-11-19;19;2678.976857;2638.65273
12;2025-11-19;20;1689.153374;1663.728132
12;2025-11-19;21;1084.584887;1068.259648
12;2025-11-19;22;596.509954;587.531249
12;2025-11-19;23;287.325202;283.000365
12;2025-11-20;0;59.897292;58.664001
12;2025-11-20;1;2.585063;2.531836
12;2025-11-20;2;0.0;0.0
12;2025-11-20;3;0.0;0.0
12;2025-11-20;4;7.692743;7.534349
12;2025-11-20;5;372.965487;365.286096
12;2025-11-20;6;1494.53012;1463.757618
12;2025-11-20;7;2795.228032;2737.674051
12;2025-11-20;8;3567.838007;3494.37592
12;2025-11-20;9;2527.149207;2475.114991
12;2025-11-20;10;2139.728219;2095.671034
12;2025-11-20;11;2105.109562;2061.765178
12;2025-11-20;12;2183.967343;2138.999271
12;2025-11-20;13;2117.366285;2073.769534
12;2025-11-20;14;2056.432307;2014.090192
12;2025-11-20;15;2336.070434;2287.970547
12;2025-11-20;16;2827.548838;2769.329368
12;2025-11-20;17;3130.478617;3066.021798
12;2025-11-20;18;3387.995016;3318.235912
12;2025-11-20;19;2718.264924;2662.295619
12;2025-11-20;20;1736.170717;1700.422815
12;2025-11-20;21;1036.294561;1014.957169
12;2025-11-20;22;537.95524;526.878696
12;2025-11-20;23;291.057239;285.064346
12;2025-11-21;0;66.012056;65.090178
12;2025-11-21;1;2.254833;2.223344
12;2025-11-21;2;0.0;0.0
12;2025-11-21;3;0.0;0.0
12;2025-11-21;4;6.457712;6.367528
12;2025-11-21;5;369.238323;364.081795
12;2025-11-21;6;1498.504589;1477.577508
12;2025-11-21;7;2657.958737;2620.839518
12;2025-11-21;8;3472.93696;3424.436318
12;2025-11-21;9;2500.528448;2465.607792
12;2025-11-21;10;2028.798013;2000.465219
12;2025-11-21;11;2077.086075;2048.078924
12;2025-11-21;12;2064.93702;2036.099533
12;2025-11-21;13;2051.817078;2023.162816
12;2025-11-21;14;2079.383757;2050.344517
12;2025-11-21;15;2425.690536;2391.815015
12;2025-11-21;16;2979.27029;2937.663856
12;2025-11-21;17;3056.138777;3013.458851
12;2025-11-21;18;2737.350547;2699.122597
12;2025-11-21;19;2365.23675;2332.205485
12;2025-11-21;20;1564.927368;1543.072672
12;2025-11-21;21;1070.163665;1055.218497
12;2025-11-21;22;569.076813;561.129479
12;2025-11-21;23;323.949379;319.425325
12;2025-11-22;0;85.370913;85.005472
12;2025-11-22;1;2.882236;2.869898
12;2025-11-22;2;0.0;0.0
12;2025-11-22;3;0.0;0.0
12;2025-11-22;4;2.817955;2.805892
12;2025-11-22;5;267.578717;266.433311
12;2025-11-22;6;855.929403;852.265483
12;2025-11-22;7;896.809325;892.970413
12;2025-11-22;8;993.37801;989.125723
12;2025-11-22;9;1155.51493;1150.568594
12;2025-11-22;10;1372.915674;1367.038725
12;2025-11-22;11;1425.401727;1419.300104
12;2025-11-22;12;1418.233549;1412.162611
12;2025-11-22;13;1617.918067;1610.992353
12;2025-11-22;14;1528.82624;1522.281895
12;2025-11-22;15;1422.594818;1416.505211
12;2025-11-22;16;1504.743027;1498.301773
12;2025-11-22;17;1462.887105;1456.625022
12;2025-11-22;18;1413.231453;1407.181927
12;2025-11-22;19;1398.750022;1392.762486
12;2025-11-22;20;1034.181138;1029.754188
12;2025-11-22;21;728.246352;725.128996
12;2025-11-22;22;427.518501;425.688451
12;2025-11-22;23;284.380573;283.163244
12;2025-11-23;0;98.223159;96.672268
12;2025-11-23;1;8.046954;7.919897
12;2025-11-23;2;0.0;0.0
12;2025-11-23;3;0.0;0.0
12;2025-11-23;4;2.946399;2.899877
12;2025-11-23;5;180.651305;177.798919
12;2025-11-23;6;577.531818;568.412903
12;2025-11-23;7;697.699065;686.682774
12;2025-11-23;8;773.035035;760.829229
12;2025-11-23;9;973.51258;958.141342
12;2025-11-23;10;1203.57969;1184.575816
12;2025-11-23;11;1335.060712;1313.980824
12;2025-11-23;12;1390.839926;1368.879314
12;2025-11-23;13;1606.720459;1581.35121
12;2025-11-23;14;1507.643812;1483.83893
12;2025-11-23;15;1382.633005;1360.801976
12;2025-11-23;16;1523.303093;1499.250959
12;2025-11-23;17;1599.577519;1574.321053
12;2025-11-23;18;1332.587475;1311.546638
12;2025-11-23;19;1105.228922;1087.777954
12;2025-11-23;20;829.003459;815.913941
12;2025-11-23;21;639.432762;629.336464
12;2025-11-23;22;435.275179;428.402419
12;2025-11-23;23;231.682748;228.024602
12;2025-11-24;0;69.672317;69.721405
12;2025-11-24;1;3.569212;3.571727
12;2025-11-24;2;0.0;0.0
12;2025-11-24;3;0.0;0.0
12;2025-11-24;4;5.859834;5.863962
12;2025-11-24;5;351.896953;352.144886
12;2025-11-24;6;1398.167642;1399.15274
12;2025-11-24;7;2506.774673;2508.540855
12;2025-11-24;8;3222.554371;3224.824865
12;2025-11-24;9;2325.234323;2326.872598
12;2025-11-24;10;1910.530814;1911.876904
12;2025-11-24;11;1824.530323;1825.81582
12;2025-11-24;12;1904.380259;1905.722016
12;2025-11-24;13;1834.162526;1835.45481
12;2025-11-24;14;1759.215445;1760.454924
12;2025-11-24;15;2060.383212;2061.834883
12;2025-11-24;16;2493.811815;2495.568864
12;2025-11-24;17;2809.02141;2811.000543
12;2025-11-24;18;3039.925054;3042.066874
12;2025-11-24;19;2437.770302;2439.487865
12;2025-11-24;20;1559.978108;1561.077212
12;2025-11-24;21;907.876384;908.516041
12;2025-11-24;22;481.897978;482.237505
12;2025-11-24;23;233.110612;233.274853
12;2025-11-25;0;51.675686;50.949452
12;2025-11-25;1;1.173933;1.157435
12;2025-11-25;2;0.0;0.0
12;2025-11-25;3;0.0;0.0
12;2025-11-25;4;6.608122;6.515253
12;2025-11-25;5;377.096306;371.79671
12;2025-11-25;6;1532.147403;1510.615072
12;2025-11-25;7;2854.770829;2814.650752
12;2025-11-25;8;3697.116059;3645.15792
12;2025-11-25;9;2639.018862;2601.930898
12;2025-11-25;10;2179.179484;2148.553962
12;2025-11-25;11;2108.738514;2079.102947
12;2025-11-25;12;2108.812922;2079.176309
12;2025-11-25;13;2066.636121;2037.592248
12;2025-11-25;14;2030.431824;2001.896756
12;2025-11-25;15;2284.394005;2252.28983
12;2025-11-25;16;2763.13621;2724.303938
12;2025-11-25;17;3182.534996;3137.808622
12;2025-11-25;18;3400.68128;3352.889144
12;2025-11-25;19;2723.979218;2685.697247
12;2025-11-25;20;1722.28283;1698.078393
12;2025-11-25;21;1014.312957;1000.058113
12;2025-11-25;22;549.456926;541.735026
12;2025-11-25;23;260.401926;256.742317
12;2025-11-26;0;60.546547;60.238902
12;2025-11-26;1;1.930697;1.920887
12;2025-11-26;2;0.0;0.0
12;2025-11-26;3;0.0;0.0
12;2025-11-26;4;8.203509;8.161826
12;2025-11-26;5;364.240745;362.389989
12;2025-11-26;6;1438.311438;1431.003186
12;2025-11-26;7;2593.795447;2580.616026
12;2025-11-26;8;3286.166883;3269.469431
12;2025-11-26;9;2460.314403;2447.813217
12;2025-11-26;10;2064.632076;2054.141405
12;2025-11-26;11;1981.145026;1971.078564
12;2025-11-26;12;2005.724141;1995.532789
12;2025-11-26;13;1910.985048;1901.275078
12;2025-11-26;14;1927.485157;1917.691347
12;2025-11-26;15;2144.761002;2133.863185
12;2025-11-26;16;2580.12153;2567.011589
12;2025-11-26;17;2933.395184;2918.490211
12;2025-11-26;18;3171.965648;3155.848468
12;2025-11-26;19;2503.47157;2490.751097
12;2025-11-26;20;1578.49346;1570.472924
12;2025-11-26;21;1013.5315;1008.381611
12;2025-11-26;22;557.431359;554.598976
12;2025-11-26;23;268.501937;267.137643
12;2025-11-27;0;56.226405;55.771296
12;2025-11-27;1;2.426634;2.406992
12;2025-11-27;2;0.0;0.0
12;2025-11-27;3;0.0;0.0
12;2025-11-27;4;7.221283;7.162832
12;2025-11-27;5;350.107792;347.27394
12;2025-11-27;6;1402.935814;1391.580133
12;2025-11-27;7;2623.918691;2602.680097
12;2025-11-27;8;3349.178214;3322.069205
12;2025-11-27;9;2372.26944;2353.067752
12;2025-11-27;10;2008.592073;1992.334072
12;2025-11-27;11;1976.095067;1960.100105
12;2025-11-27;12;2050.119942;2033.525806
12;2025-11-27;13;1987.60062;1971.512529
12;2025-11-27;14;1930.401063;1914.775959
12;2025-11-27;15;2192.901189;2175.151349
12;2025-11-27;16;2654.258671;2632.774499
12;2025-11-27;17;2938.622988;2914.837106
12;2025-11-27;18;3180.357146;3154.614613
12;2025-11-27;19;2551.67237;2531.018555
12;2025-11-27;20;1629.76714;1616.575434
12;2025-11-27;21;972.783843;964.90991
12;2025-11-27;22;504.985923;500.898453
12;2025-11-27;23;273.219401;271.007901
12;2025-11-28;0;63.303385;62.523857
12;2025-11-28;1;2.162311;2.135684
12;2025-11-28;2;0.0;0.0
12;2025-11-28;3;0.0;0.0
12;2025-11-28;4;6.192733;6.116474
12;2025-11-28;5;354.087376;349.727084
12;2025-11-28;6;1437.016489;1419.320824
12;2025-11-28;7;2548.894784;2517.507262
12;2025-11-28;8;3330.432026;3289.420522
12;2025-11-28;9;2397.924328;2368.395882
12;2025-11-28;10;1945.550396;1921.592559
12;2025-11-28;11;1991.857056;1967.328991
12;2025-11-28;12;1980.206512;1955.821913
12;2025-11-28;13;1967.62492;1943.395254
12;2025-11-28;14;1994.060456;1969.505258
12;2025-11-28;15;2326.157238;2297.512544
12;2025-11-28;16;2857.021968;2821.840116
12;2025-11-28;17;2930.736313;2894.64673
12;2025-11-28;18;2625.028912;2592.703862
12;2025-11-28;19;2268.184051;2240.253249
12;2025-11-28;20;1500.713743;1482.2337
12;2025-11-28;21;1026.251667;1013.61423
12;2025-11-28;22;545.725899;539.005738
12;2025-11-28;23;310.656772;306.831292
12;2025-11-29;0;89.952988;89.297
12;2025-11-29;1;3.036932;3.014785
12;2025-11-29;2;0.0;0.0
12;2025-11-29;3;0.0;0.0
12;2025-11-29;4;2.969202;2.947549
12;2025-11-29;5;281.940349;279.884281
12;2025-11-29;6;901.869317;895.292377
12;2025-11-29;7;944.943368;938.052308
12;2025-11-29;8;1046.695141;1039.06205
12;2025-11-29;9;1217.534362;1208.655415
12;2025-11-29;10;1446.603559;1436.05411
12;2025-11-29;11;1501.906672;1490.953922
12;2025-11-29;12;1494.353759;1483.456089
12;2025-11-29;13;1704.755856;1692.323815
12;2025-11-29;14;1610.882243;1599.134781
12;2025-11-29;15;1498.949109;1488.017927
12;2025-11-29;16;1585.506422;1573.944015
12;2025-11-29;17;1541.403986;1530.163199
12;2025-11-29;18;1489.083189;1478.223955
12;2025-11-29;19;1473.824503;1463.076544
12;2025-11-29;20;1089.688277;1081.741656
12;2025-11-29;21;767.333191;761.737364
12;2025-11-29;22;450.464509;447.179468
12;2025-11-29;23;299.644003;297.45883
12;2025-11-30;0;97.740703;96.137087
12;2025-11-30;1;8.007429;7.876052
12;2025-11-30;2;0.0;0.0
12;2025-11-30;3;0.0;0.0
12;2025-11-30;4;2.931927;2.883823
12;2025-11-30;5;179.763977;176.814618
12;2025-11-30;6;574.695079;565.26615
12;2025-11-30;7;694.272085;682.881275
12;2025-11-30;8;769.238017;756.617253
12;2025-11-30;9;968.73085;952.83704
12;2025-11-30;10;1197.667909;1178.017965
12;2025-11-30;11;1328.503119;1306.706583
12;2025-11-30;12;1384.008354;1361.301153
12;2025-11-30;13;1598.828519;1572.596798
12;2025-11-30;14;1500.238519;1475.624349
12;2025-11-30;15;1375.841744;1353.268531
12;2025-11-30;16;1515.820884;1490.951057
12;2025-11-30;17;1591.720663;1565.60556
12;2025-11-30;18;1326.042029;1304.285873
12;2025-11-30;19;1099.800223;1081.755979
12;2025-11-30;20;824.931533;811.397015
12;2025-11-30;21;636.291976;625.852437
12;2025-11-30;22;433.137181;426.030769
12;2025-11-30;23;230.544761;226.76225
12;2025-12-01;0;76.52568;73.353014
12;2025-12-01;1;3.9203;3.757769
12;2025-12-01;2;0.0;0.0
12;2025-12-01;3;0.0;0.0
12;2025-12-01;4;6.43624;6.169401
12;2025-12-01;5;386.511526;370.487209
12;2025-12-01;6;1535.699315;1472.03101
12;2025-12-01;7;2753.3552;2639.204301
12;2025-12-01;8;3539.543035;3392.797704
12;2025-12-01;9;2553.957515;2448.073412
12;2025-12-01;10;2098.461424;2011.461658
12;2025-12-01;11;2004.001438;1920.917874
12;2025-12-01;12;2091.705866;2004.986178
12;2025-12-01;13;2014.58112;1931.058934
12;2025-12-01;14;1932.26182;1852.152496
12;2025-12-01;15;2263.054151;2169.230563
12;2025-12-01;16;2739.117242;2625.556633
12;2025-12-01;17;3085.332634;2957.418337
12;2025-12-01;18;3338.949265;3200.520319
12;2025-12-01;19;2677.563168;2566.554519
12;2025-12-01;20;1713.426373;1642.389712
12;2025-12-01;21;997.180237;955.838306
12;2025-12-01;22;529.300187;507.356018
12;2025-12-01;23;256.040689;245.425541
12;2025-12-02;0;52.301165;49.628834
12;2025-12-02;1;1.188143;1.127434
12;2025-12-02;2;0.0;0.0
12;2025-12-02;3;0.0;0.0
12;2025-12-02;4;6.688106;6.346377
12;2025-12-02;5;381.660656;362.159684
12;2025-12-02;6;1550.69242;1471.459706
12;2025-12-02;7;2889.324797;2741.694589
12;2025-12-02;8;3741.865721;3550.674889
12;2025-12-02;9;2670.961382;2534.488465
12;2025-12-02;10;2205.556137;2092.863126
12;2025-12-02;11;2134.262553;2025.212292
12;2025-12-02;12;2134.337861;2025.283753
12;2025-12-02;13;2091.650556;1984.777557
12;2025-12-02;14;2055.008044;1950.007297
12;2025-12-02;15;2312.044168;2193.910145
12;2025-12-02;16;2796.581038;2653.689578
12;2025-12-02;17;3221.056201;3056.476159
12;2025-12-02;18;3441.842914;3265.981763
12;2025-12-02;19;2756.950093;2616.083578
12;2025-12-02;20;1743.129234;1654.063951
12;2025-12-02;21;1026.590138;974.136459
12;2025-12-02;22;556.107518;527.693174
12;2025-12-02;23;263.553815;250.087518
12;2025-12-03;0;65.447292;62.270092
12;2025-12-03;1;2.086971;1.985657
12;2025-12-03;2;0.0;0.0
12;2025-12-03;3;0.0;0.0
12;2025-12-03;4;8.867516;8.437034
12;2025-12-03;5;393.723035;374.609382
12;2025-12-03;6;1554.730909;1479.255043
12;2025-12-03;7;2803.741837;2667.631566
12;2025-12-03;8;3552.155042;3379.712352
12;2025-12-03;9;2659.456602;2530.350793
12;2025-12-03;10;2231.747047;2123.404799
12;2025-12-03;11;2141.502409;2037.54117
12;2025-12-03;12;2168.071001;2062.819965
12;2025-12-03;13;2065.663557;1965.383987
12;2025-12-03;14;2083.499214;1982.353795
12;2025-12-03;15;2318.36175;2205.81471
12;2025-12-03;16;2788.96113;2653.568402
12;2025-12-03;17;3170.829378;3016.898499
12;2025-12-03;18;3428.710158;3262.260215
12;2025-12-03;19;2706.106987;2574.736491
12;2025-12-03;20;1706.259513;1623.427548
12;2025-12-03;21;1095.568532;1042.383132
12;2025-12-03;22;602.550839;573.299445
12;2025-12-03;23;290.234959;276.145231
12;2025-12-04;0;60.701334;57.854336
12;2025-12-04;1;2.619764;2.496892
12;2025-12-04;2;0.0;0.0
12;2025-12-04;3;0.0;0.0
12;2025-12-04;4;7.796008;7.430362
12;2025-12-04;5;377.972056;360.244511
12;2025-12-04;6;1514.59221;1443.555208
12;2025-12-04;7;2832.750273;2699.88937
12;2025-12-04;8;3615.731514;3446.147433
12;2025-12-04;9;2561.072844;2440.954084
12;2025-12-04;10;2168.451242;2066.747116
12;2025-12-04;11;2133.367875;2033.30922
12;2025-12-04;12;2213.284217;2109.477347
12;2025-12-04;13;2145.789128;2045.147895
12;2025-12-04;14;2084.037191;1986.292231
12;2025-12-04;15;2367.429091;2256.392559
12;2025-12-04;16;2865.504942;2731.107788
12;2025-12-04;17;3172.501153;3023.705344
12;2025-12-04;18;3433.47437;3272.438464
12;2025-12-04;19;2754.754036;2625.551292
12;2025-12-04;20;1759.476513;1676.954012
12;2025-12-04;21;1050.205446;1000.948988
12;2025-12-04;22;545.176578;519.60685
12;2025-12-04;23;294.964298;281.12996
12;2025-12-05;0;67.424428;64.86552
12;2025-12-05;1;2.303077;2.21567
12;2025-12-05;2;0.0;0.0
12;2025-12-05;3;0.0;0.0
12;2025-12-05;4;6.595879;6.34555
12;2025-12-05;5;377.138423;362.825175
12;2025-12-05;6;1530.566096;1472.477681
12;2025-12-05;7;2714.827541;2611.793748
12;2025-12-05;8;3547.242767;3412.616951
12;2025-12-05;9;2554.028925;2457.097801
12;2025-12-05;10;2072.205502;1993.560657
12;2025-12-05;11;2121.52672;2041.010025
12;2025-12-05;12;2109.117727;2029.071981
12;2025-12-05;13;2095.717076;2016.179914
12;2025-12-05;14;2123.873562;2043.267798
12;2025-12-05;15;2477.589807;2383.559718
12;2025-12-05;16;3043.013769;2927.524574
12;2025-12-05;17;3121.526909;3003.057964
12;2025-12-05;18;2795.917992;2689.806635
12;2025-12-05;19;2415.842571;2324.155929
12;2025-12-05;20;1598.410035;1537.74679
12;2025-12-05;21;1093.060532;1051.576434
12;2025-12-05;22;581.252592;559.192753
12;2025-12-05;23;330.880493;318.322836
12;2025-12-06;0;91.203998;88.554757
12;2025-12-06;1;3.079168;2.989726
12;2025-12-06;2;0.0;0.0
12;2025-12-06;3;0.0;0.0
12;2025-12-06;4;3.010495;2.923048
12;2025-12-06;5;285.8614;277.557865
12;2025-12-06;6;914.411951;887.850647
12;2025-12-06;7;958.085049;930.255154
12;2025-12-06;8;1061.251922;1030.425296
12;2025-12-06;9;1234.467069;1198.608991
12;2025-12-06;10;1466.722017;1424.117532
12;2025-12-06;11;1522.794251;1478.561013
12;2025-12-06;12;1515.136297;1471.125503
12;2025-12-06;13;1728.464534;1678.257106
12;2025-12-06;14;1633.285386;1585.842666
12;2025-12-06;15;1519.795557;1475.649423
12;2025-12-06;16;1607.556654;1560.861287
12;2025-12-06;17;1562.840869;1517.44438
12;2025-12-06;18;1509.792427;1465.936858
12;2025-12-06;19;1494.321533;1450.915354
12;2025-12-06;20;1104.84298;1072.750147
12;2025-12-06;21;778.004781;755.405753
12;2025-12-06;22;456.729288;443.462482
12;2025-12-06;23;303.811265;294.986333
12;2025-12-07;0;99.897667;98.231607
12;2025-12-07;1;8.184139;8.047646
12;2025-12-07;2;0.0;0.0
12;2025-12-07;3;0.0;0.0
12;2025-12-07;4;2.996629;2.946652
12;2025-12-07;5;183.731048;180.666843
12;2025-12-07;6;587.377578;577.581492
12;2025-12-07;7;709.593436;697.759074
12;2025-12-07;8;786.213732;773.101523
12;2025-12-07;9;990.109018;973.596312
12;2025-12-07;10;1224.09831;1203.683209
12;2025-12-07;11;1357.820821;1335.17554
12;2025-12-07;12;1414.550958;1390.959551
12;2025-12-07;13;1634.111822;1606.858653
12;2025-12-07;14;1533.346116;1507.773484
12;2025-12-07;15;1406.204125;1382.751924
12;2025-12-07;16;1549.272356;1523.434111
12;2025-12-07;17;1626.847108;1599.715098
12;2025-12-07;18;1355.30542;1332.70209
12;2025-12-07;19;1124.070859;1105.323982
12;2025-12-07;20;843.136305;829.074761
12;2025-12-07;21;650.333809;639.48776
12;2025-12-07;22;442.695748;435.312617
12;2025-12-07;23;235.632474;231.702674
12;2025-12-08;0;76.531422;75.19768
12;2025-12-08;1;3.920594;3.852268
12;2025-12-08;2;0.0;0.0
12;2025-12-08;3;0.0;0.0
12;2025-12-08;4;6.436723;6.324548
12;2025-12-08;5;386.540529;379.804143
12;2025-12-08;6;1535.814551;1509.049335
12;2025-12-08;7;2753.561807;2705.574454
12;2025-12-08;8;3539.808635;3478.119065
12;2025-12-08;9;2554.149159;2509.637045
12;2025-12-08;10;2098.618888;2062.045471
12;2025-12-08;11;2004.151815;1969.224711
12;2025-12-08;12;2091.862824;2055.407147
12;2025-12-08;13;2014.73229;1979.620796
12;2025-12-08;14;1932.406813;1898.730036
12;2025-12-08;15;2263.223967;2223.781915
12;2025-12-08;16;2739.32278;2691.583576
12;2025-12-08;17;3085.564151;3031.790869
12;2025-12-08;18;3339.199814;3281.006328
12;2025-12-08;19;2677.764087;2631.09769
12;2025-12-08;20;1713.554945;1683.692182
12;2025-12-08;21;997.255063;979.875526
12;2025-12-08;22;529.339904;520.1149
12;2025-12-08;23;256.059902;251.59745
12;2025-12-09;0;52.344353;51.256429
12;2025-12-09;1;1.189124;1.164409
12;2025-12-09;2;0.0;0.0
12;2025-12-09;3;0.0;0.0
12;2025-12-09;4;6.693629;6.554509
12;2025-12-09;5;381.975814;374.036833
12;2025-12-09;6;1551.97291;1519.716724
12;2025-12-09;7;2891.710668;2831.609388
12;2025-12-09;8;3744.955582;3667.120469
12;2025-12-09;9;2673.166939;2617.607869
12;2025-12-09;10;2207.377383;2161.499278
12;2025-12-09;11;2136.024929;2091.629812
12;2025-12-09;12;2136.1003;2091.703616
12;2025-12-09;13;2093.377744;2049.869006
12;2025-12-09;14;2056.704975;2013.958443
12;2025-12-09;15;2313.953347;2265.860168
12;2025-12-09;16;2798.890326;2740.718222
12;2025-12-09;17;3223.716001;3156.714326
12;2025-12-09;18;3444.685029;3373.090736
12;2025-12-09;19;2759.226656;2701.878921
12;2025-12-09;20;1744.56863;1708.309536
12;2025-12-09;21;1027.437849;1006.083593
12;2025-12-09;22;556.566726;544.99905
12;2025-12-09;23;263.771446;258.289223
12;2025-12-10;0;64.669918;63.461822
12;2025-12-10;1;2.062182;2.023658
12;2025-12-10;2;0.0;0.0
12;2025-12-10;3;0.0;0.0
12;2025-12-10;4;8.762189;8.598503
12;2025-12-10;5;389.046445;381.778689
12;2025-12-10;6;1536.264021;1507.565155
12;2025-12-10;7;2770.439362;2718.684934
12;2025-12-10;8;3509.963014;3444.393584
12;2025-12-10;9;2627.867928;2578.776868
12;2025-12-10;10;2205.238651;2164.042706
12;2025-12-10;11;2116.065926;2076.535812
12;2025-12-10;12;2142.31894;2102.298395
12;2025-12-10;13;2041.127878;2002.997678
12;2025-12-10;14;2058.751686;2020.292256
12;2025-12-10;15;2290.824556;2248.029786
12;2025-12-10;16;2755.834218;2704.352627
12;2025-12-10;17;3133.166685;3074.636167
12;2025-12-10;18;3387.984392;3324.693637
12;2025-12-10;19;2673.964206;2624.012024
12;2025-12-10;20;1685.992788;1654.496847
12;2025-12-10;21;1082.555513;1062.332352
12;2025-12-10;22;595.39382;584.2713
12;2025-12-10;23;286.787586;281.430123
12;2025-12-11;0;57.809737;57.131018
12;2025-12-11;1;2.494967;2.465675
12;2025-12-11;2;0.0;0.0
12;2025-12-11;3;0.0;0.0
12;2025-12-11;4;7.424634;7.337464
12;2025-12-11;5;359.966806;355.740595
12;2025-12-11;6;1442.442401;1425.507324
12;2025-12-11;7;2697.808081;2666.134313
12;2025-12-11;8;3443.490869;3403.062369
12;2025-12-11;9;2439.072403;2410.436335
12;2025-12-11;10;2065.153903;2040.907847
12;2025-12-11;11;2031.741784;2007.888004
12;2025-12-11;12;2107.851195;2083.103848
12;2025-12-11;13;2043.571332;2019.578668
12;2025-12-11;14;1984.761039;1961.45884
12;2025-12-11;15;2254.653153;2228.18227
12;2025-12-11;16;2729.002434;2696.962426
12;2025-12-11;17;3021.374432;2985.901815
12;2025-12-11;18;3269.915809;3231.525177
12;2025-12-11;19;2623.527309;2592.725638
12;2025-12-11;20;1675.661283;1655.988087
12;2025-12-11;21;1000.177377;988.434738
12;2025-12-11;22;519.206296;513.110525
12;2025-12-11;23;280.913243;277.615165
12;2025-12-12;0;64.491609;63.618859
12;2025-12-12;1;2.202898;2.173087
12;2025-12-12;2;0.0;0.0
12;2025-12-12;3;0.0;0.0
12;2025-12-12;4;6.308972;6.223594
12;2025-12-12;5;360.733701;355.851976
12;2025-12-12;6;1463.989713;1444.177884
12;2025-12-12;7;2596.738293;2561.597243
12;2025-12-12;8;3392.94522;3347.029289
12;2025-12-12;9;2442.934077;2409.874424
12;2025-12-12;10;1982.068952;1955.246078
12;2025-12-12;11;2029.244802;2001.783508
12;2025-12-12;12;2017.375573;1990.074904
12;2025-12-12;13;2004.557822;1977.430611
12;2025-12-12;14;2031.489561;2003.997889
12;2025-12-12;15;2369.819897;2337.749681
12;2025-12-12;16;2910.649115;2871.259985
12;2025-12-12;17;2985.7471;2945.341686
12;2025-12-12;18;2674.301481;2638.110787
12;2025-12-12;19;2310.758536;2279.487584
12;2025-12-12;20;1528.882584;1508.192575
12;2025-12-12;21;1045.514714;1031.366009
12;2025-12-12;22;555.969335;548.445533
12;2025-12-12;23;316.487892;312.204936
12;2025-12-13;0;91.168895;88.046297
12;2025-12-13;1;3.077983;2.97256
12;2025-12-13;2;0.0;0.0
12;2025-12-13;3;0.0;0.0
12;2025-12-13;4;3.009337;2.906265
12;2025-12-13;5;285.751377;275.964192
12;2025-12-13;6;914.06001;882.752816
12;2025-12-13;7;957.7163;924.913847
12;2025-12-13;8;1060.843466;1024.508835
12;2025-12-13;9;1233.991945;1191.726858
12;2025-12-13;10;1466.157502;1415.940582
12;2025-12-13;11;1522.208155;1470.071462
12;2025-12-13;12;1514.553149;1462.678645
12;2025-12-13;13;1727.799279;1668.620946
12;2025-12-13;14;1632.656764;1576.737129
12;2025-12-13;15;1519.210614;1467.176589
12;2025-12-13;16;1606.937934;1551.899187
12;2025-12-13;17;1562.23936;1508.73157
12;2025-12-13;18;1509.211335;1457.519792
12;2025-12-13;19;1493.746395;1442.584537
12;2025-12-13;20;1104.417746;1066.590666
12;2025-12-13;21;777.705341;751.068389
12;2025-12-13;22;456.553501;440.916225
12;2025-12-13;23;303.694333;293.29259
12;2025-12-14;0;99.676032;98.138644
12;2025-12-14;1;8.165981;8.040031
12;2025-12-14;2;0.0;0.0
12;2025-12-14;3;0.0;0.0
12;2025-12-14;4;2.989981;2.943864
12;2025-12-14;5;183.32342;180.495867
12;2025-12-14;6;586.074416;577.034892
12;2025-12-14;7;708.019124;697.098744
12;2025-12-14;8;784.46943;772.369892
12;2025-12-14;9;987.912351;972.67494
12;2025-12-14;10;1221.382512;1202.544093
12;2025-12-14;11;1354.808344;1333.911985
12;2025-12-14;12;1411.412619;1389.643204
12;2025-12-14;13;1630.486363;1605.337988
12;2025-12-14;14;1529.944218;1506.346589
12;2025-12-14;15;1403.084305;1381.443345
12;2025-12-14;16;1545.835123;1521.992396
12;2025-12-14;17;1623.237767;1598.201193
12;2025-12-14;18;1352.298524;1331.440876
12;2025-12-14;19;1121.576983;1104.277949
12;2025-12-14;20;841.265714;828.290158
12;2025-12-14;21;648.890971;638.882575
12;2025-12-14;22;441.713578;434.900655
12;2025-12-14;23;235.109697;231.483401
12;2025-12-15;0;76.287757;75.545201
12;2025-12-15;1;3.908111;3.870071
12;2025-12-15;2;0.0;0.0
12;2025-12-15;3;0.0;0.0
12;2025-12-15;4;6.41623;6.353776
12;2025-12-15;5;385.309842;381.55938
12;2025-12-15;6;1530.924746;1516.023296
12;2025-12-15;7;2744.794876;2718.078067
12;2025-12-15;8;3528.538412;3494.192936
12;2025-12-15;9;2546.017129;2521.235148
12;2025-12-15;10;2091.937198;2071.575063
12;2025-12-15;11;1997.770894;1978.325338
12;2025-12-15;12;2085.202644;2064.90606
12;2025-12-15;13;2008.317683;1988.769468
12;2025-12-15;14;1926.254318;1907.504878
12;2025-12-15;15;2256.018199;2234.05896
12;2025-12-15;16;2730.601185;2704.022532
12;2025-12-15;17;3075.740175;3045.802068
12;2025-12-15;18;3328.568299;3296.169258
12;2025-12-15;19;2669.238485;2643.257114
12;2025-12-15;20;1708.099242;1691.473241
12;2025-12-15;21;994.079952;984.403949
12;2025-12-15;22;527.654565;522.518572
12;2025-12-15;23;255.244646;252.76019
12;2025-12-16;0;51.72549;50.915847
12;2025-12-16;1;1.175065;1.156672
12;2025-12-16;2;0.0;0.0
12;2025-12-16;3;0.0;0.0
12;2025-12-16;4;6.614491;6.510956
12;2025-12-16;5;377.459742;371.551487
12;2025-12-16;6;1533.62405;1509.618727
12;2025-12-16;7;2857.522188;2812.794313
12;2025-12-16;8;3700.67925;3642.753709
12;2025-12-16;9;2641.562285;2600.214761
12;2025-12-16;10;2181.279725;2147.136855
12;2025-12-16;11;2110.770865;2077.731648
12;2025-12-16;12;2110.845344;2077.804962
12;2025-12-16;13;2068.627895;2036.248329
12;2025-12-16;14;2032.388705;2000.576379
12;2025-12-16;15;2286.595649;2250.804303
12;2025-12-16;16;2765.799254;2722.507089
12;2025-12-16;17;3185.602246;3135.73904
12;2025-12-16;18;3403.958774;3350.677704
12;2025-12-16;19;2726.604524;2683.925861
12;2025-12-16;20;1723.942724;1696.958404
12;2025-12-16;21;1015.290527;999.398512
12;2025-12-16;22;549.986479;541.377718
12;2025-12-16;23;260.652895;256.572979
12;2025-12-17;0;65.437048;64.298638
12;2025-12-17;1;2.086644;2.050343
12;2025-12-17;2;0.0;0.0
12;2025-12-17;3;0.0;0.0
12;2025-12-17;4;8.866128;8.711884
12;2025-12-17;5;393.661408;386.812869
12;2025-12-17;6;1554.487557;1527.444093
12;2025-12-17;7;2803.302986;2754.533843
12;2025-12-17;8;3551.599046;3489.811776
12;2025-12-17;9;2659.040334;2612.780933
12;2025-12-17;10;2231.397726;2192.578036
12;2025-12-17;11;2141.167213;2103.917265
12;2025-12-17;12;2167.731646;2130.019557
12;2025-12-17;13;2065.340232;2029.409449
12;2025-12-17;14;2083.173097;2046.932075
12;2025-12-17;15;2317.998872;2277.672579
12;2025-12-17;16;2788.524592;2740.012549
12;2025-12-17;17;3170.333068;3115.178693
12;2025-12-17;18;3428.173484;3368.533451
12;2025-12-17;19;2705.683417;2658.612565
12;2025-12-17;20;1705.992443;1676.313243
12;2025-12-17;21;1095.397049;1076.340395
12;2025-12-17;22;602.456526;591.975572
12;2025-12-17;23;290.18953;285.141094
12;2025-12-18;0;60.86446;59.459945
12;2025-12-18;1;2.626804;2.566188
12;2025-12-18;2;0.0;0.0
12;2025-12-18;3;0.0;0.0
12;2025-12-18;4;7.816958;7.636574
12;2025-12-18;5;378.987802;370.242241
12;2025-12-18;6;1518.66246;1483.617654
12;2025-12-18;7;2840.362883;2774.818386
12;2025-12-18;8;3625.448274;3541.787069
12;2025-12-18;9;2567.955359;2508.696966
12;2025-12-18;10;2174.278643;2124.104773
12;2025-12-18;11;2139.100995;2089.738887
12;2025-12-18;12;2219.232101;2168.02088
12;2025-12-18;13;2151.555628;2101.906117
12;2025-12-18;14;2089.637742;2041.417054
12;2025-12-18;15;2373.791217;2319.013375
12;2025-12-18;16;2873.205575;2806.903198
12;2025-12-18;17;3181.026795;3107.621104
12;2025-12-18;18;3442.701339;3363.257221
12;2025-12-18;19;2762.157042;2698.417232
12;2025-12-18;20;1764.204854;1723.493887
12;2025-12-18;21;1053.027722;1028.72795
12;2025-12-18;22;546.641661;534.027304
12;2025-12-18;23;295.756972;288.932055
12;2025-12-19;0;67.124066;65.978627
12;2025-12-19;1;2.292817;2.253692
12;2025-12-19;2;0.0;0.0
12;2025-12-19;3;0.0;0.0
12;2025-12-19;4;6.566496;6.454442
12;2025-12-19;5;375.458349;369.051337
12;2025-12-19;6;1523.747737;1497.745731
12;2025-12-19;7;2702.733539;2656.612719
12;2025-12-19;8;3531.440526;3471.178229
12;2025-12-19;9;2542.651248;2499.262155
12;2025-12-19;10;2062.97425;2027.770609
12;2025-12-19;11;2112.075752;2076.034218
12;2025-12-19;12;2099.722039;2063.891315
12;2025-12-19;13;2086.381084;2050.778017
12;2025-12-19;14;2114.412139;2078.330736
12;2025-12-19;15;2466.55265;2424.462142
12;2025-12-19;16;3029.457765;2977.761557
12;2025-12-19;17;3107.621145;3054.591117
12;2025-12-19;18;2783.462749;2735.964325
12;2025-12-19;19;2405.080486;2364.03897
12;2025-12-19;20;1591.289445;1564.134873
12;2025-12-19;21;1088.19117;1069.621723
12;2025-12-19;22;578.663231;568.788627
12;2025-12-19;23;329.406488;323.785328
12;2025-12-20;0;91.373924;90.913335
12;2025-12-20;1;3.084905;3.069355
12;2025-12-20;2;0.0;0.0
12;2025-12-20;3;0.0;0.0
12;2025-12-20;4;3.016104;3.000901
12;2025-12-20;5;286.393999;284.950372
12;2025-12-20;6;916.115628;911.49776
12;2025-12-20;7;959.870095;955.031674
12;2025-12-20;8;1063.229182;1057.869759
12;2025-12-20;9;1236.767053;1230.532876
12;2025-12-20;10;1469.454724;1462.047637
12;2025-12-20;11;1525.631429;1517.941172
12;2025-12-20;12;1517.959207;1510.307624
12;2025-12-20;13;1731.684904;1722.955993
12;2025-12-20;14;1636.328424;1628.080177
12;2025-12-20;15;1522.627147;1514.952034
12;2025-12-20;16;1610.551756;1602.433441
12;2025-12-20;17;1565.752659;1557.860164
12;2025-12-20;18;1512.60538;1504.980784
12;2025-12-20;19;1497.105661;1489.559195
12;2025-12-20;20;1106.901456;1101.321894
12;2025-12-20;21;779.454312;775.525314
12;2025-12-20;22;457.580238;455.273712
12;2025-12-20;23;304.377308;302.843032
12;2025-12-21;0;99.259344;97.903144
12;2025-12-21;1;8.131844;8.020737
12;2025-12-21;2;0.0;0.0
12;2025-12-21;3;0.0;0.0
12;2025-12-21;4;2.977481;2.936799
12;2025-12-21;5;182.557049;180.062736
12;2025-12-21;6;583.624372;575.650197
12;2025-12-21;7;705.059299;695.425935
12;2025-12-21;8;781.19001;770.516457
12;2025-12-21;9;983.782452;970.340839
12;2025-12-21;10;1216.276608;1199.65838
12;2025-12-21;11;1349.144663;1330.711033
12;2025-12-21;12;1405.512307;1386.308516
12;2025-12-21;13;1623.670229;1601.485702
12;2025-12-21;14;1523.548392;1502.73185
12;2025-12-21;15;1397.218809;1378.128333
12;2025-12-21;16;1539.372867;1518.340112
12;2025-12-21;17;1616.451935;1594.366033
12;2025-12-21;18;1346.645334;1328.245853
12;2025-12-21;19;1116.888309;1101.628044
12;2025-12-21;20;837.748861;826.302533
12;2025-12-21;21;646.178328;637.349466
12;2025-12-21;22;439.867026;433.857036
12;2025-12-21;23;234.126837;230.927916
12;2025-12-22;0;74.87884;74.410236
12;2025-12-22;1;3.835935;3.811929
12;2025-12-22;2;0.0;0.0
12;2025-12-22;3;0.0;0.0
12;2025-12-22;4;6.297732;6.25832
12;2025-12-22;5;378.193765;375.826966
12;2025-12-22;6;1502.650933;1493.247098
12;2025-12-22;7;2694.102758;2677.242623
12;2025-12-22;8;3463.371763;3441.697417
12;2025-12-22;9;2498.996128;2483.357002
12;2025-12-22;10;2053.302352;2040.452451
12;2025-12-22;11;1960.875154;1948.603677
12;2025-12-22;12;2046.692175;2033.883641
12;2025-12-22;13;1971.22716;1958.890899
12;2025-12-22;14;1890.679379;1878.847198
12;2025-12-22;15;2214.35303;2200.495248
12;2025-12-22;16;2680.171202;2663.398253
12;2025-12-22;17;3018.936009;3000.043014
12;2025-12-22;18;3267.094788;3246.648776
12;2025-12-22;19;2619.941777;2603.545754
12;2025-12-22;20;1676.553289;1666.061145
12;2025-12-22;21;975.720832;969.614612
12;2025-12-22;22;517.909601;514.668438
12;2025-12-22;23;250.530672;248.96281
12;2025-12-23;0;52.594861;51.714296
12;2025-12-23;1;1.194815;1.17481
12;2025-12-23;2;0.0;0.0
12;2025-12-23;3;0.0;0.0
12;2025-12-23;4;6.725663;6.613059
12;2025-12-23;5;383.803858;377.378057
12;2025-12-23;6;1559.400276;1533.292159
12;2025-12-23;7;2905.549694;2856.903792
12;2025-12-23;8;3762.878031;3699.878387
12;2025-12-23;9;2685.960068;2640.990625
12;2025-12-23;10;2217.941356;2180.807675
12;2025-12-23;11;2146.247426;2110.314074
12;2025-12-23;12;2146.323158;2110.388537
12;2025-12-23;13;2103.396143;2068.180224
12;2025-12-23;14;2066.547867;2031.948877
12;2025-12-23;15;2325.027367;2286.100807
12;2025-12-23;16;2812.285136;2765.200708
12;2025-12-23;17;3239.143924;3184.912851
12;2025-12-23;18;3461.170457;3403.222125
12;2025-12-23;19;2772.431645;2726.01446
12;2025-12-23;20;1752.917712;1723.569647
12;2025-12-23;21;1032.354917;1015.070809
12;2025-12-23;22;559.23032;549.867457
12;2025-12-23;23;265.033792;260.596487
12;2025-12-24;0;65.279064;64.189552
12;2025-12-24;1;2.081606;2.046864
12;2025-12-24;2;0.0;0.0
12;2025-12-24;3;0.0;0.0
12;2025-12-24;4;8.844723;8.697104
12;2025-12-24;5;392.710995;386.156622
12;2025-12-24;6;1550.734574;1524.852707
12;2025-12-24;7;2796.534999;2749.860639
12;2025-12-24;8;3543.024456;3483.891136
12;2025-12-24;9;2652.620639;2608.34822
12;2025-12-24;10;2226.010485;2188.858218
12;2025-12-24;11;2135.997814;2100.347865
12;2025-12-24;12;2162.498114;2126.405872
12;2025-12-24;13;2060.353902;2025.966454
12;2025-12-24;14;2078.143713;2043.459353
12;2025-12-24;15;2312.402551;2273.808394
12;2025-12-24;16;2781.792285;2735.363981
12;2025-12-24;17;3162.678965;3109.893637
12;2025-12-24;18;3419.896879;3362.818566
12;2025-12-24;19;2699.151113;2654.102096
12;2025-12-24;20;1701.873682;1673.469294
12;2025-12-24;21;1092.752443;1074.51433
12;2025-12-24;22;601.002021;590.971256
12;2025-12-24;23;289.488928;284.657338
12;2025-12-25;0;59.708997;58.485616
12;2025-12-25;1;2.576936;2.524137
12;2025-12-25;2;0.0;0.0
12;2025-12-25;3;0.0;0.0
12;2025-12-25;4;7.66856;7.511438
12;2025-12-25;5;371.793027;364.175339
12;2025-12-25;6;1489.83189;1459.306641
12;2025-12-25;7;2786.440907;2729.349363
12;2025-12-25;8;3556.622092;3483.750262
12;2025-12-25;9;2519.204819;2467.58869
12;2025-12-25;10;2133.001734;2089.298542
12;2025-12-25;11;2098.491905;2055.495787
12;2025-12-25;12;2177.101787;2132.495027
12;2025-12-25;13;2110.710097;2067.46364
12;2025-12-25;14;2049.967672;2007.965769
12;2025-12-25;15;2328.726725;2281.013312
12;2025-12-25;16;2818.660108;2760.908423
12;2025-12-25;17;3120.637592;3056.698674
12;2025-12-25;18;3377.344459;3308.145859
12;2025-12-25;19;2709.719741;2654.200141
12;2025-12-25;20;1730.712862;1695.252189
12;2025-12-25;21;1033.036848;1011.870899
12;2025-12-25;22;536.264115;525.276569
12;2025-12-25;23;290.142267;284.197526
12;2025-12-26;0;65.522147;64.010516
12;2025-12-26;1;2.238099;2.186465
12;2025-12-26;2;0.0;0.0
12;2025-12-26;3;0.0;0.0
12;2025-12-26;4;6.409786;6.261909
12;2025-12-26;5;366.498017;358.04271
12;2025-12-26;6;1487.383423;1453.068686
12;2025-12-26;7;2638.232671;2577.367221
12;2025-12-26;8;3447.162526;3367.634628
12;2025-12-26;9;2481.970753;2424.710349
12;2025-12-26;10;2013.741269;1967.283173
12;2025-12-26;11;2061.670962;2014.107101
12;2025-12-26;12;2049.61207;2002.326415
12;2025-12-26;13;2036.589498;1989.60428
12;2025-12-26;14;2063.951591;2016.335115
12;2025-12-26;15;2407.688251;2352.141585
12;2025-12-26;16;2957.159608;2888.936341
12;2025-12-26;17;3033.457615;2963.474112
12;2025-12-26;18;2717.035274;2654.351806
12;2025-12-26;19;2347.683123;2293.520808
12;2025-12-26;20;1553.313245;1517.477471
12;2025-12-26;21;1062.221435;1037.715414
12;2025-12-26;22;564.853404;551.821932
12;2025-12-26;23;321.545186;314.126965
12;2025-12-27;0;90.812561;90.526039
12;2025-12-27;1;3.065953;3.056279
12;2025-12-27;2;0.0;0.0
12;2025-12-27;3;0.0;0.0
12;2025-12-27;4;2.997575;2.988117
12;2025-12-27;5;284.634517;283.736469
12;2025-12-27;6;910.487407;907.614736
12;2025-12-27;7;953.973066;950.963193
12;2025-12-27;8;1056.697159;1053.363183
12;2025-12-27;9;1229.168888;1225.290747
12;2025-12-27;10;1460.427026;1455.819244
12;2025-12-27;11;1516.258605;1511.47467
12;2025-12-27;12;1508.633518;1503.873641
12;2025-12-27;13;1721.046177;1715.616118
12;2025-12-27;14;1626.275526;1621.144477
12;2025-12-27;15;1513.272781;1508.498266
12;2025-12-27;16;1600.657218;1595.606998
12;2025-12-27;17;1556.133348;1551.223605
12;2025-12-27;18;1503.312583;1498.569494
12;2025-12-27;19;1487.908088;1483.213602
12;2025-12-27;20;1100.10113;1096.63021
12;2025-12-27;21;774.66568;772.221539
12;2025-12-27;22;454.769062;453.334224
12;2025-12-27;23;302.507344;301.552906
12;2025-12-28;0;98.318757;96.776541
12;2025-12-28;1;8.054786;7.92844
12;2025-12-28;2;0.0;0.0
12;2025-12-28;3;0.0;0.0
12;2025-12-28;4;2.949266;2.903005
12;2025-12-28;5;180.827129;177.990697
12;2025-12-28;6;578.093917;569.026007
12;2025-12-28;7;698.37812;687.423447
12;2025-12-28;8;773.787413;761.649878
12;2025-12-28;9;974.460079;959.174817
12;2025-12-28;10;1204.751107;1185.853528
12;2025-12-28;11;1336.360097;1315.398116
12;2025-12-28;12;1392.193599;1370.355821
12;2025-12-28;13;1608.284245;1583.056895
12;2025-12-28;14;1509.111168;1485.439435
12;2025-12-28;15;1383.978691;1362.26977
12;2025-12-28;16;1524.78569;1500.868088
12;2025-12-28;17;1601.134352;1576.019154
12;2025-12-28;18;1333.884453;1312.961304
12;2025-12-28;19;1106.304617;1088.951258
12;2025-12-28;20;829.810309;816.794006
12;2025-12-28;21;640.055108;630.015282
12;2025-12-28;22;435.698823;428.864504
12;2025-12-28;23;231.908239;228.270555
12;2025-12-29;0;75.287963;74.321964
12;2025-12-29;1;3.856893;3.807407
12;2025-12-29;2;0.0;0.0
12;2025-12-29;3;0.0;0.0
12;2025-12-29;4;6.332141;6.250895
12;2025-12-29;5;380.260136;375.381122
12;2025-12-29;6;1510.861102;1491.475657
12;2025-12-29;7;2708.82277;2674.066607
12;2025-12-29;8;3482.294899;3437.614527
12;2025-12-29;9;2512.650119;2480.410993
12;2025-12-29;10;2064.521166;2038.03186
12;2025-12-29;11;1971.588964;1946.292046
12;2025-12-29;12;2057.874872;2031.470843
12;2025-12-29;13;1981.997532;1956.567064
12;2025-12-29;14;1901.009654;1876.61832
12;2025-12-29;15;2226.451791;2197.884797
12;2025-12-29;16;2694.815095;2660.238661
12;2025-12-29;17;3035.430841;2996.48406
12;2025-12-29;18;3284.945509;3242.797273
12;2025-12-29;19;2634.256589;2600.457164
12;2025-12-29;20;1685.713625;1664.084695
12;2025-12-29;21;981.051966;968.464357
12;2025-12-29;22;520.73935;514.057886
12;2025-12-29;23;251.899519;248.667465
12;2025-12-30;0;51.195761;50.305087
12;2025-12-30;1;1.163031;1.142797
12;2025-12-30;2;0.0;0.0
12;2025-12-30;3;0.0;0.0
12;2025-12-30;4;6.546751;6.432854
12;2025-12-30;5;373.594118;367.094546
12;2025-12-30;6;1517.917965;1491.510117
12;2025-12-30;7;2828.257853;2779.05348
12;2025-12-30;8;3662.780011;3599.057111
12;2025-12-30;9;2614.50963;2569.023923
12;2025-12-30;10;2158.940896;2121.380907
12;2025-12-30;11;2089.154128;2052.808249
12;2025-12-30;12;2089.227845;2052.880683
12;2025-12-30;13;2047.442751;2011.822542
12;2025-12-30;14;2011.574693;1976.578495
12;2025-12-30;15;2263.178263;2223.804814
12;2025-12-30;16;2737.474268;2689.849295
12;2025-12-30;17;3152.977992;3098.124328
12;2025-12-30;18;3369.098297;3310.484699
12;2025-12-30;19;2698.680938;2651.730868
12;2025-12-30;20;1706.287556;1676.602565
12;2025-12-30;21;1004.892777;987.410242
12;2025-12-30;22;544.353981;534.883629
12;2025-12-30;23;257.983508;253.495262
12;2025-12-31;0;86.177289;82.993122
12;2025-12-31;1;6.527005;6.285838
12;2025-12-31;2;0.0;0.0
12;2025-12-31;3;0.0;0.0
12;2025-12-31;4;2.577937;2.482685
12;2025-12-31;5;222.328897;214.114061
12;2025-12-31;6;691.275365;665.733417
12;2025-12-31;7;737.201395;709.962525
12;2025-12-31;8;781.244426;752.37821
12;2025-12-31;9;959.590731;924.134793
12;2025-12-31;10;1157.560902;1114.790159
12;2025-12-31;11;1218.376656;1173.358831
12;2025-12-31;12;1240.57107;1194.733183
12;2025-12-31;13;1486.178421;1431.265583
12;2025-12-31;14;1470.847707;1416.501324
12;2025-12-31;15;1355.148503;1305.077093
12;2025-12-31;16;1366.624813;1316.129364
12;2025-12-31;17;1364.563695;1314.144403
12;2025-12-31;18;1292.145031;1244.401537
12;2025-12-31;19;1156.748518;1114.007792
12;2025-12-31;20;934.435408;899.908934
12;2025-12-31;21;647.838676;623.901671
12;2025-12-31;22;402.703762;387.824252
12;2025-12-31;23;249.739124;240.511508
17;2025-11-01;0;157.36749;154.036853
17;2025-11-01;1;16.631868;16.27986
17;2025-11-01;2;0.0;0.0
17;2025-11-01;3;0.0;0.0
17;2025-11-01;4;26.390817;25.832263
17;2025-11-01;5;325.120477;318.239397
17;2025-11-01;6;1560.88219;1527.846576
17;2025-11-01;7;3982.3652;3898.079609
17;2025-11-01;8;5240.216587;5129.308941
17;2025-11-01;9;3794.952424;3714.633369
17;2025-11-01;10;3024.149529;2960.144292
17;2025-11-01;11;3057.199352;2992.494625
17;2025-11-01;12;3089.374977;3023.989262
17;2025-11-01;13;3173.103566;3105.94576
17;2025-11-01;14;3251.08009;3182.271934
17;2025-11-01;15;3564.334793;3488.896693
17;2025-11-01;16;4134.362517;4046.859948
17;2025-11-01;17;4646.771589;4548.424032
17;2025-11-01;18;4523.29233;4427.558176
17;2025-11-01;19;3377.749165;3306.260095
17;2025-11-01;20;2459.315396;2407.264708
17;2025-11-01;21;1669.901345;1634.558373
17;2025-11-01;22;966.547953;946.091249
17;2025-11-01;23;483.335989;473.106324
17;2025-11-02;0;196.555054;189.632457
17;2025-11-02;1;23.74734;22.910967
17;2025-11-02;2;0.0;0.0
17;2025-11-02;3;0.0;0.0
17;2025-11-02;4;4.162283;4.015689
17;2025-11-02;5;118.839939;114.654439
17;2025-11-02;6;450.338688;434.477923
17;2025-11-02;7;901.774111;870.013954
17;2025-11-02;8;1342.463534;1295.182455
17;2025-11-02;9;1735.064861;1673.956506
17;2025-11-02;10;1926.816941;1858.955147
17;2025-11-02;11;2290.55953;2209.886853
17;2025-11-02;12;2662.189503;2568.428154
17;2025-11-02;13;2883.953442;2782.381648
17;2025-11-02;14;2888.56655;2786.832284
17;2025-11-02;15;2968.676829;2864.121107
17;2025-11-02;16;2926.751212;2823.672095
17;2025-11-02;17;2877.540391;2776.194462
17;2025-11-02;18;2656.766746;2563.196385
17;2025-11-02;19;2263.568838;2183.846764
17;2025-11-02;20;1818.298922;1754.259093
17;2025-11-02;21;1368.755052;1320.547996
17;2025-11-02;22;866.556618;836.036809
17;2025-11-02;23;390.601734;376.844882
17;2025-11-03;0;191.521855;183.130049
17;2025-11-03;1;23.13924;22.125361
17;2025-11-03;2;0.0;0.0
17;2025-11-03;3;0.0;0.0
17;2025-11-03;4;4.0557;3.877993
17;2025-11-03;5;115.796796;110.722993
17;2025-11-03;6;438.806832;419.57988
17;2025-11-03;7;878.682315;840.181585
17;2025-11-03;8;1308.086972;1250.771259
17;2025-11-03;9;1690.634928;1616.557326
17;2025-11-03;10;1877.476799;1795.212451
17;2025-11-03;11;2231.905004;2134.110875
17;2025-11-03;12;2594.018621;2480.357963
17;2025-11-03;13;2810.103835;2686.975093
17;2025-11-03;14;2814.598815;2691.273119
17;2025-11-03;15;2892.657704;2765.911745
17;2025-11-03;16;2851.80568;2726.84971
17;2025-11-03;17;2803.855004;2681.000062
17;2025-11-03;18;2588.734726;2475.305589
17;2025-11-03;19;2205.605465;2108.963688
17;2025-11-03;20;1771.737608;1694.106376
17;2025-11-03;21;1333.705242;1275.267028
17;2025-11-03;22;844.36664;807.3695
17;2025-11-03;23;380.599567;363.923049
17;2025-11-04;0;189.262477;182.506574
17;2025-11-04;1;22.866267;22.050034
17;2025-11-04;2;0.0;0.0
17;2025-11-04;3;0.0;0.0
17;2025-11-04;4;4.007855;3.86479
17;2025-11-04;5;114.430744;110.346031
17;2025-11-04;6;433.630241;418.1514
17;2025-11-04;7;868.316526;837.321146
17;2025-11-04;8;1292.655508;1246.512948
17;2025-11-04;9;1670.690557;1611.053678
17;2025-11-04;10;1855.328259;1789.100563
17;2025-11-04;11;2205.575286;2126.845191
17;2025-11-04;12;2563.417059;2471.913464
17;2025-11-04;13;2776.953122;2677.827155
17;2025-11-04;14;2781.395075;2682.110548
17;2025-11-04;15;2858.533105;2756.495064
17;2025-11-04;16;2818.163011;2717.566018
17;2025-11-04;17;2770.778008;2671.872467
17;2025-11-04;18;2558.195498;2466.878291
17;2025-11-04;19;2179.586002;2101.783619
17;2025-11-04;20;1750.836471;1688.338708
17;2025-11-04;21;1317.97156;1270.925319
17;2025-11-04;22;834.405671;804.620772
17;2025-11-04;23;376.109645;362.684055
17;2025-11-05;0;131.918929;129.831955
17;2025-11-05;1;11.844895;11.657508
17;2025-11-05;2;0.0;0.0
17;2025-11-05;3;0.0;0.0
17;2025-11-05;4;29.083319;28.623217
17;2025-11-05;5;333.887873;328.605725
17;2025-11-05;6;1558.777795;1534.117736
17;2025-11-05;7;3981.776451;3918.784252
17;2025-11-05;8;5311.328977;5227.303092
17;2025-11-05;9;3825.373546;3764.855661
17;2025-11-05;10;3058.181159;3009.800352
17;2025-11-05;11;2971.625999;2924.614506
17;2025-11-05;12;3040.587847;2992.485369
17;2025-11-05;13;3085.533527;3036.720003
17;2025-11-05;14;3101.386239;3052.321923
17;2025-11-05;15;3282.8486;3230.913527
17;2025-11-05;16;3662.387043;3604.447624
17;2025-11-05;17;4475.233942;4404.435184
17;2025-11-05;18;5020.401015;4940.977647
17;2025-11-05;19;3644.775916;3587.115108
17;2025-11-05;20;2492.633919;2453.200141
17;2025-11-05;21;1622.020232;1596.35967
17;2025-11-05;22;877.812043;863.924948
17;2025-11-05;23;406.323895;399.8958
17;2025-11-06;0;141.710925;140.647903
17;2025-11-06;1;11.109382;11.026047
17;2025-11-06;2;0.0;0.0
17;2025-11-06;3;0.0;0.0
17;2025-11-06;4;26.555734;26.35653
17;2025-11-06;5;322.929052;320.506652
17;2025-11-06;6;1546.709818;1535.107426
17;2025-11-06;7;3937.899839;3908.360324
17;2025-11-06;8;5221.078911;5181.913837
17;2025-11-06;9;3774.062248;3745.751734
17;2025-11-06;10;2988.285436;2965.869299
17;2025-11-06;11;2916.867525;2894.987117
17;2025-11-06;12;3015.942968;2993.319362
17;2025-11-06;13;3070.723507;3047.688974
17;2025-11-06;14;3068.38558;3045.368584
17;2025-11-06;15;3206.859342;3182.803608
17;2025-11-06;16;3653.656024;3626.248717
17;2025-11-06;17;4459.369302;4425.918068
17;2025-11-06;18;4997.693156;4960.203774
17;2025-11-06;19;3600.29213;3573.285124
17;2025-11-06;20;2509.873441;2491.046033
17;2025-11-06;21;1564.956108;1553.216844
17;2025-11-06;22;885.844168;879.199152
17;2025-11-06;23;424.991785;421.803778
17;2025-11-07;0;153.220108;152.757178
17;2025-11-07;1;16.193539;16.144613
17;2025-11-07;2;0.0;0.0
17;2025-11-07;3;0.0;0.0
17;2025-11-07;4;25.695293;25.617659
17;2025-11-07;5;316.552004;315.595595
17;2025-11-07;6;1519.745514;1515.153855
17;2025-11-07;7;3877.410921;3865.695965
17;2025-11-07;8;5102.111937;5086.696749
17;2025-11-07;9;3694.937364;3683.773722
17;2025-11-07;10;2944.448794;2935.552629
17;2025-11-07;11;2976.627597;2967.634209
17;2025-11-07;12;3007.955241;2998.867202
17;2025-11-07;13;3089.477183;3080.142839
17;2025-11-07;14;3165.398654;3155.834926
17;2025-11-07;15;3470.397605;3459.912372
17;2025-11-07;16;4025.402385;4013.240298
17;2025-11-07;17;4524.307039;4510.637594
17;2025-11-07;18;4404.082047;4390.775841
17;2025-11-07;19;3288.729396;3278.793045
17;2025-11-07;20;2394.500729;2387.266141
17;2025-11-07;21;1625.891496;1620.979134
17;2025-11-07;22;941.074813;938.231512
17;2025-11-07;23;470.597785;469.175951
17;2025-11-08;0;209.170154;208.41005
17;2025-11-08;1;26.415667;26.319675
17;2025-11-08;2;0.0;0.0
17;2025-11-08;3;0.0;0.0
17;2025-11-08;4;5.703539;5.682813
17;2025-11-08;5;133.307894;132.823466
17;2025-11-08;6;573.831536;571.746288
17;2025-11-08;7;1241.292339;1236.781602
17;2025-11-08;8;1754.20303;1747.828425
17;2025-11-08;9;2163.338009;2155.476646
17;2025-11-08;10;2377.235533;2368.596888
17;2025-11-08;11;2766.294202;2756.241754
17;2025-11-08;12;3042.099795;3031.045097
17;2025-11-08;13;3219.113758;3207.415808
17;2025-11-08;14;3242.047311;3230.266023
17;2025-11-08;15;3305.633864;3293.621508
17;2025-11-08;16;3259.1519;3247.308456
17;2025-11-08;17;3214.283068;3202.602672
17;2025-11-08;18;2959.39312;2948.638969
17;2025-11-08;19;2459.341818;2450.404807
17;2025-11-08;20;2052.417298;2044.959011
17;2025-11-08;21;1504.593659;1499.12611
17;2025-11-08;22;986.689476;983.103942
17;2025-11-08;23;469.064945;467.360408
17;2025-11-09;0;211.777793;210.780585
17;2025-11-09;1;28.016968;27.885043
17;2025-11-09;2;0.0;0.0
17;2025-11-09;3;0.0;0.0
17;2025-11-09;4;3.451483;3.435231
17;2025-11-09;5;114.566539;114.027074
17;2025-11-09;6;444.581048;442.487628
17;2025-11-09;7;828.181579;824.281881
17;2025-11-09;8;1264.412586;1258.458786
17;2025-11-09;9;1731.453875;1723.300896
17;2025-11-09;10;2015.254561;2005.765236
17;2025-11-09;11;2450.827284;2439.286957
17;2025-11-09;12;2797.818762;2784.64454
17;2025-11-09;13;3107.640832;3093.007737
17;2025-11-09;14;3146.930988;3132.112885
17;2025-11-09;15;3163.951161;3149.052915
17;2025-11-09;16;3013.378065;2999.18883
17;2025-11-09;17;2994.152432;2980.053724
17;2025-11-09;18;2704.812564;2692.076285
17;2025-11-09;19;2206.276629;2195.88783
17;2025-11-09;20;1749.74586;1741.506749
17;2025-11-09;21;1230.036033;1224.244104
17;2025-11-09;22;819.665933;815.806333
17;2025-11-09;23;344.801218;343.177636
17;2025-11-10;0;122.039538;120.997989
17;2025-11-10;1;14.151082;14.030309
17;2025-11-10;2;0.0;0.0
17;2025-11-10;3;0.0;0.0
17;2025-11-10;4;27.237747;27.005286
17;2025-11-10;5;321.901929;319.154651
17;2025-11-10;6;1535.887628;1522.779565
17;2025-11-10;7;4011.581923;3977.344999
17;2025-11-10;8;5393.766031;5347.732831
17;2025-11-10;9;3778.006284;3745.762817
17;2025-11-10;10;2921.375042;2896.442511
17;2025-11-10;11;2871.583985;2847.076397
17;2025-11-10;12;2934.220358;2909.178198
17;2025-11-10;13;2961.590404;2936.314654
17;2025-11-10;14;2965.244252;2939.937317
17;2025-11-10;15;3189.925381;3162.700902
17;2025-11-10;16;3580.994579;3550.432512
17;2025-11-10;17;4459.303353;4421.245343
17;2025-11-10;18;5148.629021;5104.687948
17;2025-11-10;19;3638.773994;3607.718807
17;2025-11-10;20;2439.873145;2419.050001
17;2025-11-10;21;1467.625597;1455.100118
17;2025-11-10;22;810.855325;803.935065
17;2025-11-10;23;341.615666;338.700141
17;2025-11-11;0;119.794496;118.553081
17;2025-11-11;1;10.167777;10.062409
17;2025-11-11;2;0.0;0.0
17;2025-11-11;3;0.0;0.0
17;2025-11-11;4;27.760525;27.472846
17;2025-11-11;5;320.529546;317.207939
17;2025-11-11;6;1593.127483;1576.618105
17;2025-11-11;7;4096.77875;4054.324352
17;2025-11-11;8;5523.009175;5465.774933
17;2025-11-11;9;3957.691059;3916.678009
17;2025-11-11;10;3067.943357;3036.15065
17;2025-11-11;11;2941.529406;2911.046711
17;2025-11-11;12;3035.51862;3004.061927
17;2025-11-11;13;3069.94638;3038.132916
17;2025-11-11;14;3134.895833;3102.409306
17;2025-11-11;15;3242.687167;3209.083612
17;2025-11-11;16;3646.284785;3608.498799
17;2025-11-11;17;4596.47188;4548.839226
17;2025-11-11;18;5201.575725;5147.672457
17;2025-11-11;19;3712.038308;3673.570926
17;2025-11-11;20;2544.35168;2517.984887
17;2025-11-11;21;1550.849835;1534.778575
17;2025-11-11;22;842.473373;833.742929
17;2025-11-11;23;385.363229;381.369759
17;2025-11-12;0;129.384142;129.142443
17;2025-11-12;1;11.617299;11.595597
17;2025-11-12;2;0.0;0.0
17;2025-11-12;3;0.0;0.0
17;2025-11-12;4;28.524491;28.471205
17;2025-11-12;5;327.472308;326.860564
17;2025-11-12;6;1528.8263;1525.970336
17;2025-11-12;7;3905.26769;3897.972353
17;2025-11-12;8;5209.273223;5199.541904
17;2025-11-12;9;3751.870025;3744.861246
17;2025-11-12;10;2999.419033;2993.81589
17;2025-11-12;11;2914.527007;2909.082449
17;2025-11-12;12;2982.163772;2976.592863
17;2025-11-12;13;3026.245832;3020.592575
17;2025-11-12;14;3041.793939;3036.111636
17;2025-11-12;15;3219.76955;3213.754775
17;2025-11-12;16;3592.015263;3585.305105
17;2025-11-12;17;4389.243529;4381.044088
17;2025-11-12;18;4923.935364;4914.737078
17;2025-11-12;19;3574.74253;3568.064639
17;2025-11-12;20;2444.738631;2440.171673
17;2025-11-12;21;1590.853551;1587.881715
17;2025-11-12;22;860.945122;859.336811
17;2025-11-12;23;398.516491;397.772031
17;2025-11-13;0;145.539858;143.375497
17;2025-11-13;1;11.40955;11.239876
17;2025-11-13;2;0.0;0.0
17;2025-11-13;3;0.0;0.0
17;2025-11-13;4;27.273251;26.867664
17;2025-11-13;5;331.654376;326.722259
17;2025-11-13;6;1588.500869;1564.877866
17;2025-11-13;7;4044.299224;3984.155415
17;2025-11-13;8;5362.148925;5282.407036
17;2025-11-13;9;3876.034852;3818.393346
17;2025-11-13;10;3069.026884;3023.386599
17;2025-11-13;11;2995.679308;2951.129795
17;2025-11-13;12;3097.431703;3051.369003
17;2025-11-13;13;3153.692375;3106.793008
17;2025-11-13;14;3151.291279;3104.427619
17;2025-11-13;15;3293.506508;3244.52793
17;2025-11-13;16;3752.375333;3696.572799
17;2025-11-13;17;4579.858438;4511.750191
17;2025-11-13;18;5132.727438;5056.397334
17;2025-11-13;19;3697.569584;3642.58208
17;2025-11-13;20;2577.68852;2539.355054
17;2025-11-13;21;1607.240161;1583.338481
17;2025-11-13;22;909.779077;896.249519
17;2025-11-13;23;436.474775;429.983847
17;2025-11-14;0;156.81179;156.093423
17;2025-11-14;1;16.573138;16.497215
17;2025-11-14;2;0.0;0.0
17;2025-11-14;3;0.0;0.0
17;2025-11-14;4;26.297625;26.177153
17;2025-11-14;5;323.972404;322.488261
17;2025-11-14;6;1555.370366;1548.245096
17;2025-11-14;7;3968.302579;3950.123483
17;2025-11-14;8;5221.712212;5197.791151
17;2025-11-14;9;3781.551599;3764.228024
17;2025-11-14;10;3013.470581;2999.665643
17;2025-11-14;11;3046.403699;3032.447891
17;2025-11-14;12;3078.465704;3064.363019
17;2025-11-14;13;3161.898629;3147.413731
17;2025-11-14;14;3239.5998;3224.758947
17;2025-11-14;15;3551.74833;3535.477501
17;2025-11-14;16;4119.76316;4100.890211
17;2025-11-14;17;4630.362801;4609.150757
17;2025-11-14;18;4507.319575;4486.671201
17;2025-11-14;19;3365.821578;3350.402494
17;2025-11-14;20;2450.631004;2439.404477
17;2025-11-14;21;1664.004551;1656.381619
17;2025-11-14;22;963.134856;958.722662
17;2025-11-14;23;481.629221;479.422841
17;2025-11-15;0;192.718298;190.161929
17;2025-11-15;1;24.337996;24.015157
17;2025-11-15;2;0.0;0.0
17;2025-11-15;3;0.0;0.0
17;2025-11-15;4;5.254939;5.185233
17;2025-11-15;5;122.822831;121.193611
17;2025-11-15;6;528.697975;521.684904
17;2025-11-15;7;1143.660995;1128.490564
17;2025-11-15;8;1616.229731;1594.790772
17;2025-11-15;9;1993.185024;1966.74583
17;2025-11-15;10;2190.258871;2161.205531
17;2025-11-15;11;2548.716915;2514.908702
17;2025-11-15;12;2802.829576;2765.650611
17;2025-11-15;13;2965.920863;2926.578525
17;2025-11-15;14;2987.050623;2947.428003
17;2025-11-15;15;3045.635905;3005.236163
17;2025-11-15;16;3002.809886;2962.978222
17;2025-11-15;17;2961.470121;2922.186821
17;2025-11-15;18;2726.628027;2690.45986
17;2025-11-15;19;2265.907252;2235.850452
17;2025-11-15;20;1890.988558;1865.904978
17;2025-11-15;21;1386.252882;1367.864519
17;2025-11-15;22;909.083407;897.0246
17;2025-11-15;23;432.171588;426.43892
17;2025-11-16;0;212.409765;211.855104
17;2025-11-16;1;28.100574;28.027196
17;2025-11-16;2;0.0;0.0
17;2025-11-16;3;0.0;0.0
17;2025-11-16;4;3.461783;3.452743
17;2025-11-16;5;114.908421;114.608363
17;2025-11-16;6;445.907737;444.743347
17;2025-11-16;7;830.652982;828.483915
17;2025-11-16;8;1268.185759;1264.874172
17;2025-11-16;9;1736.620761;1732.085959
17;2025-11-16;10;2021.268345;2015.990249
17;2025-11-16;11;2458.140874;2451.721982
17;2025-11-16;12;2806.167821;2798.840132
17;2025-11-16;13;3116.914441;3108.775306
17;2025-11-16;14;3156.321844;3148.079805
17;2025-11-16;15;3173.392807;3165.106192
17;2025-11-16;16;3022.370382;3014.478128
17;2025-11-16;17;3003.087376;2995.245476
17;2025-11-16;18;2712.88408;2705.799982
17;2025-11-16;19;2212.860449;2207.082052
17;2025-11-16;20;1754.967332;1750.384622
17;2025-11-16;21;1233.706622;1230.485069
17;2025-11-16;22;822.111924;819.96516
17;2025-11-16;23;345.83015;344.927091
17;2025-11-17;0;117.473789;118.508418
17;2025-11-17;1;13.621661;13.741631
17;2025-11-17;2;0.0;0.0
17;2025-11-17;3;0.0;0.0
17;2025-11-17;4;26.218727;26.449644
17;2025-11-17;5;309.85892;312.587945
17;2025-11-17;6;1478.426936;1491.447904
17;2025-11-17;7;3861.500454;3895.509895
17;2025-11-17;8;5191.974234;5237.701573
17;2025-11-17;9;3636.663357;3668.692588
17;2025-11-17;10;2812.080439;2836.84731
17;2025-11-17;11;2764.152167;2788.496919
17;2025-11-17;12;2824.445185;2849.320956
17;2025-11-17;13;2850.791261;2875.899071
17;2025-11-17;14;2854.308411;2879.447197
17;2025-11-17;15;3070.583761;3097.627352
17;2025-11-17;16;3447.022262;3477.381264
17;2025-11-17;17;4292.471712;4330.276852
17;2025-11-17;18;4956.008299;4999.657413
17;2025-11-17;19;3502.640031;3533.488876
17;2025-11-17;20;2348.59251;2369.277299
17;2025-11-17;21;1412.718727;1425.160983
17;2025-11-17;22;780.519572;787.393852
17;2025-11-17;23;328.835127;331.73128
17;2025-11-18;0;111.971328;112.650432
17;2025-11-18;1;9.503771;9.561411
17;2025-11-18;2;0.0;0.0
17;2025-11-18;3;0.0;0.0
17;2025-11-18;4;25.947626;26.104998
17;2025-11-18;5;299.597396;301.414449
17;2025-11-18;6;1489.088452;1498.119744
17;2025-11-18;7;3829.239023;3852.463283
17;2025-11-18;8;5162.329613;5193.639041
17;2025-11-18;9;3699.23444;3721.670225
17;2025-11-18;10;2867.591623;2884.98351
17;2025-11-18;11;2749.433122;2766.108381
17;2025-11-18;12;2837.28438;2854.492455
17;2025-11-18;13;2869.463839;2886.867081
17;2025-11-18;14;2930.171774;2947.943208
17;2025-11-18;15;3030.923806;3049.3063
17;2025-11-18;16;3408.164521;3428.834973
17;2025-11-18;17;4296.299744;4322.356718
17;2025-11-18;18;4861.887342;4891.374594
17;2025-11-18;19;3469.624017;3490.667219
17;2025-11-18;20;2378.193048;2392.616743
17;2025-11-18;21;1449.571741;1458.363366
17;2025-11-18;22;787.455734;792.231637
17;2025-11-18;23;360.197122;362.381711
17;2025-11-19;0;132.573242;131.313271
17;2025-11-19;1;11.903646;11.790514
17;2025-11-19;2;0.0;0.0
17;2025-11-19;3;0.0;0.0
17;2025-11-19;4;29.227572;28.949794
17;2025-11-19;5;335.543946;332.354947
17;2025-11-19;6;1566.509283;1551.621229
17;2025-11-19;7;4001.525934;3963.495562
17;2025-11-19;8;5337.672998;5286.943927
17;2025-11-19;9;3844.347276;3807.810724
17;2025-11-19;10;3073.349639;3044.140624
17;2025-11-19;11;2986.365169;2957.982851
17;2025-11-19;12;3055.669065;3026.628086
17;2025-11-19;13;3100.837674;3071.367414
17;2025-11-19;14;3116.769015;3087.147344
17;2025-11-19;15;3299.131424;3267.776586
17;2025-11-19;16;3680.552365;3645.572515
17;2025-11-19;17;4497.430959;4454.687521
17;2025-11-19;18;5045.302043;4997.351656
17;2025-11-19;19;3662.853888;3628.042243
17;2025-11-19;20;2504.997303;2481.18989
17;2025-11-19;21;1630.0654;1614.573312
17;2025-11-19;22;882.165963;873.781886
17;2025-11-19;23;408.339248;404.458405
17;2025-11-20;0;146.300997;144.07052
17;2025-11-20;1;11.469219;11.294362
17;2025-11-20;2;0.0;0.0
17;2025-11-20;3;0.0;0.0
17;2025-11-20;4;27.415884;26.997907
17;2025-11-20;5;333.38885;328.306068
17;2025-11-20;6;1596.808354;1572.463722
17;2025-11-20;7;4065.449954;4003.468889
17;2025-11-20;8;5390.191697;5308.013876
17;2025-11-20;9;3896.305599;3836.903276
17;2025-11-20;10;3085.077169;3038.042679
17;2025-11-20;11;3011.346004;2965.435604
17;2025-11-20;12;3113.630539;3066.16073
17;2025-11-20;13;3170.185441;3121.853406
17;2025-11-20;14;3167.771788;3119.476551
17;2025-11-20;15;3310.730769;3260.256008
17;2025-11-20;16;3771.99937;3714.492196
17;2025-11-20;17;4603.810016;4533.621218
17;2025-11-20;18;5159.57039;5080.908577
17;2025-11-20;19;3716.906999;3660.239753
17;2025-11-20;20;2591.169222;2551.664757
17;2025-11-20;21;1615.645647;1591.013826
17;2025-11-20;22;914.537007;900.594152
17;2025-11-20;23;438.757435;432.068224
17;2025-11-21;0;157.132316;155.368159
17;2025-11-21;1;16.607013;16.420563
17;2025-11-21;2;0.0;0.0
17;2025-11-21;3;0.0;0.0
17;2025-11-21;4;26.351378;26.055525
17;2025-11-21;5;324.634608;320.989869
17;2025-11-21;6;1558.549568;1541.051411
17;2025-11-21;7;3976.413852;3931.769834
17;2025-11-21;8;5232.385473;5173.640404
17;2025-11-21;9;3789.28115;3746.73811
17;2025-11-21;10;3019.630162;2985.728153
17;2025-11-21;11;3052.630595;3018.358083
17;2025-11-21;12;3084.758136;3050.124921
17;2025-11-21;13;3168.361599;3132.789751
17;2025-11-21;14;3246.221593;3209.775594
17;2025-11-21;15;3559.008159;3519.050442
17;2025-11-21;16;4128.18402;4081.836048
17;2025-11-21;17;4639.827335;4587.735038
17;2025-11-21;18;4516.532607;4465.824565
17;2025-11-21;19;3372.70137;3334.835357
17;2025-11-21;20;2455.640132;2428.070155
17;2025-11-21;21;1667.405802;1648.685494
17;2025-11-21;22;965.103519;954.268103
17;2025-11-21;23;482.613679;477.195276
17;2025-11-22;0;200.123923;200.087551
17;2025-11-22;1;25.273237;25.268643
17;2025-11-22;2;0.0;0.0
17;2025-11-22;3;0.0;0.0
17;2025-11-22;4;5.456871;5.45588
17;2025-11-22;5;127.542568;127.519388
17;2025-11-22;6;549.014359;548.914578
17;2025-11-22;7;1187.608687;1187.392846
17;2025-11-22;8;1678.336917;1678.031889
17;2025-11-22;9;2069.777548;2069.401376
17;2025-11-22;10;2274.42439;2274.011026
17;2025-11-22;11;2646.656974;2646.175958
17;2025-11-22;12;2910.534474;2910.0055
17;2025-11-22;13;3079.892902;3079.333148
17;2025-11-22;14;3101.834621;3101.270879
17;2025-11-22;15;3162.671171;3162.096372
17;2025-11-22;16;3118.199468;3117.632751
17;2025-11-22;17;3075.271131;3074.712217
17;2025-11-22;18;2831.404713;2830.89012
17;2025-11-22;19;2352.979727;2352.552085
17;2025-11-22;20;1963.653957;1963.297073
17;2025-11-22;21;1439.522701;1439.261075
17;2025-11-22;22;944.016939;943.845369
17;2025-11-22;23;448.778733;448.69717
17;2025-11-23;0;211.873696;211.868628
17;2025-11-23;1;28.029656;28.028985
17;2025-11-23;2;0.0;0.0
17;2025-11-23;3;0.0;0.0
17;2025-11-23;4;3.453046;3.452964
17;2025-11-23;5;114.61842;114.615679
17;2025-11-23;6;444.782376;444.771738
17;2025-11-23;7;828.55662;828.536803
17;2025-11-23;8;1264.985173;1264.954917
17;2025-11-23;9;1732.237962;1732.19653
17;2025-11-23;10;2016.167167;2016.118944
17;2025-11-23;11;2451.937138;2451.878493
17;2025-11-23;12;2799.085751;2799.018802
17;2025-11-23;13;3109.048124;3108.973762
17;2025-11-23;14;3148.356072;3148.28077
17;2025-11-23;15;3165.383953;3165.308243
17;2025-11-23;16;3014.74267;3014.670564
17;2025-11-23;17;2995.50833;2995.436684
17;2025-11-23;18;2706.037435;2705.972712
17;2025-11-23;19;2207.275739;2207.222945
17;2025-11-23;20;1750.538231;1750.496362
17;2025-11-23;21;1230.593053;1230.56362
17;2025-11-23;22;820.037118;820.017504
17;2025-11-23;23;344.957361;344.94911
17;2025-11-24;0;113.171528;113.824935
17;2025-11-24;1;13.122793;13.198558
17;2025-11-24;2;0.0;0.0
17;2025-11-24;3;0.0;0.0
17;2025-11-24;4;25.258515;25.404347
17;2025-11-24;5;298.510909;300.234391
17;2025-11-24;6;1424.282274;1432.50551
17;2025-11-24;7;3720.080116;3741.558369
17;2025-11-24;8;5001.827745;5030.706296
17;2025-11-24;9;3503.477263;3523.704938
17;2025-11-24;10;2709.093175;2724.734394
17;2025-11-24;11;2662.920187;2678.294822
17;2025-11-24;12;2721.005085;2736.715079
17;2025-11-24;13;2746.386285;2762.24282
17;2025-11-24;14;2749.774625;2765.650723
17;2025-11-24;15;2958.129289;2975.208344
17;2025-11-24;16;3320.781424;3339.954286
17;2025-11-24;17;4135.267846;4159.143227
17;2025-11-24;18;4774.503628;4802.069701
17;2025-11-24;19;3374.362295;3393.844512
17;2025-11-24;20;2262.579638;2275.642867
17;2025-11-24;21;1360.980507;1368.838264
17;2025-11-24;22;751.934481;756.27585
17;2025-11-24;23;316.792146;318.621177
17;2025-11-25;0;120.565155;119.146005
17;2025-11-25;1;10.233188;10.112735
17;2025-11-25;2;0.0;0.0
17;2025-11-25;3;0.0;0.0
17;2025-11-25;4;27.939113;27.610247
17;2025-11-25;5;322.591569;318.794406
17;2025-11-25;6;1603.376354;1584.503317
17;2025-11-25;7;4123.134052;4074.60143
17;2025-11-25;8;5558.539671;5493.111164
17;2025-11-25;9;3983.151586;3936.266671
17;2025-11-25;10;3087.67998;3051.335489
17;2025-11-25;11;2960.452786;2925.605862
17;2025-11-25;12;3055.046649;3019.08628
17;2025-11-25;13;3089.695889;3053.32767
17;2025-11-25;14;3155.063172;3117.925528
17;2025-11-25;15;3263.547948;3225.13335
17;2025-11-25;16;3669.74198;3626.546149
17;2025-11-25;17;4626.041798;4571.589545
17;2025-11-25;18;5235.038382;5173.417747
17;2025-11-25;19;3735.918507;3691.943725
17;2025-11-25;20;2560.719945;2530.5782
17;2025-11-25;21;1560.826726;1542.454533
17;2025-11-25;22;847.893154;837.912765
17;2025-11-25;23;387.842339;383.277121
17;2025-11-26;0;124.064504;124.483795
17;2025-11-26;1;11.139653;11.177301
17;2025-11-26;2;0.0;0.0
17;2025-11-26;3;0.0;0.0
17;2025-11-26;4;27.351705;27.444143
17;2025-11-26;5;314.008261;315.06949
17;2025-11-26;6;1465.968502;1470.92292
17;2025-11-26;7;3744.702341;3757.358017
17;2025-11-26;8;4995.093597;5011.975121
17;2025-11-26;9;3597.611631;3609.770196
17;2025-11-26;10;2876.097713;2885.817834
17;2025-11-26;11;2794.696029;2804.141043
17;2025-11-26;12;2859.551903;2869.216106
17;2025-11-26;13;2901.821527;2911.628585
17;2025-11-26;14;2916.730372;2926.587816
17;2025-11-26;15;3087.388504;3097.822707
17;2025-11-26;16;3444.329309;3455.969838
17;2025-11-26;17;4208.77948;4223.00356
17;2025-11-26;18;4721.487423;4737.444262
17;2025-11-26;19;3427.766745;3439.351299
17;2025-11-26;20;2344.223034;2352.14562
17;2025-11-26;21;1525.445498;1530.600926
17;2025-11-26;22;825.547304;828.337341
17;2025-11-26;23;382.131458;383.422917
17;2025-11-27;0;137.523431;137.780119
17;2025-11-27;1;10.781105;10.801228
17;2025-11-27;2;0.0;0.0
17;2025-11-27;3;0.0;0.0
17;2025-11-27;4;25.771024;25.819125
17;2025-11-27;5;313.386645;313.971582
17;2025-11-27;6;1501.005244;1503.806876
17;2025-11-27;7;3821.536683;3828.669595
17;2025-11-27;8;5066.798394;5076.255593
17;2025-11-27;9;3662.540418;3669.376564
17;2025-11-27;10;2899.982955;2905.395785
17;2025-11-27;11;2830.675411;2835.958877
17;2025-11-27;12;2926.82322;2932.286146
17;2025-11-27;13;2979.985018;2985.547172
17;2025-11-27;14;2977.716176;2983.274094
17;2025-11-27;15;3112.098101;3117.906844
17;2025-11-27;16;3545.692143;3552.310191
17;2025-11-27;17;4327.596959;4335.674435
17;2025-11-27;18;4850.013587;4859.066156
17;2025-11-27;19;3493.905129;3500.426516
17;2025-11-27;20;2435.707818;2440.254075
17;2025-11-27;21;1518.712364;1521.547046
17;2025-11-27;22;859.667874;861.272447
17;2025-11-27;23;412.43347;413.203279
17;2025-11-28;0;150.884473;151.353816
17;2025-11-28;1;15.946691;15.996295
17;2025-11-28;2;0.0;0.0
17;2025-11-28;3;0.0;0.0
17;2025-11-28;4;25.303603;25.382313
17;2025-11-28;5;311.726594;312.696256
17;2025-11-28;6;1496.579033;1501.234318
17;2025-11-28;7;3818.304994;3830.18228
17;2025-11-28;8;5024.337086;5039.965877
17;2025-11-28;9;3638.613001;3649.931335
17;2025-11-28;10;2899.564623;2908.584059
17;2025-11-28;11;2931.252903;2940.37091
17;2025-11-28;12;2962.102999;2971.316969
17;2025-11-28;13;3042.382249;3051.845936
17;2025-11-28;14;3117.146399;3126.842649
17;2025-11-28;15;3417.496049;3428.126573
17;2025-11-28;16;3964.040527;3976.371141
17;2025-11-28;17;4455.340049;4469.198908
17;2025-11-28;18;4336.947725;4350.438311
17;2025-11-28;19;3238.597129;3248.671166
17;2025-11-28;20;2357.999778;2365.334614
17;2025-11-28;21;1601.106962;1606.087393
17;2025-11-28;22;926.729391;929.612091
17;2025-11-28;23;463.424153;464.865688
17;2025-11-29;0;211.134814;210.812334
17;2025-11-29;1;26.663779;26.623054
17;2025-11-29;2;0.0;0.0
17;2025-11-29;3;0.0;0.0
17;2025-11-29;4;5.757111;5.748317
17;2025-11-29;5;134.560007;134.354485
17;2025-11-29;6;579.22133;578.336647
17;2025-11-29;7;1252.951352;1251.037637
17;2025-11-29;8;1770.679629;1767.975153
17;2025-11-29;9;2183.657466;2180.322221
17;2025-11-29;10;2399.564053;2395.89904
17;2025-11-29;11;2792.27701;2788.01218
17;2025-11-29;12;3070.673147;3065.983104
17;2025-11-29;13;3249.349738;3244.386791
17;2025-11-29;14;3272.498698;3267.500394
17;2025-11-29;15;3336.682497;3331.58616
17;2025-11-29;16;3289.763944;3284.73927
17;2025-11-29;17;3244.473675;3239.518175
17;2025-11-29;18;2987.189637;2982.627104
17;2025-11-29;19;2482.441533;2478.649936
17;2025-11-29;20;2071.694917;2068.53068
17;2025-11-29;21;1518.725767;1516.406117
17;2025-11-29;22;995.957097;994.435905
17;2025-11-29;23;473.470704;472.74754
17;2025-11-30;0;211.09323;211.103188
17;2025-11-30;1;27.926404;27.927722
17;2025-11-30;2;0.0;0.0
17;2025-11-30;3;0.0;0.0
17;2025-11-30;4;3.440327;3.440489
17;2025-11-30;5;114.196207;114.201595
17;2025-11-30;6;443.143958;443.164864
17;2025-11-30;7;825.504516;825.54346
17;2025-11-30;8;1260.325424;1260.384881
17;2025-11-30;9;1725.857021;1725.93844
17;2025-11-30;10;2008.740333;2008.835097
17;2025-11-30;11;2442.905085;2443.020331
17;2025-11-30;12;2788.774928;2788.906491
17;2025-11-30;13;3097.595511;3097.741643
17;2025-11-30;14;3136.758663;3136.906642
17;2025-11-30;15;3153.72382;3153.872599
17;2025-11-30;16;3003.637445;3003.779144
17;2025-11-30;17;2984.473957;2984.614752
17;2025-11-30;18;2696.069369;2696.196558
17;2025-11-30;19;2199.144931;2199.248677
17;2025-11-30;20;1744.089879;1744.172158
17;2025-11-30;21;1226.059992;1226.117832
17;2025-11-30;22;817.016396;817.05494
17;2025-11-30;23;343.686663;343.702876
17;2025-12-01;0;124.451756;121.162602
17;2025-12-01;1;14.43079;14.049397
17;2025-12-01;2;0.0;0.0
17;2025-12-01;3;0.0;0.0
17;2025-12-01;4;27.776125;27.042025
17;2025-12-01;5;328.264603;319.588848
17;2025-12-01;6;1566.245794;1524.851246
17;2025-12-01;7;4090.874359;3982.756019
17;2025-12-01;8;5500.378549;5355.008209
17;2025-12-01;9;3852.681893;3750.858778
17;2025-12-01;10;2979.118583;2900.383006
17;2025-12-01;11;2928.343362;2850.949731
17;2025-12-01;12;2992.217798;2913.136019
17;2025-12-01;13;3020.128836;2940.309393
17;2025-12-01;14;3023.854906;2943.936985
17;2025-12-01;15;3252.977055;3167.003631
17;2025-12-01;16;3651.776079;3555.262734
17;2025-12-01;17;4547.445396;4427.260272
17;2025-12-01;18;5250.39619;5111.632672
17;2025-12-01;19;3710.697554;3612.626965
17;2025-12-01;20;2488.099379;2422.341022
17;2025-12-01;21;1496.634504;1457.079724
17;2025-12-01;22;826.882592;805.028786
17;2025-12-01;23;348.367999;339.160929
17;2025-12-02;0;122.164689;118.527547
17;2025-12-02;1;10.368951;10.060242
17;2025-12-02;2;0.0;0.0
17;2025-12-02;3;0.0;0.0
17;2025-12-02;4;28.30978;27.466929
17;2025-12-02;5;326.871381;317.13962
17;2025-12-02;6;1624.648294;1576.278539
17;2025-12-02;7;4177.835532;4053.451148
17;2025-12-02;8;5632.284628;5464.597736
17;2025-12-02;9;4035.995923;3915.834451
17;2025-12-02;10;3128.644125;3035.496736
17;2025-12-02;11;2999.729013;2910.419741
17;2025-12-02;12;3095.57785;3003.414924
17;2025-12-02;13;3130.68678;3037.478575
17;2025-12-02;14;3196.921289;3101.741121
17;2025-12-02;15;3306.845328;3208.392453
17;2025-12-02;16;3718.428323;3607.721615
17;2025-12-02;17;4687.415338;4547.859516
17;2025-12-02;18;5304.491459;5146.563772
17;2025-12-02;19;3785.482812;3672.779728
17;2025-12-02;20;2594.69293;2517.442574
17;2025-12-02;21;1581.534161;1534.448021
17;2025-12-02;22;859.142123;833.563361
17;2025-12-02;23;392.987831;381.287621
17;2025-12-03;0;134.2552;130.372555
17;2025-12-03;1;12.054667;11.706048
17;2025-12-03;2;0.0;0.0
17;2025-12-03;3;0.0;0.0
17;2025-12-03;4;29.598382;28.7424
17;2025-12-03;5;339.800993;329.973989
17;2025-12-03;6;1586.38359;1540.505568
17;2025-12-03;7;4052.293303;3935.10147
17;2025-12-03;8;5405.392068;5249.068782
17;2025-12-03;9;3893.120519;3780.531944
17;2025-12-03;10;3112.341233;3022.332701
17;2025-12-03;11;3024.253191;2936.792154
17;2025-12-03;12;3094.436346;3004.94562
17;2025-12-03;13;3140.178009;3049.36444
17;2025-12-03;14;3156.311471;3065.031325
17;2025-12-03;15;3340.987512;3244.366557
17;2025-12-03;16;3727.247541;3619.455993
17;2025-12-03;17;4554.489876;4422.774579
17;2025-12-03;18;5109.311802;4961.551122
17;2025-12-03;19;3709.324524;3602.051306
17;2025-12-03;20;2536.77821;2463.414891
17;2025-12-03;21;1650.746044;1603.006668
17;2025-12-03;22;893.358005;867.522199
17;2025-12-03;23;413.519849;401.560905
17;2025-12-04;0;148.627442;144.060893
17;2025-12-04;1;11.6516;11.293607
17;2025-12-04;2;0.0;0.0
17;2025-12-04;3;0.0;0.0
17;2025-12-04;4;27.851845;26.996103
17;2025-12-04;5;338.690323;328.284129
17;2025-12-04;6;1622.200431;1572.358639
17;2025-12-04;7;4130.097799;4003.20135
17;2025-12-04;8;5475.90528;5307.659158
17;2025-12-04;9;3958.26375;3836.646868
17;2025-12-04;10;3134.135354;3037.839656
17;2025-12-04;11;3059.231732;2965.237433
17;2025-12-04;12;3163.142773;3065.955828
17;2025-12-04;13;3220.596997;3121.644783
17;2025-12-04;14;3218.144963;3119.268086
17;2025-12-04;15;3363.377245;3260.038135
17;2025-12-04;16;3831.980832;3714.243968
17;2025-12-04;17;4677.018739;4533.31825
17;2025-12-04;18;5241.616686;5080.569035
17;2025-12-04;19;3776.012395;3659.995151
17;2025-12-04;20;2632.373396;2551.494237
17;2025-12-04;21;1641.337271;1590.907504
17;2025-12-04;22;929.079763;900.533968
17;2025-12-04;23;445.734454;432.03935
17;2025-12-05;0;160.872933;156.285432
17;2025-12-05;1;17.002352;16.517508
17;2025-12-05;2;0.0;0.0
17;2025-12-05;3;0.0;0.0
17;2025-12-05;4;26.978686;26.209354
17;2025-12-05;5;332.362705;322.884951
17;2025-12-05;6;1595.651658;1550.149576
17;2025-12-05;7;4071.074469;3954.982488
17;2025-12-05;8;5356.945154;5204.184899
17;2025-12-05;9;3879.486975;3768.858361
17;2025-12-05;10;3091.514042;3003.355501
17;2025-12-05;11;3125.300068;3036.178074
17;2025-12-05;12;3158.192422;3068.132459
17;2025-12-05;13;3243.786109;3151.285331
17;2025-12-05;14;3323.4996;3228.725689
17;2025-12-05;15;3643.732216;3539.826455
17;2025-12-05;16;4226.457606;4105.934673
17;2025-12-05;17;4750.280858;4614.820425
17;2025-12-05;18;4624.051034;4492.190208
17;2025-12-05;19;3452.990295;3354.523788
17;2025-12-05;20;2514.097934;2442.405163
17;2025-12-05;21;1707.099272;1658.419117
17;2025-12-05;22;988.078314;959.901977
17;2025-12-05;23;494.102551;480.012574
17;2025-12-06;0;214.284375;209.914096
17;2025-12-06;1;27.061531;26.509617
17;2025-12-06;2;0.0;0.0
17;2025-12-06;3;0.0;0.0
17;2025-12-06;4;5.842991;5.723825
17;2025-12-06;5;136.567279;133.782022
17;2025-12-06;6;587.861747;575.872447
17;2025-12-06;7;1271.642001;1245.707165
17;2025-12-06;8;1797.093385;1760.442094
17;2025-12-06;9;2216.231735;2171.032217
17;2025-12-06;10;2435.359065;2385.690498
17;2025-12-06;11;2833.930238;2776.132907
17;2025-12-06;12;3116.479293;3052.919441
17;2025-12-06;13;3297.821256;3230.562978
17;2025-12-06;14;3321.315536;3253.578097
17;2025-12-06;15;3386.456784;3317.390805
17;2025-12-06;16;3338.838333;3270.743521
17;2025-12-06;17;3292.872456;3225.715107
17;2025-12-06;18;3031.750435;2969.918607
17;2025-12-06;19;2519.472853;2468.088805
17;2025-12-06;20;2102.599007;2059.717002
17;2025-12-06;21;1541.381052;1509.944953
17;2025-12-06;22;1010.814085;990.198773
17;2025-12-06;23;480.533607;470.733239
17;2025-12-07;0;215.959043;212.105444
17;2025-12-07;1;28.570123;28.060315
17;2025-12-07;2;0.0;0.0
17;2025-12-07;3;0.0;0.0
17;2025-12-07;4;3.519628;3.456823
17;2025-12-07;5;116.828492;114.74379
17;2025-12-07;6;453.358666;445.268881
17;2025-12-07;7;844.532841;829.462899
17;2025-12-07;8;1289.376605;1266.368819
17;2025-12-07;9;1765.638957;1734.132691
17;2025-12-07;10;2055.042882;2018.372459
17;2025-12-07;11;2499.215366;2454.619077
17;2025-12-07;12;2853.057695;2802.147403
17;2025-12-07;13;3168.996759;3112.448814
17;2025-12-07;14;3209.062643;3151.799757
17;2025-12-07;15;3226.418855;3168.846263
17;2025-12-07;16;3072.872909;3018.040209
17;2025-12-07;17;3053.267693;2998.78483
17;2025-12-07;18;2758.215223;2708.99731
17;2025-12-07;19;2249.836408;2209.690067
17;2025-12-07;20;1784.292092;1752.452977
17;2025-12-07;21;1254.321336;1231.939081
17;2025-12-07;22;835.849065;820.934078
17;2025-12-07;23;351.608826;345.334677
17;2025-12-08;0;124.576516;122.686362
17;2025-12-08;1;14.445257;14.226084
17;2025-12-08;2;0.0;0.0
17;2025-12-08;3;0.0;0.0
17;2025-12-08;4;27.80397;27.38211
17;2025-12-08;5;328.593681;323.608047
17;2025-12-08;6;1567.815924;1544.028013
17;2025-12-08;7;4094.975378;4032.84378
17;2025-12-08;8;5505.892568;5422.353628
17;2025-12-08;9;3856.544129;3798.030163
17;2025-12-08;10;2982.105089;2936.858675
17;2025-12-08;11;2931.278967;2886.803719
17;2025-12-08;12;2995.217436;2949.772072
17;2025-12-08;13;3023.156455;2977.287182
17;2025-12-08;14;3026.886259;2980.960396
17;2025-12-08;15;3256.238099;3206.832362
17;2025-12-08;16;3655.436911;3599.974273
17;2025-12-08;17;4552.004119;4482.938187
17;2025-12-08;18;5255.659607;5175.917362
17;2025-12-08;19;3714.417454;3658.059926
17;2025-12-08;20;2490.593648;2452.804761
17;2025-12-08;21;1498.13485;1475.404186
17;2025-12-08;22;827.711525;815.152954
17;2025-12-08;23;348.717231;343.426269
17;2025-12-09;0;122.374973;120.460584
17;2025-12-09;1;10.386799;10.224312
17;2025-12-09;2;0.0;0.0
17;2025-12-09;3;0.0;0.0
17;2025-12-09;4;28.35851;27.91488
17;2025-12-09;5;327.434029;322.311773
17;2025-12-09;6;1627.444824;1601.985684
17;2025-12-09;7;4185.026902;4119.557901
17;2025-12-09;8;5641.979562;5553.718537
17;2025-12-09;9;4042.943142;3979.696846
17;2025-12-09;10;3134.029506;3085.001917
17;2025-12-09;11;3004.89249;2957.885072
17;2025-12-09;12;3100.906313;3052.39689
17;2025-12-09;13;3136.075677;3087.016077
17;2025-12-09;14;3202.424196;3152.326665
17;2025-12-09;15;3312.537449;3260.717348
17;2025-12-09;16;3724.828908;3666.559072
17;2025-12-09;17;4695.483854;4622.029455
17;2025-12-09;18;5313.622158;5230.497833
17;2025-12-09;19;3791.998819;3732.678202
17;2025-12-09;20;2599.159213;2558.498935
17;2025-12-09;21;1584.256479;1559.472961
17;2025-12-09;22;860.620977;847.157743
17;2025-12-09;23;393.664286;387.505949
17;2025-12-10;0;132.775075;130.606827
17;2025-12-10;1;11.921768;11.727083
17;2025-12-10;2;0.0;0.0
17;2025-12-10;3;0.0;0.0
17;2025-12-10;4;29.272068;28.794048
17;2025-12-10;5;336.054786;330.566932
17;2025-12-10;6;1568.894172;1543.273758
17;2025-12-10;7;4007.617948;3942.172596
17;2025-12-10;8;5345.799192;5258.501023
17;2025-12-10;9;3850.199997;3787.325318
17;2025-12-10;10;3078.028576;3027.763639
17;2025-12-10;11;2990.911679;2942.069382
17;2025-12-10;12;3060.321085;3010.345316
17;2025-12-10;13;3105.55846;3054.843953
17;2025-12-10;14;3121.514055;3070.53899
17;2025-12-10;15;3304.154096;3250.196476
17;2025-12-10;16;3686.155721;3625.959924
17;2025-12-10;17;4504.277949;4430.722022
17;2025-12-10;18;5052.983125;4970.466712
17;2025-12-10;19;3668.430299;3608.523962
17;2025-12-10;20;2508.810968;2467.84149
17;2025-12-10;21;1632.547049;1605.887168
17;2025-12-10;22;883.508992;869.081081
17;2025-12-10;23;408.960913;402.282484
17;2025-12-11;0;141.665281;140.669057
17;2025-12-11;1;11.105804;11.027705
17;2025-12-11;2;0.0;0.0
17;2025-12-11;3;0.0;0.0
17;2025-12-11;4;26.54718;26.360494
17;2025-12-11;5;322.82504;320.554858
17;2025-12-11;6;1546.211638;1535.338311
17;2025-12-11;7;3936.63148;3908.948154
17;2025-12-11;8;5219.397253;5182.693213
17;2025-12-11;9;3772.846659;3746.315107
17;2025-12-11;10;2987.322939;2966.315375
17;2025-12-11;11;2915.92803;2895.422533
17;2025-12-11;12;3014.971563;2993.769567
17;2025-12-11;13;3069.734457;3048.147356
17;2025-12-11;14;3067.397283;3045.826618
17;2025-12-11;15;3205.826444;3183.282312
17;2025-12-11;16;3652.479217;3626.794117
17;2025-12-11;17;4457.932983;4426.583741
17;2025-12-11;18;4996.083448;4960.949804
17;2025-12-11;19;3599.132511;3573.822558
17;2025-12-11;20;2509.065035;2491.420695
17;2025-12-11;21;1564.452051;1553.450453
17;2025-12-11;22;885.558846;879.331386
17;2025-12-11;23;424.854899;421.867219
17;2025-12-12;0;153.998997;153.560485
17;2025-12-12;1;16.275859;16.229513
17;2025-12-12;2;0.0;0.0
17;2025-12-12;3;0.0;0.0
17;2025-12-12;4;25.825914;25.752375
17;2025-12-12;5;318.161186;317.255224
17;2025-12-12;6;1527.47109;1523.121624
17;2025-12-12;7;3897.121611;3886.024575
17;2025-12-12;8;5128.048353;5113.44626
17;2025-12-12;9;3713.720455;3703.145653
17;2025-12-12;10;2959.416802;2950.989876
17;2025-12-12;11;2991.759185;2983.240164
17;2025-12-12;12;3023.246082;3014.637403
17;2025-12-12;13;3105.182438;3096.340445
17;2025-12-12;14;3181.489853;3172.430576
17;2025-12-12;15;3488.039256;3478.10708
17;2025-12-12;16;4045.865385;4034.344802
17;2025-12-12;17;4547.306204;4534.357771
17;2025-12-12;18;4426.470051;4413.865699
17;2025-12-12;19;3305.447543;3296.035297
17;2025-12-12;20;2406.673094;2399.820104
17;2025-12-12;21;1634.156661;1629.503408
17;2025-12-12;22;945.858736;943.165408
17;2025-12-12;23;472.990053;471.643216
17;2025-12-13;0;214.368048;211.357919
17;2025-12-13;1;27.072098;26.691955
17;2025-12-13;2;0.0;0.0
17;2025-12-13;3;0.0;0.0
17;2025-12-13;4;5.845273;5.763194
17;2025-12-13;5;136.620605;134.702196
17;2025-12-13;6;588.091292;579.83339
17;2025-12-13;7;1272.138544;1254.275338
17;2025-12-13;8;1797.795104;1772.550696
17;2025-12-13;9;2217.097117;2185.964924
17;2025-12-13;10;2436.31001;2402.099658
17;2025-12-13;11;2835.036815;2795.227592
17;2025-12-13;12;3117.696198;3073.917909
17;2025-12-13;13;3299.108971;3252.783306
17;2025-12-13;14;3322.612424;3275.956727
17;2025-12-13;15;3387.779108;3340.208349
17;2025-12-13;16;3340.142064;3293.240218
17;2025-12-13;17;3294.158238;3247.902091
17;2025-12-13;18;3032.934256;2990.346182
17;2025-12-13;19;2520.456643;2485.064714
17;2025-12-13;20;2103.420018;2073.884064
17;2025-12-13;21;1541.982922;1520.330596
17;2025-12-13;22;1011.208782;997.009518
17;2025-12-13;23;480.721243;473.971017
17;2025-12-14;0;215.641185;215.149598
17;2025-12-14;1;28.528073;28.463038
17;2025-12-14;2;0.0;0.0
17;2025-12-14;3;0.0;0.0
17;2025-12-14;4;3.514448;3.506436
17;2025-12-14;5;116.656539;116.390602
17;2025-12-14;6;452.691394;451.659414
17;2025-12-14;7;843.289824;841.367414
17;2025-12-14;8;1287.478849;1284.543842
17;2025-12-14;9;1763.040219;1759.021097
17;2025-12-14;10;2052.018188;2047.340296
17;2025-12-14;11;2495.536921;2489.847959
17;2025-12-14;12;2848.858451;2842.364038
17;2025-12-14;13;3164.332503;3157.118919
17;2025-12-14;14;3204.339416;3197.03463
17;2025-12-14;15;3221.670083;3214.325789
17;2025-12-14;16;3068.350132;3061.355354
17;2025-12-14;17;3048.773771;3041.823621
17;2025-12-14;18;2754.155571;2747.877049
17;2025-12-14;19;2246.525009;2241.403709
17;2025-12-14;20;1781.6659;1777.604317
17;2025-12-14;21;1252.475176;1249.619966
17;2025-12-14;22;834.618829;832.716187
17;2025-12-14;23;351.091314;350.290947
17;2025-12-15;0;124.269562;122.604749
17;2025-12-15;1;14.409664;14.216621
17;2025-12-15;2;0.0;0.0
17;2025-12-15;3;0.0;0.0
17;2025-12-15;4;27.735461;27.363895
17;2025-12-15;5;327.784031;323.39278
17;2025-12-15;6;1563.952847;1543.000911
17;2025-12-15;7;4084.885415;4030.161094
17;2025-12-15;8;5492.326125;5418.746627
17;2025-12-15;9;3847.041658;3795.503678
17;2025-12-15;10;2974.757224;2934.905049
17;2025-12-15;11;2924.056337;2884.88339
17;2025-12-15;12;2987.837262;2947.809856
17;2025-12-15;13;3015.707439;2975.306663
17;2025-12-15;14;3019.428054;2978.977433
17;2025-12-15;15;3248.214774;3204.699147
17;2025-12-15;16;3646.429965;3597.579536
17;2025-12-15;17;4540.788044;4479.956094
17;2025-12-15;18;5242.709735;5172.474293
17;2025-12-15;19;3705.265181;3655.626549
17;2025-12-15;20;2484.45686;2451.173132
17;2025-12-15;21;1494.443467;1474.422733
17;2025-12-15;22;825.672055;814.610706
17;2025-12-15;23;347.857997;343.197819
17;2025-12-16;0;121.012407;119.234473
17;2025-12-16;1;10.271149;10.120244
17;2025-12-16;2;0.0;0.0
17;2025-12-16;3;0.0;0.0
17;2025-12-16;4;28.042757;27.630748
17;2025-12-16;5;323.788266;319.031115
17;2025-12-16;6;1609.324292;1585.67983
17;2025-12-16;7;4138.429367;4077.626871
17;2025-12-16;8;5579.159814;5497.189865
17;2025-12-16;9;3997.927617;3939.189397
17;2025-12-16;10;3099.13414;3053.601143
17;2025-12-16;11;2971.434979;2927.77816
17;2025-12-16;12;3066.379751;3021.327988
17;2025-12-16;13;3101.157527;3055.594802
17;2025-12-16;14;3166.767299;3120.240625
17;2025-12-16;15;3275.654514;3227.52805
17;2025-12-16;16;3683.355377;3629.238904
17;2025-12-16;17;4643.202716;4574.984005
17;2025-12-16;18;5254.458454;5177.259072
17;2025-12-16;19;3749.777394;3694.685038
17;2025-12-16;20;2570.219277;2532.457185
17;2025-12-16;21;1566.616821;1543.599825
17;2025-12-16;22;851.038526;838.534926
17;2025-12-16;23;389.281092;383.561709
17;2025-12-17;0;134.440417;132.455918
17;2025-12-17;1;12.071298;11.893111
17;2025-12-17;2;0.0;0.0
17;2025-12-17;3;0.0;0.0
17;2025-12-17;4;29.639216;29.201706
17;2025-12-17;5;340.26978;335.246996
17;2025-12-17;6;1588.572155;1565.122951
17;2025-12-17;7;4057.883823;3997.984657
17;2025-12-17;8;5412.849314;5332.949256
17;2025-12-17;9;3898.491445;3840.945099
17;2025-12-17;10;3116.635001;3070.629781
17;2025-12-17;11;3028.425433;2983.722291
17;2025-12-17;12;3098.705412;3052.964854
17;2025-12-17;13;3144.51018;3098.09349
17;2025-12-17;14;3160.6659;3114.010732
17;2025-12-17;15;3345.596718;3296.211753
17;2025-12-17;16;3732.38963;3677.295144
17;2025-12-17;17;4560.773223;4493.450815
17;2025-12-17;18;5116.360578;5040.837044
17;2025-12-17;19;3714.441886;3659.612329
17;2025-12-17;20;2540.277934;2502.780427
17;2025-12-17;21;1653.023403;1628.622822
17;2025-12-17;22;894.590476;881.385262
17;2025-12-17;23;414.090339;407.977875
17;2025-12-18;0;149.247776;146.556792
17;2025-12-18;1;11.700231;11.489272
17;2025-12-18;2;0.0;0.0
17;2025-12-18;3;0.0;0.0
17;2025-12-18;4;27.968092;27.463818
17;2025-12-18;5;340.103934;333.971752
17;2025-12-18;6;1628.971101;1599.600236
17;2025-12-18;7;4147.335823;4072.558042
17;2025-12-18;8;5498.760376;5399.615983
17;2025-12-18;9;3974.78458;3903.117953
17;2025-12-18;10;3147.216472;3090.471161
17;2025-12-18;11;3072.000221;3016.611082
17;2025-12-18;12;3176.344961;3119.074454
17;2025-12-18;13;3234.038986;3175.728237
17;2025-12-18;14;3231.576717;3173.310364
17;2025-12-18;15;3377.415163;3316.519297
17;2025-12-18;16;3847.974588;3778.594386
17;2025-12-18;17;4696.539477;4611.859381
17;2025-12-18;18;5263.493919;5168.591454
17;2025-12-18;19;3791.772552;3723.405691
17;2025-12-18;20;2643.360283;2595.699658
17;2025-12-18;21;1648.187814;1618.470465
17;2025-12-18;22;932.957516;916.135996
17;2025-12-18;23;447.594841;439.524564
17;2025-12-19;0;160.38536;157.964932
17;2025-12-19;1;16.950821;16.695011
17;2025-12-19;2;0.0;0.0
17;2025-12-19;3;0.0;0.0
17;2025-12-19;4;26.896919;26.491009
17;2025-12-19;5;331.355381;326.354789
17;2025-12-19;6;1590.815561;1566.808044
17;2025-12-19;7;4058.735867;3997.484159
17;2025-12-19;8;5340.709338;5260.11095
17;2025-12-19;9;3867.729036;3809.359875
17;2025-12-19;10;3082.144289;3035.630644
17;2025-12-19;11;3115.827916;3068.80594
17;2025-12-19;12;3148.62058;3101.103719
17;2025-12-19;13;3233.95485;3185.150182
17;2025-12-19;14;3313.426746;3263.422742
17;2025-12-19;15;3632.688801;3577.866709
17;2025-12-19;16;4213.648069;4150.058531
17;2025-12-19;17;4735.883719;4664.412952
17;2025-12-19;18;4610.036472;4540.464907
17;2025-12-19;19;3442.524981;3390.572713
17;2025-12-19;20;2506.478212;2468.652131
17;2025-12-19;21;1701.925399;1676.241088
17;2025-12-19;22;985.083649;970.21743
17;2025-12-19;23;492.605026;485.170963
17;2025-12-20;0;214.979913;214.414028
17;2025-12-20;1;27.149369;27.077905
17;2025-12-20;2;0.0;0.0
17;2025-12-20;3;0.0;0.0
17;2025-12-20;4;5.861957;5.846526
17;2025-12-20;5;137.010558;136.649909
17;2025-12-20;6;589.769866;588.217433
17;2025-12-20;7;1275.769576;1272.411408
17;2025-12-20;8;1802.926503;1798.180716
17;2025-12-20;9;2223.425319;2217.572667
17;2025-12-20;10;2443.263907;2436.83258
17;2025-12-20;11;2843.128787;2835.644908
17;2025-12-20;12;3126.594957;3118.364919
17;2025-12-20;13;3308.525531;3299.816603
17;2025-12-20;14;3332.09607;3323.325098
17;2025-12-20;15;3397.448758;3388.50576
17;2025-12-20;16;3349.675744;3340.858498
17;2025-12-20;17;3303.560668;3294.864808
17;2025-12-20;18;3041.591081;3033.584796
17;2025-12-20;19;2527.650716;2520.997261
17;2025-12-20;20;2109.423755;2103.871185
17;2025-12-20;21;1546.384163;1542.313665
17;2025-12-20;22;1014.095049;1011.425679
17;2025-12-20;23;482.093353;480.824354
17;2025-12-21;0;214.864869;213.873597
17;2025-12-21;1;28.42537;28.294231
17;2025-12-21;2;0.0;0.0
17;2025-12-21;3;0.0;0.0
17;2025-12-21;4;3.501796;3.48564
17;2025-12-21;5;116.236571;115.700317
17;2025-12-21;6;451.061689;448.980729
17;2025-12-21;7;840.25395;836.377464
17;2025-12-21;8;1282.843879;1276.925517
17;2025-12-21;9;1756.693211;1748.588759
17;2025-12-21;10;2044.630849;2035.198005
17;2025-12-21;11;2486.552898;2475.081261
17;2025-12-21;12;2838.602458;2825.506651
17;2025-12-21;13;3152.940793;3138.394795
17;2025-12-21;14;3192.80368;3178.073775
17;2025-12-21;15;3210.071955;3195.262384
17;2025-12-21;16;3057.303961;3043.199181
17;2025-12-21;17;3037.798076;3023.783286
17;2025-12-21;18;2744.240512;2731.580041
17;2025-12-21;19;2238.437439;2228.110474
17;2025-12-21;20;1775.251838;1767.061767
17;2025-12-21;21;1247.966221;1242.208766
17;2025-12-21;22;831.614171;827.777544
17;2025-12-21;23;349.827372;348.213454
17;2025-12-22;0;122.043091;120.989807
17;2025-12-22;1;14.151494;14.02936
17;2025-12-22;2;0.0;0.0
17;2025-12-22;3;0.0;0.0
17;2025-12-22;4;27.23854;27.00346
17;2025-12-22;5;321.911301;319.133069
17;2025-12-22;6;1535.932344;1522.676594
17;2025-12-22;7;4011.698716;3977.07605
17;2025-12-22;8;5393.923066;5347.371216
17;2025-12-22;9;3778.116278;3745.509527
17;2025-12-22;10;2921.460096;2896.246652
17;2025-12-22;11;2871.667589;2846.883876
17;2025-12-22;12;2934.305785;2908.981478
17;2025-12-22;13;2961.676628;2936.116099
17;2025-12-22;14;2965.330582;2939.738518
17;2025-12-22;15;3190.018253;3162.487039
17;2025-12-22;16;3581.098837;3550.19243
17;2025-12-22;17;4459.433182;4420.946377
17;2025-12-22;18;5148.778919;5104.342766
17;2025-12-22;19;3638.879934;3607.474852
17;2025-12-22;20;2439.94418;2418.886424
17;2025-12-22;21;1467.668326;1455.001724
17;2025-12-22;22;810.878932;803.880702
17;2025-12-22;23;341.625612;338.677238
17;2025-12-23;0;123.113081;121.223584
17;2025-12-23;1;10.449448;10.289073
17;2025-12-23;2;0.0;0.0
17;2025-12-23;3;0.0;0.0
17;2025-12-23;4;28.529555;28.091694
17;2025-12-23;5;329.408957;324.353302
17;2025-12-23;6;1637.260806;1612.132692
17;2025-12-23;7;4210.269014;4145.65126
17;2025-12-23;8;5676.009328;5588.895897
17;2025-12-23;9;4067.328272;4004.904323
17;2025-12-23;10;3152.932497;3104.542378
17;2025-12-23;11;3023.016587;2976.620373
17;2025-12-23;12;3119.60952;3071.730831
17;2025-12-23;13;3154.991009;3106.569297
17;2025-12-23;14;3221.739712;3172.293563
17;2025-12-23;15;3332.517116;3281.370795
17;2025-12-23;16;3747.295323;3689.783128
17;2025-12-23;17;4723.804803;4651.305478
17;2025-12-23;18;5345.671426;5263.627907
17;2025-12-23;19;3814.870371;3756.321058
17;2025-12-23;20;2614.836118;2574.704516
17;2025-12-23;21;1593.811969;1569.350693
17;2025-12-23;22;865.811838;852.523657
17;2025-12-23;23;396.038684;389.960419
17;2025-12-24;0;134.186062;132.112512
17;2025-12-24;1;12.048459;11.862277
17;2025-12-24;2;0.0;0.0
17;2025-12-24;3;0.0;0.0
17;2025-12-24;4;29.583139;29.125997
17;2025-12-24;5;339.626005;334.377834
17;2025-12-24;6;1585.566646;1561.06521
17;2025-12-24;7;4050.206486;3987.619476
17;2025-12-24;8;5402.608442;5319.123043
17;2025-12-24;9;3891.115671;3830.987059
17;2025-12-24;10;3110.738465;3062.668861
17;2025-12-24;11;3022.695785;2975.986687
17;2025-12-24;12;3092.842798;3045.049733
17;2025-12-24;13;3138.560905;3090.061368
17;2025-12-24;14;3154.686059;3105.937343
17;2025-12-24;15;3339.266997;3287.665989
17;2025-12-24;16;3725.328113;3667.761382
17;2025-12-24;17;4552.144441;4481.801087
17;2025-12-24;18;5106.68065;5027.768161
17;2025-12-24;19;3707.414325;3650.124412
17;2025-12-24;20;2535.47184;2496.291714
17;2025-12-24;21;1649.895956;1624.400452
17;2025-12-24;22;892.89795;879.100181
17;2025-12-24;23;413.306898;406.920151
17;2025-12-25;0;146.488401;143.657423
17;2025-12-25;1;11.483911;11.261977
17;2025-12-25;2;0.0;0.0
17;2025-12-25;3;0.0;0.0
17;2025-12-25;4;27.451002;26.920495
17;2025-12-25;5;333.815904;327.364708
17;2025-12-25;6;1598.853783;1567.954956
17;2025-12-25;7;4070.657585;3991.989638
17;2025-12-25;8;5397.096254;5292.794069
17;2025-12-25;9;3901.296565;3825.901624
17;2025-12-25;10;3089.028993;3029.33162
17;2025-12-25;11;3015.203382;2956.932733
17;2025-12-25;12;3117.618939;3057.369047
17;2025-12-25;13;3174.246285;3112.902035
17;2025-12-25;14;3171.829539;3110.531995
17;2025-12-25;15;3314.971644;3250.907791
17;2025-12-25;16;3776.831106;3703.841536
17;2025-12-25;17;4609.707258;4520.621848
17;2025-12-25;18;5166.179533;5066.339955
17;2025-12-25;19;3721.668165;3649.744652
17;2025-12-25;20;2594.488376;2544.348302
17;2025-12-25;21;1617.715206;1586.451871
17;2025-12-25;22;915.708481;898.011855
17;2025-12-25;23;439.31946;430.829343
17;2025-12-26;0;156.634076;153.504114
17;2025-12-26;1;16.554355;16.223556
17;2025-12-26;2;0.0;0.0
17;2025-12-26;3;0.0;0.0
17;2025-12-26;4;26.267822;25.742922
17;2025-12-26;5;323.605248;317.138761
17;2025-12-26;6;1553.607675;1522.562496
17;2025-12-26;7;3963.805328;3884.598042
17;2025-12-26;8;5215.794479;5111.569148
17;2025-12-26;9;3777.265991;3701.786254
17;2025-12-26;10;3010.055435;2949.906588
17;2025-12-26;11;3042.951229;2982.145037
17;2025-12-26;12;3074.976899;3013.53075
17;2025-12-26;13;3158.31527;3095.2038
17;2025-12-26;14;3235.928383;3171.265998
17;2025-12-26;15;3547.723157;3476.830291
17;2025-12-26;16;4115.094259;4032.863821
17;2025-12-26;17;4625.115241;4532.693239
17;2025-12-26;18;4502.211459;4412.245398
17;2025-12-26;19;3362.007114;3294.825344
17;2025-12-26;20;2447.85372;2398.939146
17;2025-12-26;21;1662.118745;1628.905228
17;2025-12-26;22;962.043342;942.819178
17;2025-12-26;23;481.083394;471.470079
17;2025-12-27;0;213.759671;212.892322
17;2025-12-27;1;26.995267;26.885731
17;2025-12-27;2;0.0;0.0
17;2025-12-27;3;0.0;0.0
17;2025-12-27;4;5.828684;5.805033
17;2025-12-27;5;136.232876;135.680099
17;2025-12-27;6;586.422289;584.042828
17;2025-12-27;7;1268.528215;1263.381047
17;2025-12-27;8;1792.692961;1785.418947
17;2025-12-27;9;2210.804995;2201.834454
17;2025-12-27;10;2429.395762;2419.53827
17;2025-12-27;11;2826.99098;2815.520209
17;2025-12-27;12;3108.848176;3096.233744
17;2025-12-27;13;3289.746099;3276.397657
17;2025-12-27;14;3313.18285;3299.739311
17;2025-12-27;15;3378.16459;3364.457382
17;2025-12-27;16;3330.66274;3317.148275
17;2025-12-27;17;3284.809416;3271.481005
17;2025-12-27;18;3024.326788;3012.055309
17;2025-12-27;19;2513.303587;2503.10563
17;2025-12-27;20;2097.450512;2088.939917
17;2025-12-27;21;1537.606774;1531.367796
17;2025-12-27;22;1008.338972;1004.247545
17;2025-12-27;23;479.356956;477.411922
17;2025-12-28;0;212.925397;211.749302
17;2025-12-28;1;28.16879;28.013199
17;2025-12-28;2;0.0;0.0
17;2025-12-28;3;0.0;0.0
17;2025-12-28;4;3.470187;3.451019
17;2025-12-28;5;115.187365;114.551126
17;2025-12-28;6;446.990193;444.521237
17;2025-12-28;7;832.66942;828.070161
17;2025-12-28;8;1271.264323;1264.24248
17;2025-12-28;9;1740.836467;1731.220937
17;2025-12-28;10;2026.175043;2014.983442
17;2025-12-28;11;2464.108095;2450.497566
17;2025-12-28;12;2812.979889;2797.442363
17;2025-12-28;13;3124.480857;3107.222752
17;2025-12-28;14;3163.983922;3146.507621
17;2025-12-28;15;3181.096327;3163.525505
17;2025-12-28;16;3029.707289;3012.972666
17;2025-12-28;17;3010.377473;2993.749619
17;2025-12-28;18;2719.469699;2704.448677
17;2025-12-28;19;2218.232243;2205.979812
17;2025-12-28;20;1759.227575;1749.510462
17;2025-12-28;21;1236.701487;1229.870552
17;2025-12-28;22;824.107628;819.555661
17;2025-12-28;23;346.669665;344.754831
17;2025-12-29;0;122.76365;120.841203
17;2025-12-29;1;14.235046;14.012129
17;2025-12-29;2;0.0;0.0
17;2025-12-29;3;0.0;0.0
17;2025-12-29;4;27.39936;26.970293
17;2025-12-29;5;323.811909;318.741099
17;2025-12-29;6;1545.000696;1520.806393
17;2025-12-29;7;4035.384329;3972.191274
17;2025-12-29;8;5425.769519;5340.803398
17;2025-12-29;9;3800.422788;3740.909169
17;2025-12-29;10;2938.708792;2892.689387
17;2025-12-29;11;2888.622304;2843.38724
17;2025-12-29;12;2951.630324;2905.408571
17;2025-12-29;13;2979.162768;2932.509864
17;2025-12-29;14;2982.838296;2936.127834
17;2025-12-29;15;3208.852553;3158.602768
17;2025-12-29;16;3602.24213;3545.831967
17;2025-12-29;17;4485.76228;4415.516425
17;2025-12-29;18;5179.178007;5098.073445
17;2025-12-29;19;3660.364374;3603.044033
17;2025-12-29;20;2454.349941;2415.915468
17;2025-12-29;21;1476.333638;1453.214643
17;2025-12-29;22;815.666471;802.893349
17;2025-12-29;23;343.642616;338.261263
17;2025-12-30;0;119.888736;117.858565
17;2025-12-30;1;10.175775;10.003461
17;2025-12-30;2;0.0;0.0
17;2025-12-30;3;0.0;0.0
17;2025-12-30;4;27.782363;27.311903
17;2025-12-30;5;320.781701;315.349652
17;2025-12-30;6;1594.380766;1567.381863
17;2025-12-30;7;4100.001609;4030.573057
17;2025-12-30;8;5527.354023;5433.75499
17;2025-12-30;9;3960.8045;3893.733082
17;2025-12-30;10;3070.356851;3018.364083
17;2025-12-30;11;2943.843452;2893.993036
17;2025-12-30;12;3037.906606;2986.463344
17;2025-12-30;13;3072.36145;3020.334737
17;2025-12-30;14;3137.361996;3084.234578
17;2025-12-30;15;3245.238129;3190.283959
17;2025-12-30;16;3649.153249;3587.359266
17;2025-12-30;17;4600.087839;4522.190933
17;2025-12-30;18;5205.667707;5117.516041
17;2025-12-30;19;3714.958499;3652.050184
17;2025-12-30;20;2546.353274;2503.233871
17;2025-12-30;21;1552.069859;1525.787439
17;2025-12-30;22;843.136131;828.858644
17;2025-12-30;23;385.666388;379.135595
17;2025-12-31;0;198.768851;191.605758
17;2025-12-31;1;24.014806;23.149377
17;2025-12-31;2;0.0;0.0
17;2025-12-31;3;0.0;0.0
17;2025-12-31;4;4.209163;4.057476
17;2025-12-31;5;120.178431;115.847525
17;2025-12-31;6;455.410846;438.999069
17;2025-12-31;7;911.930779;879.067256
17;2025-12-31;8;1357.58368;1308.660031
17;2025-12-31;9;1754.60687;1691.375577
17;2025-12-31;10;1948.518651;1878.299301
17;2025-12-31;11;2316.358066;2232.882777
17;2025-12-31;12;2692.173702;2595.155032
17;2025-12-31;13;2916.435365;2811.334911
17;2025-12-31;14;2921.100431;2815.83186
17;2025-12-31;15;3002.11299;2893.924946
17;2025-12-31;16;2959.715166;2853.055024
17;2025-12-31;17;2909.950084;2805.083342
17;2025-12-31;18;2686.689869;2589.868822
17;2025-12-31;19;2289.063379;2206.571717
17;2025-12-31;20;1838.778395;1772.513787
17;2025-12-31;21;1384.17132;1334.289523
17;2025-12-31;22;876.316632;844.736547
17;2025-12-31;23;395.001075;380.766303
25;2025-11-01;0;0.0;0.0
25;2025-11-01;1;0.0;0.0
25;2025-11-01;2;0.0;0.0
25;2025-11-01;3;0.0;0.0
25;2025-11-01;4;0.0;0.0
25;2025-11-01;5;3.038303;3.173435
25;2025-11-01;6;162.372515;169.594216
25;2025-11-01;7;522.689698;545.936913
25;2025-11-01;8;822.215518;858.784482
25;2025-11-01;9;446.859087;466.733649
25;2025-11-01;10;349.94654;365.510808
25;2025-11-01;11;402.83701;420.753642
25;2025-11-01;12;408.578293;426.750274
25;2025-11-01;13;489.613884;511.390014
25;2025-11-01;14;482.813211;504.286874
25;2025-11-01;15;578.232785;603.950341
25;2025-11-01;16;684.678184;715.130019
25;2025-11-01;17;717.270996;749.172434
25;2025-11-01;18;629.749452;657.75827
25;2025-11-01;19;454.188954;474.389521
25;2025-11-01;20;325.11736;339.577322
25;2025-11-01;21;227.917443;238.054329
25;2025-11-01;22;143.40402;149.782076
25;2025-11-01;23;8.172626;8.536113
25;2025-11-02;0;12.170406;12.278611
25;2025-11-02;1;0.0;0.0
25;2025-11-02;2;0.0;0.0
25;2025-11-02;3;0.0;0.0
25;2025-11-02;4;0.0;0.0
25;2025-11-02;5;1.371963;1.384161
25;2025-11-02;6;44.554547;44.950675
25;2025-11-02;7;102.067077;102.97454
25;2025-11-02;8;201.544148;203.336048
25;2025-11-02;9;205.851911;207.682111
25;2025-11-02;10;220.874383;222.838145
25;2025-11-02;11;275.592508;278.042761
25;2025-11-02;12;315.542115;318.347554
25;2025-11-02;13;402.561357;406.140472
25;2025-11-02;14;454.482774;458.523515
25;2025-11-02;15;543.663619;548.497253
25;2025-11-02;16;463.417023;467.537196
25;2025-11-02;17;417.755406;421.469608
25;2025-11-02;18;410.753184;414.40513
25;2025-11-02;19;349.330388;352.436234
25;2025-11-02;20;255.945298;258.220871
25;2025-11-02;21;227.443223;229.465388
25;2025-11-02;22;130.766073;131.928695
25;2025-11-02;23;47.478027;47.900147
25;2025-11-03;0;11.871844;11.771008
25;2025-11-03;1;0.0;0.0
25;2025-11-03;2;0.0;0.0
25;2025-11-03;3;0.0;0.0
25;2025-11-03;4;0.0;0.0
25;2025-11-03;5;1.338307;1.326939
25;2025-11-03;6;43.461544;43.092394
25;2025-11-03;7;99.56319;98.717528
25;2025-11-03;8;196.599912;194.930048
25;2025-11-03;9;200.801998;199.096442
25;2025-11-03;10;215.455942;213.62592
25;2025-11-03;11;268.831733;266.548353
25;2025-11-03;12;307.801306;305.186928
25;2025-11-03;13;392.685811;389.350449
25;2025-11-03;14;443.333503;439.567954
25;2025-11-03;15;530.326583;525.822139
25;2025-11-03;16;452.048579;448.209006
25;2025-11-03;17;407.507122;404.045872
25;2025-11-03;18;400.676677;397.273443
25;2025-11-03;19;340.760692;337.866367
25;2025-11-03;20;249.666505;247.545908
25;2025-11-03;21;221.863636;219.979189
25;2025-11-03;22;127.558148;126.474705
25;2025-11-03;23;46.313307;45.919935
25;2025-11-04;0;11.744284;11.762613
25;2025-11-04;1;0.0;0.0
25;2025-11-04;2;0.0;0.0
25;2025-11-04;3;0.0;0.0
25;2025-11-04;4;0.0;0.0
25;2025-11-04;5;1.323927;1.325993
25;2025-11-04;6;42.994562;43.061663
25;2025-11-04;7;98.493412;98.647127
25;2025-11-04;8;194.487501;194.791032
25;2025-11-04;9;198.644437;198.954455
25;2025-11-04;10;213.140929;213.473571
25;2025-11-04;11;265.943212;266.358262
25;2025-11-04;12;304.494068;304.969282
25;2025-11-04;13;388.466513;389.07278
25;2025-11-04;14;438.57001;439.254473
25;2025-11-04;15;524.628374;525.447145
25;2025-11-04;16;447.191444;447.889362
25;2025-11-04;17;403.128573;403.757724
25;2025-11-04;18;396.371519;396.990124
25;2025-11-04;19;337.099315;337.625416
25;2025-11-04;20;246.983909;247.369369
25;2025-11-04;21;219.479774;219.82231
25;2025-11-04;22;126.187572;126.384509
25;2025-11-04;23;45.815683;45.887186
25;2025-11-05;0;0.0;0.0
25;2025-11-05;1;0.0;0.0
25;2025-11-05;2;0.0;0.0
25;2025-11-05;3;0.0;0.0
25;2025-11-05;4;0.0;0.0
25;2025-11-05;5;4.02172;4.206462
25;2025-11-05;6;161.136598;168.538582
25;2025-11-05;7;511.440002;534.933553
25;2025-11-05;8;836.618594;875.049575
25;2025-11-05;9;449.538088;470.188107
25;2025-11-05;10;355.928001;372.277939
25;2025-11-05;11;388.069099;405.895474
25;2025-11-05;12;397.972601;416.253903
25;2025-11-05;13;488.978636;511.440399
25;2025-11-05;14;421.95313;441.336004
25;2025-11-05;15;501.640534;524.683935
25;2025-11-05;16;612.033912;640.148353
25;2025-11-05;17;710.850341;743.504022
25;2025-11-05;18;782.763747;818.720847
25;2025-11-05;19;495.54702;518.310509
25;2025-11-05;20;352.362644;368.548804
25;2025-11-05;21;221.906098;232.099595
25;2025-11-05;22;128.677026;134.587945
25;2025-11-05;23;5.889175;6.159701
25;2025-11-06;0;0.0;0.0
25;2025-11-06;1;0.0;0.0
25;2025-11-06;2;0.0;0.0
25;2025-11-06;3;0.0;0.0
25;2025-11-06;4;0.0;0.0
25;2025-11-06;5;5.173301;5.5183
25;2025-11-06;6;148.622575;158.533949
25;2025-11-06;7;500.758919;534.153637
25;2025-11-06;8;855.962085;913.044668
25;2025-11-06;9;452.792809;482.988752
25;2025-11-06;10;358.565414;382.477501
25;2025-11-06;11;379.733175;405.056902
25;2025-11-06;12;377.190261;402.344406
25;2025-11-06;13;451.355813;481.455927
25;2025-11-06;14;438.353865;467.586901
25;2025-11-06;15;486.499712;518.943509
25;2025-11-06;16;600.444909;640.487508
25;2025-11-06;17;694.947967;741.292806
25;2025-11-06;18;744.724535;794.388884
25;2025-11-06;19;495.559001;528.606946
25;2025-11-06;20;330.95001;353.020476
25;2025-11-06;21;218.851151;233.445944
25;2025-11-06;22;132.449112;141.281907
25;2025-11-06;23;7.008807;7.476212
25;2025-11-07;0;0.0;0.0
25;2025-11-07;1;0.0;0.0
25;2025-11-07;2;0.0;0.0
25;2025-11-07;3;0.0;0.0
25;2025-11-07;4;0.0;0.0
25;2025-11-07;5;2.976878;3.175429
25;2025-11-07;6;159.089836;169.700767
25;2025-11-07;7;512.1225;546.279908
25;2025-11-07;8;805.592818;859.324028
25;2025-11-07;9;437.824953;467.026883
25;2025-11-07;10;342.871685;365.740447
25;2025-11-07;11;394.69287;421.017987
25;2025-11-07;12;400.318081;427.018388
25;2025-11-07;13;479.715379;511.711304
25;2025-11-07;14;473.052195;504.603701
25;2025-11-07;15;566.542675;604.329784
25;2025-11-07;16;670.836071;715.579312
25;2025-11-07;17;702.769956;749.643115
25;2025-11-07;18;617.017831;658.171519
25;2025-11-07;19;445.006633;474.687564
25;2025-11-07;20;318.544475;339.790668
25;2025-11-07;21;223.309645;238.203891
25;2025-11-07;22;140.504827;149.87618
25;2025-11-07;23;8.0074;8.541476
25;2025-11-08;0;0.0;0.0
25;2025-11-08;1;0.0;0.0
25;2025-11-08;2;0.0;0.0
25;2025-11-08;3;0.0;0.0
25;2025-11-08;4;0.0;0.0
25;2025-11-08;5;1.145299;1.234933
25;2025-11-08;6;55.058444;59.367427
25;2025-11-08;7;137.65444;148.427549
25;2025-11-08;8;294.483397;317.530251
25;2025-11-08;9;288.898049;311.507783
25;2025-11-08;10;283.331593;305.505685
25;2025-11-08;11;362.197087;390.54335
25;2025-11-08;12;383.836698;413.876519
25;2025-11-08;13;495.001143;533.740913
25;2025-11-08;14;531.807434;573.427738
25;2025-11-08;15;610.130953;657.88101
25;2025-11-08;16;548.340899;591.255144
25;2025-11-08;17;488.521891;526.754583
25;2025-11-08;18;492.035411;530.543078
25;2025-11-08;19;419.897094;452.759073
25;2025-11-08;20;264.582006;285.288718
25;2025-11-08;21;236.183792;254.668004
25;2025-11-08;22;154.261887;166.334728
25;2025-11-08;23;56.558985;60.985403
25;2025-11-09;0;18.586154;19.986773
25;2025-11-09;1;0.0;0.0
25;2025-11-09;2;0.0;0.0
25;2025-11-09;3;0.0;0.0
25;2025-11-09;4;0.0;0.0
25;2025-11-09;5;2.086529;2.243766
25;2025-11-09;6;48.223103;51.85711
25;2025-11-09;7;105.649887;113.611474
25;2025-11-09;8;198.378722;213.328189
25;2025-11-09;9;217.339065;233.717349
25;2025-11-09;10;221.60491;238.304661
25;2025-11-09;11;282.2011;303.467272
25;2025-11-09;12;353.893773;380.562576
25;2025-11-09;13;431.760827;464.297553
25;2025-11-09;14;454.243517;488.474497
25;2025-11-09;15;559.525433;601.690271
25;2025-11-09;16;481.540847;517.828905
25;2025-11-09;17;448.72286;482.537814
25;2025-11-09;18;426.311078;458.437119
25;2025-11-09;19;344.277204;370.22132
25;2025-11-09;20;239.950779;258.033041
25;2025-11-09;21;208.374989;224.077756
25;2025-11-09;22;121.489663;130.644907
25;2025-11-09;23;41.202721;44.307685
25;2025-11-10;0;11.487226;11.950601
25;2025-11-10;1;0.0;0.0
25;2025-11-10;2;0.0;0.0
25;2025-11-10;3;0.0;0.0
25;2025-11-10;4;0.0;0.0
25;2025-11-10;5;4.492268;4.673478
25;2025-11-10;6;164.011834;170.627797
25;2025-11-10;7;530.727749;552.136417
25;2025-11-10;8;880.565899;916.086453
25;2025-11-10;9;463.986943;482.703399
25;2025-11-10;10;343.567447;357.426383
25;2025-11-10;11;358.097124;372.542163
25;2025-11-10;12;386.752922;402.353887
25;2025-11-10;13;478.626836;497.933841
25;2025-11-10;14;395.317489;411.263935
25;2025-11-10;15;484.222314;503.755031
25;2025-11-10;16;624.865139;650.071152
25;2025-11-10;17;683.396716;710.963795
25;2025-11-10;18;775.439449;806.719377
25;2025-11-10;19;489.703446;509.457263
25;2025-11-10;20;326.421672;339.588976
25;2025-11-10;21;216.942837;225.693947
25;2025-11-10;22;112.16709;116.691723
25;2025-11-10;23;7.275372;7.568849
25;2025-11-11;0;0.0;0.0
25;2025-11-11;1;0.0;0.0
25;2025-11-11;2;0.0;0.0
25;2025-11-11;3;0.0;0.0
25;2025-11-11;4;0.0;0.0
25;2025-11-11;5;4.243005;4.384426
25;2025-11-11;6;164.583506;170.069123
25;2025-11-11;7;544.873074;563.033855
25;2025-11-11;8;871.865944;900.925495
25;2025-11-11;9;493.661806;510.115701
25;2025-11-11;10;362.73662;374.82674
25;2025-11-11;11;416.672669;430.560492
25;2025-11-11;12;391.714229;404.77018
25;2025-11-11;13;456.143147;471.346533
25;2025-11-11;14;431.326792;445.703042
25;2025-11-11;15;510.414024;527.426275
25;2025-11-11;16;629.252524;650.225698
25;2025-11-11;17;681.275844;703.98297
25;2025-11-11;18;758.894794;784.188983
25;2025-11-11;19;535.019782;552.85215
25;2025-11-11;20;339.919037;351.248639
25;2025-11-11;21;214.192288;221.331381
25;2025-11-11;22;121.883355;125.945763
25;2025-11-11;23;7.602663;7.856062
25;2025-11-12;0;0.0;0.0
25;2025-11-12;1;0.0;0.0
25;2025-11-12;2;0.0;0.0
25;2025-11-12;3;0.0;0.0
25;2025-11-12;4;0.0;0.0
25;2025-11-12;5;3.969163;4.215412
25;2025-11-12;6;159.030825;168.897201
25;2025-11-12;7;504.756381;536.071794
25;2025-11-12;8;825.685459;876.911521
25;2025-11-12;9;443.663415;471.188582
25;2025-11-12;10;351.276648;373.070079
25;2025-11-12;11;382.997718;406.759145
25;2025-11-12;12;392.771799;417.139616
25;2025-11-12;13;482.588545;512.528651
25;2025-11-12;14;416.438944;442.275087
25;2025-11-12;15;495.084974;525.800367
25;2025-11-12;16;604.035705;641.510472
25;2025-11-12;17;701.560777;745.086063
25;2025-11-12;18;772.5344;820.462936
25;2025-11-12;19;489.071091;519.413379
25;2025-11-12;20;347.757884;369.333009
25;2025-11-12;21;219.006175;232.593461
25;2025-11-12;22;126.995444;134.874324
25;2025-11-12;23;5.812214;6.172807
25;2025-11-13;0;0.0;0.0
25;2025-11-13;1;0.0;0.0
25;2025-11-13;2;0.0;0.0
25;2025-11-13;3;0.0;0.0
25;2025-11-13;4;0.0;0.0
25;2025-11-13;5;5.345205;5.5603
25;2025-11-13;6;153.561164;159.74056
25;2025-11-13;7;517.398669;538.219113
25;2025-11-13;8;884.404904;919.993907
25;2025-11-13;9;467.83869;486.66481
25;2025-11-13;10;370.480207;385.388561
25;2025-11-13;11;392.351353;408.139815
25;2025-11-13;12;389.723941;405.406674
25;2025-11-13;13;466.353945;485.120318
25;2025-11-13;14;452.919954;471.145734
25;2025-11-13;15;502.665642;522.89322
25;2025-11-13;16;620.397132;645.362298
25;2025-11-13;17;718.040438;746.934831
25;2025-11-13;18;769.471034;800.435027
25;2025-11-13;19;512.025963;532.630206
25;2025-11-13;20;341.94717;355.707336
25;2025-11-13;21;226.12337;235.222716
25;2025-11-13;22;136.850272;142.357212
25;2025-11-13;23;7.241703;7.533114
25;2025-11-14;0;0.0;0.0
25;2025-11-14;1;0.0;0.0
25;2025-11-14;2;0.0;0.0
25;2025-11-14;3;0.0;0.0
25;2025-11-14;4;0.0;0.0
25;2025-11-14;5;3.064433;3.209341
25;2025-11-14;6;163.768938;171.513121
25;2025-11-14;7;527.184893;552.114015
25;2025-11-14;8;829.286672;868.501355
25;2025-11-14;9;450.702129;472.014592
25;2025-11-14;10;352.956123;369.646447
25;2025-11-14;11;406.301458;425.514335
25;2025-11-14;12;412.092116;431.578818
25;2025-11-14;13;493.824623;517.17623
25;2025-11-14;14;486.965464;509.992719
25;2025-11-14;15;583.205658;610.783847
25;2025-11-14;16;690.5665;723.221488
25;2025-11-14;17;723.439614;757.649082
25;2025-11-14;18;635.165374;665.200596
25;2025-11-14;19;458.095034;479.757087
25;2025-11-14;20;327.913409;343.419531
25;2025-11-14;21;229.877561;240.747838
25;2025-11-14;22;144.637313;151.476813
25;2025-11-14;23;8.242912;8.632696
25;2025-11-15;0;0.0;0.0
25;2025-11-15;1;0.0;0.0
25;2025-11-15;2;0.0;0.0
25;2025-11-15;3;0.0;0.0
25;2025-11-15;4;0.0;0.0
25;2025-11-15;5;1.061157;1.088475
25;2025-11-15;6;51.01345;52.326694
25;2025-11-15;7;127.541341;130.824652
25;2025-11-15;8;272.8485;279.872469
25;2025-11-15;9;267.673492;274.564241
25;2025-11-15;10;262.515989;269.273967
25;2025-11-15;11;335.58745;344.226514
25;2025-11-15;12;355.637257;364.792466
25;2025-11-15;13;458.634751;470.441436
25;2025-11-15;14;492.736984;505.421567
25;2025-11-15;15;565.306286;579.859028
25;2025-11-15;16;508.05578;521.134716
25;2025-11-15;17;452.631513;464.283656
25;2025-11-15;18;455.886904;467.622851
25;2025-11-15;19;389.048393;399.063709
25;2025-11-15;20;245.143883;251.454649
25;2025-11-15;21;218.83201;224.465426
25;2025-11-15;22;142.928684;146.608113
25;2025-11-15;23;52.40375;53.752785
25;2025-11-16;0;18.742849;19.646208
25;2025-11-16;1;0.0;0.0
25;2025-11-16;2;0.0;0.0
25;2025-11-16;3;0.0;0.0
25;2025-11-16;4;0.0;0.0
25;2025-11-16;5;2.104119;2.205533
25;2025-11-16;6;48.629658;50.973487
25;2025-11-16;7;106.540592;111.675585
25;2025-11-16;8;200.051197;209.693171
25;2025-11-16;9;219.171389;229.734909
25;2025-11-16;10;223.473199;234.244055
25;2025-11-16;11;284.580258;298.296324
25;2025-11-16;12;356.877352;374.077959
25;2025-11-16;13;435.400881;456.386128
25;2025-11-16;14;458.073115;480.151108
25;2025-11-16;15;564.242634;591.437736
25;2025-11-16;16;485.600582;509.00533
25;2025-11-16;17;452.505915;474.315583
25;2025-11-16;18;429.905186;450.625554
25;2025-11-16;19;347.179708;363.912913
25;2025-11-16;20;241.973736;253.636272
25;2025-11-16;21;210.13174;220.259571
25;2025-11-16;22;122.513908;128.418776
25;2025-11-16;23;41.55009;43.552701
25;2025-11-17;0;11.115399;11.569594
25;2025-11-17;1;0.0;0.0
25;2025-11-17;2;0.0;0.0
25;2025-11-17;3;0.0;0.0
25;2025-11-17;4;0.0;0.0
25;2025-11-17;5;4.346859;4.524479
25;2025-11-17;6;158.702985;165.187867
25;2025-11-17;7;513.548785;534.533287
25;2025-11-17;8;852.063131;886.879923
25;2025-11-17;9;448.968292;467.313923
25;2025-11-17;10;332.446618;346.030969
25;2025-11-17;11;346.505988;360.66483
25;2025-11-17;12;374.234235;389.526101
25;2025-11-17;13;463.134311;482.05879
25;2025-11-17;14;382.521578;398.15208
25;2025-11-17;15;468.54867;487.694389
25;2025-11-17;16;604.639071;629.345682
25;2025-11-17;17;661.276057;688.296954
25;2025-11-17;18;750.339487;780.999672
25;2025-11-17;19;473.852385;493.214824
25;2025-11-17;20;315.855829;328.762251
25;2025-11-17;21;209.92068;218.498407
25;2025-11-17;22;108.536388;112.971375
25;2025-11-17;23;7.039878;7.32754
25;2025-11-18;0;0.0;0.0
25;2025-11-18;1;0.0;0.0
25;2025-11-18;2;0.0;0.0
25;2025-11-18;3;0.0;0.0
25;2025-11-18;4;0.0;0.0
25;2025-11-18;5;3.985964;4.149515
25;2025-11-18;6;154.613046;160.957078
25;2025-11-18;7;511.864695;532.867358
25;2025-11-18;8;819.048357;852.655278
25;2025-11-18;9;463.755803;482.784478
25;2025-11-18;10;340.762057;354.744093
25;2025-11-18;11;391.430663;407.491716
25;2025-11-18;12;367.984204;383.08321
25;2025-11-18;13;428.510022;446.092503
25;2025-11-18;14;405.19704;421.822951
25;2025-11-18;15;479.493172;499.167577
25;2025-11-18;16;591.132443;615.387594
25;2025-11-18;17;640.004194;666.264634
25;2025-11-18;18;712.920992;742.17333
25;2025-11-18;19;502.608315;523.231173
25;2025-11-18;20;319.326762;332.429272
25;2025-11-18;21;201.216532;209.472782
25;2025-11-18;22;114.499668;119.197781
25;2025-11-18;23;7.142094;7.435146
25;2025-11-19;0;0.0;0.0
25;2025-11-19;1;0.0;0.0
25;2025-11-19;2;0.0;0.0
25;2025-11-19;3;0.0;0.0
25;2025-11-19;4;0.0;0.0
25;2025-11-19;5;4.086832;4.220076
25;2025-11-19;6;163.745425;169.084062
25;2025-11-19;7;519.720298;536.664883
25;2025-11-19;8;850.163584;877.881702
25;2025-11-19;9;456.816182;471.709886
25;2025-11-19;10;361.690533;373.482829
25;2025-11-19;11;394.352;407.209168
25;2025-11-19;12;404.415841;417.601123
25;2025-11-19;13;496.895279;513.095693
25;2025-11-19;14;428.784619;442.764403
25;2025-11-19;15;509.762175;526.382092
25;2025-11-19;16;621.94284;642.220214
25;2025-11-19;17;722.359123;745.910397
25;2025-11-19;18;795.436818;821.370664
25;2025-11-19;19;503.570006;519.988038
25;2025-11-19;20;358.067452;369.741624
25;2025-11-19;21;225.498794;232.850793
25;2025-11-19;22;130.760328;135.023543
25;2025-11-19;23;5.984522;6.179637
25;2025-11-20;0;0.0;0.0
25;2025-11-20;1;0.0;0.0
25;2025-11-20;2;0.0;0.0
25;2025-11-20;3;0.0;0.0
25;2025-11-20;4;0.0;0.0
25;2025-11-20;5;5.398444;5.525476
25;2025-11-20;6;155.090656;158.740108
25;2025-11-20;7;522.552039;534.848257
25;2025-11-20;8;893.213712;914.232002
25;2025-11-20;9;472.498435;483.616837
25;2025-11-20;10;374.170246;382.974879
25;2025-11-20;11;396.259232;405.583643
25;2025-11-20;12;393.605651;402.86762
25;2025-11-20;13;470.998901;482.082018
25;2025-11-20;14;457.431106;468.194957
25;2025-11-20;15;507.672269;519.618349
25;2025-11-20;16;626.576382;641.320406
25;2025-11-20;17;725.19223;742.256792
25;2025-11-20;18;777.135083;795.421917
25;2025-11-20;19;517.12582;529.294353
25;2025-11-20;20;345.353016;353.479548
25;2025-11-20;21;228.375594;233.74952
25;2025-11-20;22;138.213322;141.465632
25;2025-11-20;23;7.313832;7.485934
25;2025-11-21;0;0.0;0.0
25;2025-11-21;1;0.0;0.0
25;2025-11-21;2;0.0;0.0
25;2025-11-21;3;0.0;0.0
25;2025-11-21;4;0.0;0.0
25;2025-11-21;5;3.084638;3.169153
25;2025-11-21;6;164.848766;169.365379
25;2025-11-21;7;530.660941;545.200268
25;2025-11-21;8;834.754659;857.625704
25;2025-11-21;9;453.67388;466.103875
25;2025-11-21;10;355.283376;365.017616
25;2025-11-21;11;408.980448;420.185909
25;2025-11-21;12;414.809288;426.17445
25;2025-11-21;13;497.080707;510.699984
25;2025-11-21;14;490.17632;503.606428
25;2025-11-21;15;587.051084;603.135417
25;2025-11-21;16;695.119821;714.165078
25;2025-11-21;17;728.209688;748.161558
25;2025-11-21;18;639.353403;656.870742
25;2025-11-21;19;461.115531;473.749416
25;2025-11-21;20;330.07554;339.119123
25;2025-11-21;21;231.393282;237.733117
25;2025-11-21;22;145.590994;149.579972
25;2025-11-21;23;8.297262;8.524595
25;2025-11-22;0;0.0;0.0
25;2025-11-22;1;0.0;0.0
25;2025-11-22;2;0.0;0.0
25;2025-11-22;3;0.0;0.0
25;2025-11-22;4;0.0;0.0
25;2025-11-22;5;1.106762;1.167705
25;2025-11-22;6;53.205814;56.135567
25;2025-11-22;7;133.022584;140.347411
25;2025-11-22;8;284.574493;300.244456
25;2025-11-22;9;279.177083;294.54984
25;2025-11-22;10;273.79793;288.874486
25;2025-11-22;11;350.009725;369.282848
25;2025-11-22;12;370.921196;391.3458
25;2025-11-22;13;478.345132;504.684985
25;2025-11-22;14;513.91295;542.211328
25;2025-11-22;15;589.601005;622.06711
25;2025-11-22;16;529.890089;559.068241
25;2025-11-22;17;472.083897;498.078978
25;2025-11-22;18;475.479192;501.661233
25;2025-11-22;19;405.768216;428.111655
25;2025-11-22;20;255.679237;269.758096
25;2025-11-22;21;228.236579;240.80432
25;2025-11-22;22;149.071216;157.279754
25;2025-11-22;23;54.655864;57.665464
25;2025-11-23;0;18.774566;19.85863
25;2025-11-23;1;0.0;0.0
25;2025-11-23;2;0.0;0.0
25;2025-11-23;3;0.0;0.0
25;2025-11-23;4;0.0;0.0
25;2025-11-23;5;2.10768;2.22938
25;2025-11-23;6;48.711951;51.524632
25;2025-11-23;7;106.720883;112.883064
25;2025-11-23;8;200.38973;211.960453
25;2025-11-23;9;219.542278;232.21889
25;2025-11-23;10;223.851367;236.77679
25;2025-11-23;11;285.061834;301.521616
25;2025-11-23;12;357.481271;378.122631
25;2025-11-23;13;436.13768;461.320747
25;2025-11-23;14;458.848281;485.342684
25;2025-11-23;15;565.197463;597.832584
25;2025-11-23;16;486.42233;514.508889
25;2025-11-23;17;453.27166;479.444063
25;2025-11-23;18;430.632685;455.497888
25;2025-11-23;19;347.767216;367.847677
25;2025-11-23;20;242.383211;256.378684
25;2025-11-23;21;210.487331;222.6411
25;2025-11-23;22;122.72123;129.807288
25;2025-11-23;23;41.620402;44.02361
25;2025-11-24;0;10.751987;11.256388
25;2025-11-24;1;0.0;0.0
25;2025-11-24;2;0.0;0.0
25;2025-11-24;3;0.0;0.0
25;2025-11-24;4;0.0;0.0
25;2025-11-24;5;4.204741;4.401995
25;2025-11-24;6;153.514279;160.715991
25;2025-11-24;7;496.75859;520.062691
25;2025-11-24;8;824.205397;862.87079
25;2025-11-24;9;434.289521;454.663053
25;2025-11-24;10;321.577459;336.663406
25;2025-11-24;11;335.177166;350.901107
25;2025-11-24;12;361.998853;378.981062
25;2025-11-24;13;447.99239;469.008755
25;2025-11-24;14;370.015246;387.373522
25;2025-11-24;15;453.22973;474.491791
25;2025-11-24;16;584.87073;612.308377
25;2025-11-24;17;639.656001;669.663752
25;2025-11-24;18;725.807551;759.856872
25;2025-11-24;19;458.360043;479.862779
25;2025-11-24;20;305.529097;319.862177
25;2025-11-24;21;203.05744;212.583336
25;2025-11-24;22;104.987851;109.913075
25;2025-11-24;23;6.809713;7.129173
25;2025-11-25;0;0.0;0.0
25;2025-11-25;1;0.0;0.0
25;2025-11-25;2;0.0;0.0
25;2025-11-25;3;0.0;0.0
25;2025-11-25;4;0.0;0.0
25;2025-11-25;5;4.308775;4.40857
25;2025-11-25;6;167.134684;171.005658
25;2025-11-25;7;553.31905;566.134366
25;2025-11-25;8;885.380575;905.886704
25;2025-11-25;9;501.313966;512.924802
25;2025-11-25;10;368.359333;376.890833
25;2025-11-25;11;423.131434;432.9315
25;2025-11-25;12;397.786118;406.999166
25;2025-11-25;13;463.213736;473.942141
25;2025-11-25;14;438.012708;448.157436
25;2025-11-25;15;518.325856;530.330702
25;2025-11-25;16;639.00645;653.806355
25;2025-11-25;17;691.836174;707.859658
25;2025-11-25;18;770.658281;788.507349
25;2025-11-25;19;543.313024;555.896592
25;2025-11-25;20;345.188058;353.182893
25;2025-11-25;21;217.512443;222.550207
25;2025-11-25;22;123.772646;126.63932
25;2025-11-25;23;7.72051;7.899323
25;2025-11-26;0;0.0;0.0
25;2025-11-26;1;0.0;0.0
25;2025-11-26;2;0.0;0.0
25;2025-11-26;3;0.0;0.0
25;2025-11-26;4;0.0;0.0
25;2025-11-26;5;3.839053;4.033629
25;2025-11-26;6;153.817757;161.613767
25;2025-11-26;7;488.210345;512.954517
25;2025-11-26;8;798.619292;839.096052
25;2025-11-26;9;429.120022;450.869294
25;2025-11-26;10;339.761715;356.982002
25;2025-11-26;11;370.442961;389.218279
25;2025-11-26;12;379.896645;399.151107
25;2025-11-26;13;466.769176;490.426636
25;2025-11-26;14;402.787976;423.202649
25;2025-11-26;15;478.85597;503.126029
25;2025-11-26;16;584.23527;613.846313
25;2025-11-26;17;678.563446;712.955365
25;2025-11-26;18;747.210537;785.081725
25;2025-11-26;19;473.039223;497.014471
25;2025-11-26;20;336.358297;353.406087
25;2025-11-26;21;211.8271;222.563223
25;2025-11-26;22;122.832503;129.058074
25;2025-11-26;23;5.621688;5.906614
25;2025-11-27;0;0.0;0.0
25;2025-11-27;1;0.0;0.0
25;2025-11-27;2;0.0;0.0
25;2025-11-27;3;0.0;0.0
25;2025-11-27;4;0.0;0.0
25;2025-11-27;5;5.093144;5.398256
25;2025-11-27;6;146.319748;155.085255
25;2025-11-27;7;492.99993;522.533841
25;2025-11-27;8;842.699414;893.182605
25;2025-11-27;9;445.777028;472.481979
25;2025-11-27;10;353.009636;374.157215
25;2025-11-27;11;373.849414;396.245432
25;2025-11-27;12;371.345902;393.591943
25;2025-11-27;13;444.362299;470.982498
25;2025-11-27;14;431.561808;457.415175
25;2025-11-27;15;478.961661;507.654588
25;2025-11-27;16;591.14134;626.554561
25;2025-11-27;17;684.180123;725.166974
25;2025-11-27;18;733.18543;777.108019
25;2025-11-27;19;487.880582;517.10781
25;2025-11-27;20;325.822119;345.340988
25;2025-11-27;21;215.460171;228.36764
25;2025-11-27;22;130.396885;138.208508
25;2025-11-27;23;6.90021;7.313577
25;2025-11-28;0;0.0;0.0
25;2025-11-28;1;0.0;0.0
25;2025-11-28;2;0.0;0.0
25;2025-11-28;3;0.0;0.0
25;2025-11-28;4;0.0;0.0
25;2025-11-28;5;2.972456;3.15973
25;2025-11-28;6;158.85355;168.861813
25;2025-11-28;7;511.361878;543.579251
25;2025-11-28;8;804.396322;855.075769
25;2025-11-28;9;437.17468;464.718032
25;2025-11-28;10;342.362439;363.932328
25;2025-11-28;11;394.106658;418.936591
25;2025-11-28;12;399.723514;424.907328
25;2025-11-28;13;479.002888;509.181546
25;2025-11-28;14;472.3496;502.109081
25;2025-11-28;15;565.701225;601.342145
25;2025-11-28;16;669.839721;712.041687
25;2025-11-28;17;701.726176;745.937088
25;2025-11-28;18;616.101414;654.917701
25;2025-11-28;19;444.345693;472.340841
25;2025-11-28;20;318.071361;338.110837
25;2025-11-28;21;222.977977;237.026277
25;2025-11-28;22;140.296144;149.135233
25;2025-11-28;23;7.995507;8.499249
25;2025-11-29;0;0.0;0.0
25;2025-11-29;1;0.0;0.0
25;2025-11-29;2;0.0;0.0
25;2025-11-29;3;0.0;0.0
25;2025-11-29;4;0.0;0.0
25;2025-11-29;5;1.171638;1.241425
25;2025-11-29;6;56.324633;59.679523
25;2025-11-29;7;140.820102;149.207837
25;2025-11-29;8;301.255682;319.199517
25;2025-11-29;9;295.541886;313.145388
25;2025-11-29;10;289.847417;307.111737
25;2025-11-29;11;370.526596;392.596447
25;2025-11-29;12;392.663856;416.05228
25;2025-11-29;13;506.384768;536.546805
25;2025-11-29;14;544.0375;576.442265
25;2025-11-29;15;624.162238;661.33951
25;2025-11-29;16;560.951188;594.36339
25;2025-11-29;17;499.756513;529.523747
25;2025-11-29;18;503.350833;533.332158
25;2025-11-29;19;429.553539;455.13924
25;2025-11-29;20;270.666643;286.788489
25;2025-11-29;21;241.615351;256.006801
25;2025-11-29;22;157.809473;167.209154
25;2025-11-29;23;57.859682;61.306005
25;2025-11-30;0;18.766951;19.919185
25;2025-11-30;1;0.0;0.0
25;2025-11-30;2;0.0;0.0
25;2025-11-30;3;0.0;0.0
25;2025-11-30;4;0.0;0.0
25;2025-11-30;5;2.106825;2.236178
25;2025-11-30;6;48.692194;51.681746
25;2025-11-30;7;106.6776;113.227277
25;2025-11-30;8;200.308457;212.606782
25;2025-11-30;9;219.453237;232.926993
25;2025-11-30;10;223.760578;237.498792
25;2025-11-30;11;284.946219;302.441044
25;2025-11-30;12;357.336285;379.275637
25;2025-11-30;13;435.960793;462.727449
25;2025-11-30;14;458.662183;486.822635
25;2025-11-30;15;564.968232;599.65555
25;2025-11-30;16;486.225049;516.077776
25;2025-11-30;17;453.087824;480.906027
25;2025-11-30;18;430.45803;456.886834
25;2025-11-30;19;347.62617;368.969351
25;2025-11-30;20;242.284906;257.160457
25;2025-11-30;21;210.401962;223.319998
25;2025-11-30;22;122.671457;130.203109
25;2025-11-30;23;41.603522;44.15785
25;2025-12-01;0;11.861213;12.160436
25;2025-12-01;1;0.0;0.0
25;2025-12-01;2;0.0;0.0
25;2025-12-01;3;0.0;0.0
25;2025-12-01;4;0.0;0.0
25;2025-12-01;5;4.638521;4.755537
25;2025-12-01;6;169.351535;173.623767
25;2025-12-01;7;548.006547;561.831113
25;2025-12-01;8;909.23431;932.17157
25;2025-12-01;9;479.092875;491.178954
25;2025-12-01;10;354.752905;363.702259
25;2025-12-01;11;369.755622;379.08345
25;2025-12-01;12;399.344361;409.418624
25;2025-12-01;13;494.209396;506.67682
25;2025-12-01;14;408.187763;418.485119
25;2025-12-01;15;499.987044;512.600221
25;2025-12-01;16;645.208751;661.485437
25;2025-12-01;17;705.645928;723.447263
25;2025-12-01;18;800.685278;820.884172
25;2025-12-01;19;505.646625;518.402576
25;2025-12-01;20;337.048918;345.551654
25;2025-12-01;21;224.005802;229.656798
25;2025-12-01;22;115.818892;118.740656
25;2025-12-01;23;7.512235;7.701746
25;2025-12-02;0;0.0;0.0
25;2025-12-02;1;0.0;0.0
25;2025-12-02;2;0.0;0.0
25;2025-12-02;3;0.0;0.0
25;2025-12-02;4;0.0;0.0
25;2025-12-02;5;4.379312;4.462215
25;2025-12-02;6;169.870782;173.08651
25;2025-12-02;7;562.377227;573.02327
25;2025-12-02;8;899.874806;916.909824
25;2025-12-02;9;509.520787;519.166236
25;2025-12-02;10;374.389605;381.476961
25;2025-12-02;11;430.058359;438.199549
25;2025-12-02;12;404.298124;411.951662
25;2025-12-02;13;470.796834;479.709221
25;2025-12-02;14;445.183248;453.610759
25;2025-12-02;15;526.811173;536.783936
25;2025-12-02;16;649.467383;661.762081
25;2025-12-02;17;703.161962;716.473122
25;2025-12-02;18;783.274436;798.102159
25;2025-12-02;19;552.207396;562.66092
25;2025-12-02;20;350.839002;357.480535
25;2025-12-02;21;221.073257;225.258269
25;2025-12-02;22;125.798881;128.180308
25;2025-12-02;23;7.8469;7.995445
25;2025-12-03;0;0.0;0.0
25;2025-12-03;1;0.0;0.0
25;2025-12-03;2;0.0;0.0
25;2025-12-03;3;0.0;0.0
25;2025-12-03;4;0.0;0.0
25;2025-12-03;5;4.166672;4.262094
25;2025-12-03;6;166.944326;170.767582
25;2025-12-03;7;529.87346;542.008295
25;2025-12-03;8;866.772226;886.622508
25;2025-12-03;9;465.74046;476.406561
25;2025-12-03;10;368.756454;377.201486
25;2025-12-03;11;402.05599;411.263628
25;2025-12-03;12;412.316436;421.759052
25;2025-12-03;13;506.602535;518.204433
25;2025-12-03;14;437.161278;447.172876
25;2025-12-03;15;519.720797;531.623121
25;2025-12-03;16;634.093003;648.614609
25;2025-12-03;17;736.471;753.337204
25;2025-12-03;18;810.976328;829.548807
25;2025-12-03;19;513.407658;525.165403
25;2025-12-03;20;365.062593;373.423031
25;2025-12-03;21;229.904097;235.169219
25;2025-12-03;22;133.314838;136.367932
25;2025-12-03;23;6.101434;6.241166
25;2025-12-04;0;0.0;0.0
25;2025-12-04;1;0.0;0.0
25;2025-12-04;2;0.0;0.0
25;2025-12-04;3;0.0;0.0
25;2025-12-04;4;0.0;0.0
25;2025-12-04;5;5.520074;5.657624
25;2025-12-04;6;158.584926;162.536558
25;2025-12-04;7;534.325396;547.639759
25;2025-12-04;8;913.33826;936.096896
25;2025-12-04;9;483.144059;495.183081
25;2025-12-04;10;382.600487;392.134157
25;2025-12-04;11;405.187149;415.283636
25;2025-12-04;12;402.473781;412.502655
25;2025-12-04;13;481.61074;493.611555
25;2025-12-04;14;467.737255;479.39237
25;2025-12-04;15;519.110377;532.045611
25;2025-12-04;16;640.693459;656.65831
25;2025-12-04;17;741.53117;760.008704
25;2025-12-04;18;794.644322;814.445334
25;2025-12-04;19;528.776921;541.953027
25;2025-12-04;20;353.13399;361.933412
25;2025-12-04;21;233.521009;239.339905
25;2025-12-04;22;141.327337;144.848943
25;2025-12-04;23;7.478616;7.664969
25;2025-12-05;0;0.0;0.0
25;2025-12-05;1;0.0;0.0
25;2025-12-05;2;0.0;0.0
25;2025-12-05;3;0.0;0.0
25;2025-12-05;4;0.0;0.0
25;2025-12-05;5;3.177951;3.274942
25;2025-12-05;6;169.835559;175.018956
25;2025-12-05;7;546.713814;563.399571
25;2025-12-05;8;860.006584;886.254065
25;2025-12-05;9;467.397839;481.662865
25;2025-12-05;10;366.030952;377.202251
25;2025-12-05;11;421.352399;434.212114
25;2025-12-05;12;427.357566;440.400558
25;2025-12-05;13;512.117753;527.747635
25;2025-12-05;14;505.004505;520.417289
25;2025-12-05;15;604.809799;623.26865
25;2025-12-05;16;716.147693;738.004587
25;2025-12-05;17;750.238552;773.135902
25;2025-12-05;18;658.6943;678.797711
25;2025-12-05;19;475.064606;489.563621
25;2025-12-05;20;340.060561;350.439241
25;2025-12-05;21;238.393095;245.668874
25;2025-12-05;22;149.995225;154.573093
25;2025-12-05;23;8.54826;8.809154
25;2025-12-06;0;0.0;0.0
25;2025-12-06;1;0.0;0.0
25;2025-12-06;2;0.0;0.0
25;2025-12-06;3;0.0;0.0
25;2025-12-06;4;0.0;0.0
25;2025-12-06;5;1.192272;1.280119
25;2025-12-06;6;57.316601;61.539707
25;2025-12-06;7;143.300173;153.858578
25;2025-12-06;8;306.561283;329.148821
25;2025-12-06;9;300.746858;322.905988
25;2025-12-06;10;294.952101;316.684271
25;2025-12-06;11;377.05217;404.833501
25;2025-12-06;12;399.579304;429.020441
25;2025-12-06;13;515.303025;553.270726
25;2025-12-06;14;553.618883;594.409709
25;2025-12-06;15;635.154748;681.953163
25;2025-12-06;16;570.830448;612.889428
25;2025-12-06;17;508.558035;546.028763
25;2025-12-06;18;512.215658;549.95588
25;2025-12-06;19;437.118673;469.325724
25;2025-12-06;20;275.433522;295.727557
25;2025-12-06;21;245.870589;263.986417
25;2025-12-06;22;160.588754;172.420988
25;2025-12-06;23;58.878685;63.216886
25;2025-12-07;0;19.248719;20.63735
25;2025-12-07;1;0.0;0.0
25;2025-12-07;2;0.0;0.0
25;2025-12-07;3;0.0;0.0
25;2025-12-07;4;0.0;0.0
25;2025-12-07;5;2.16091;2.316801
25;2025-12-07;6;49.942174;53.545076
25;2025-12-07;7;109.416125;117.309567
25;2025-12-07;8;205.450585;220.272095
25;2025-12-07;9;225.086831;241.324929
25;2025-12-07;10;229.504747;246.06156
25;2025-12-07;11;292.261087;313.345236
25;2025-12-07;12;366.509482;392.950019
25;2025-12-07;13;447.152363;479.410598
25;2025-12-07;14;470.436522;504.374511
25;2025-12-07;15;579.471559;621.275497
25;2025-12-07;16;498.706955;534.684415
25;2025-12-07;17;464.719063;498.244586
25;2025-12-07;18;441.508339;473.359406
25;2025-12-07;19;356.550098;382.272151
25;2025-12-07;20;248.504614;266.432105
25;2025-12-07;21;215.803201;231.371564
25;2025-12-07;22;125.820562;134.897444
25;2025-12-07;23;42.671528;45.749915
25;2025-12-08;0;11.902448;12.156874
25;2025-12-08;1;0.0;0.0
25;2025-12-08;2;0.0;0.0
25;2025-12-08;3;0.0;0.0
25;2025-12-08;4;0.0;0.0
25;2025-12-08;5;4.654647;4.754144
25;2025-12-08;6;169.940276;173.572905
25;2025-12-08;7;549.911662;561.666527
25;2025-12-08;8;912.395213;931.898496
25;2025-12-08;9;480.758415;491.035066
25;2025-12-08;10;355.986184;363.595715
25;2025-12-08;11;371.041057;378.972399
25;2025-12-08;12;400.73266;409.298687
25;2025-12-08;13;495.927488;506.528392
25;2025-12-08;14;409.606805;418.362526
25;2025-12-08;15;501.725222;512.450058
25;2025-12-08;16;647.451784;661.291658
25;2025-12-08;17;708.099068;723.235334
25;2025-12-08;18;803.468817;820.643698
25;2025-12-08;19;507.404478;518.250713
25;2025-12-08;20;338.22065;345.450426
25;2025-12-08;21;224.784546;229.589521
25;2025-12-08;22;116.22153;118.705872
25;2025-12-08;23;7.538351;7.69949
25;2025-12-09;0;0.0;0.0
25;2025-12-09;1;0.0;0.0
25;2025-12-09;2;0.0;0.0
25;2025-12-09;3;0.0;0.0
25;2025-12-09;4;0.0;0.0
25;2025-12-09;5;4.397312;4.479499
25;2025-12-09;6;170.568967;173.756937
25;2025-12-09;7;564.68865;575.2428
25;2025-12-09;8;903.573377;920.461353
25;2025-12-09;9;511.614966;521.177157
25;2025-12-09;10;375.928381;382.954562
25;2025-12-09;11;431.825939;439.896857
25;2025-12-09;12;405.959828;413.547302
25;2025-12-09;13;472.731853;481.567311
25;2025-12-09;14;447.012993;455.36776
25;2025-12-09;15;528.976417;538.863097
25;2025-12-09;16;652.136755;664.325329
25;2025-12-09;17;706.052024;719.248285
25;2025-12-09;18;786.493768;801.193502
25;2025-12-09;19;554.477021;564.840313
25;2025-12-09;20;352.280983;358.865189
25;2025-12-09;21;221.981889;226.130777
25;2025-12-09;22;126.315926;128.676798
25;2025-12-09;23;7.879151;8.026414
25;2025-12-10;0;0.0;0.0
25;2025-12-10;1;0.0;0.0
25;2025-12-10;2;0.0;0.0
25;2025-12-10;3;0.0;0.0
25;2025-12-10;4;0.0;0.0
25;2025-12-10;5;4.130217;4.232313
25;2025-12-10;6;165.483703;169.574328
25;2025-12-10;7;525.237512;538.220964
25;2025-12-10;8;859.188696;880.427155
25;2025-12-10;9;461.665622;473.077628
25;2025-12-10;10;365.530144;374.565758
25;2025-12-10;11;398.538337;408.389887
25;2025-12-10;12;408.709013;418.811974
25;2025-12-10;13;502.170188;514.583435
25;2025-12-10;14;433.336483;444.048216
25;2025-12-10;15;515.173675;527.908358
25;2025-12-10;16;628.545221;644.082358
25;2025-12-10;17;730.027496;748.073194
25;2025-12-10;18;803.880965;823.752262
25;2025-12-10;19;508.915772;521.495764
25;2025-12-10;20;361.868602;370.813705
25;2025-12-10;21;227.892629;233.525953
25;2025-12-10;22;132.148445;135.415049
25;2025-12-10;23;6.048052;6.197555
25;2025-12-11;0;0.0;0.0
25;2025-12-11;1;0.0;0.0
25;2025-12-11;2;0.0;0.0
25;2025-12-11;3;0.0;0.0
25;2025-12-11;4;0.0;0.0
25;2025-12-11;5;5.273178;5.562838
25;2025-12-11;6;151.491909;159.813487
25;2025-12-11;7;510.42666;538.464828
25;2025-12-11;8;872.487441;920.413915
25;2025-12-11;9;461.534507;486.886988
25;2025-12-11;10;365.487941;385.564503
25;2025-12-11;11;387.064371;408.326145
25;2025-12-11;12;384.472363;405.591756
25;2025-12-11;13;460.069769;485.341791
25;2025-12-11;14;446.816803;471.360828
25;2025-12-11;15;495.892162;523.131938
25;2025-12-11;16;612.037205;645.656927
25;2025-12-11;17;708.364756;747.275832
25;2025-12-11;18;759.102319;800.800452
25;2025-12-11;19;505.126351;532.873369
25;2025-12-11;20;337.33939;355.869728
25;2025-12-11;21;223.076331;235.330102
25;2025-12-11;22;135.006198;142.422203
25;2025-12-11;23;7.144121;7.536553
25;2025-12-12;0;0.0;0.0
25;2025-12-12;1;0.0;0.0
25;2025-12-12;2;0.0;0.0
25;2025-12-12;3;0.0;0.0
25;2025-12-12;4;0.0;0.0
25;2025-12-12;5;3.048677;3.213333
25;2025-12-12;6;162.926923;171.726437
25;2025-12-12;7;524.474379;552.800696
25;2025-12-12;8;825.022905;869.581536
25;2025-12-12;9;448.38485;472.601651
25;2025-12-12;10;351.141404;370.106187
25;2025-12-12;11;404.212464;426.04356
25;2025-12-12;12;409.97335;432.115585
25;2025-12-12;13;491.28563;517.819457
25;2025-12-12;14;484.461737;510.627012
25;2025-12-12;15;580.207114;611.543497
25;2025-12-12;16;687.015961;724.12098
25;2025-12-12;17;719.720059;758.591392
25;2025-12-12;18;631.89968;666.027926
25;2025-12-12;19;455.739745;480.353775
25;2025-12-12;20;326.227447;343.846653
25;2025-12-12;21;228.695649;241.047263
25;2025-12-12;22;143.893662;151.665209
25;2025-12-12;23;8.200531;8.643433
25;2025-12-13;0;0.0;0.0
25;2025-12-13;1;0.0;0.0
25;2025-12-13;2;0.0;0.0
25;2025-12-13;3;0.0;0.0
25;2025-12-13;4;0.0;0.0
25;2025-12-13;5;1.195203;1.241357
25;2025-12-13;6;57.457495;59.676291
25;2025-12-13;7;143.65243;149.199756
25;2025-12-13;8;307.314864;319.182229
25;2025-12-13;9;301.486147;313.128428
25;2025-12-13;10;295.677145;307.095103
25;2025-12-13;11;377.97903;392.575184
25;2025-12-13;12;400.56154;416.029746
25;2025-12-13;13;516.569731;536.517744
25;2025-12-13;14;554.979776;576.411043
25;2025-12-13;15;636.716069;661.303691
25;2025-12-13;16;572.233649;594.331198
25;2025-12-13;17;509.80816;529.495067
25;2025-12-13;18;513.474774;533.303272
25;2025-12-13;19;438.193188;455.114589
25;2025-12-13;20;276.110586;286.772956
25;2025-12-13;21;246.474982;255.992935
25;2025-12-13;22;160.98351;167.200098
25;2025-12-13;23;59.023419;61.302685
25;2025-12-14;0;19.258719;20.348741
25;2025-12-14;1;0.0;0.0
25;2025-12-14;2;0.0;0.0
25;2025-12-14;3;0.0;0.0
25;2025-12-14;4;0.0;0.0
25;2025-12-14;5;2.162032;2.284401
25;2025-12-14;6;49.96812;52.796262
25;2025-12-14;7;109.472971;115.669022
25;2025-12-14;8;205.557323;217.191644
25;2025-12-14;9;225.203771;237.95006
25;2025-12-14;10;229.623982;242.62045
25;2025-12-14;11;292.412926;308.96318
25;2025-12-14;12;366.699895;387.45471
25;2025-12-14;13;447.384673;472.706159
25;2025-12-14;14;470.680929;497.320957
25;2025-12-14;15;579.772613;612.587112
25;2025-12-14;16;498.966049;527.206985
25;2025-12-14;17;464.960499;491.276758
25;2025-12-14;18;441.737717;466.739591
25;2025-12-14;19;356.735337;376.92617
25;2025-12-14;20;248.63372;262.706118
25;2025-12-14;21;215.915318;228.13589
25;2025-12-14;22;125.88593;133.010937
25;2025-12-14;23;42.693697;45.110114
25;2025-12-15;0;11.895968;12.143043
25;2025-12-15;1;0.0;0.0
25;2025-12-15;2;0.0;0.0
25;2025-12-15;3;0.0;0.0
25;2025-12-15;4;0.0;0.0
25;2025-12-15;5;4.652113;4.748736
25;2025-12-15;6;169.847751;173.37544
25;2025-12-15;7;549.612259;561.027548
25;2025-12-15;8;911.898454;930.838323
25;2025-12-15;9;480.496663;490.476441
25;2025-12-15;10;355.792365;363.182071
25;2025-12-15;11;370.839041;378.541262
25;2025-12-15;12;400.514478;408.833049
25;2025-12-15;13;495.657477;505.952141
25;2025-12-15;14;409.383792;417.886576
25;2025-12-15;15;501.452055;511.86707
25;2025-12-15;16;647.099274;660.539341
25;2025-12-15;17;707.713539;722.412546
25;2025-12-15;18;803.031363;819.710094
25;2025-12-15;19;507.128218;517.661126
25;2025-12-15;20;338.036504;345.057425
25;2025-12-15;21;224.66216;229.328329
25;2025-12-15;22;116.158253;118.570826
25;2025-12-15;23;7.534247;7.690731
25;2025-12-16;0;0.0;0.0
25;2025-12-16;1;0.0;0.0
25;2025-12-16;2;0.0;0.0
25;2025-12-16;3;0.0;0.0
25;2025-12-16;4;0.0;0.0
25;2025-12-16;5;4.356424;4.416241
25;2025-12-16;6;168.982962;171.303235
25;2025-12-16;7;559.437994;567.119529
25;2025-12-16;8;895.171661;907.46309
25;2025-12-16;9;506.857806;513.817372
25;2025-12-16;10;372.432878;377.546682
25;2025-12-16;11;427.810683;433.684868
25;2025-12-16;12;402.185083;407.707408
25;2025-12-16;13;468.33624;474.766874
25;2025-12-16;14;442.856523;448.9373
25;2025-12-16;15;524.057824;531.25356
25;2025-12-16;16;646.072978;654.944081
25;2025-12-16;17;699.486926;709.091445
25;2025-12-16;18;779.180696;789.879476
25;2025-12-16;19;549.321315;556.86394
25;2025-12-16;20;349.005361;353.797486
25;2025-12-16;21;219.91783;222.937479
25;2025-12-16;22;125.1414;126.859693
25;2025-12-16;23;7.805888;7.913069
25;2025-12-17;0;0.0;0.0
25;2025-12-17;1;0.0;0.0
25;2025-12-17;2;0.0;0.0
25;2025-12-17;3;0.0;0.0
25;2025-12-17;4;0.0;0.0
25;2025-12-17;5;4.189513;4.309047
25;2025-12-17;6;167.859478;172.648825
25;2025-12-17;7;532.77811;547.979273
25;2025-12-17;8;871.523681;896.389892
25;2025-12-17;9;468.293548;481.654844
25;2025-12-17;10;370.777896;381.356887
25;2025-12-17;11;404.259973;415.794271
25;2025-12-17;12;414.576664;426.405317
25;2025-12-17;13;509.379619;523.913179
25;2025-12-17;14;439.5577;452.099109
25;2025-12-17;15;522.569792;537.479692
25;2025-12-17;16;637.568962;655.760005
25;2025-12-17;17;740.508173;761.636265
25;2025-12-17;18;815.421922;838.687445
25;2025-12-17;19;516.222046;530.950833
25;2025-12-17;20;367.063786;377.536807
25;2025-12-17;21;231.164381;237.759936
25;2025-12-17;22;134.045641;137.870215
25;2025-12-17;23;6.134881;6.309921
25;2025-12-18;0;0.0;0.0
25;2025-12-18;1;0.0;0.0
25;2025-12-18;2;0.0;0.0
25;2025-12-18;3;0.0;0.0
25;2025-12-18;4;0.0;0.0
25;2025-12-18;5;5.565023;5.691338
25;2025-12-18;6;159.876248;163.505135
25;2025-12-18;7;538.676291;550.903218
25;2025-12-18;8;920.775374;941.675223
25;2025-12-18;9;487.078195;498.133944
25;2025-12-18;10;385.71592;394.470937
25;2025-12-18;11;408.4865;417.758366
25;2025-12-18;12;405.751037;414.960814
25;2025-12-18;13;485.532391;496.553053
25;2025-12-18;14;471.545938;482.249133
25;2025-12-18;15;523.337379;535.216142
25;2025-12-18;16;645.910486;660.571425
25;2025-12-18;17;747.569297;764.537698
25;2025-12-18;18;801.114938;819.298722
25;2025-12-18;19;533.082636;545.182597
25;2025-12-18;20;356.009483;364.090221
25;2025-12-18;21;235.42252;240.766163
25;2025-12-18;22;142.478134;145.712117
25;2025-12-18;23;7.539513;7.710646
25;2025-12-19;0;0.0;0.0
25;2025-12-19;1;0.0;0.0
25;2025-12-19;2;0.0;0.0
25;2025-12-19;3;0.0;0.0
25;2025-12-19;4;0.0;0.0
25;2025-12-19;5;3.180402;3.258583
25;2025-12-19;6;169.966542;174.144677
25;2025-12-19;7;547.135461;560.585201
25;2025-12-19;8;860.669854;881.826929
25;2025-12-19;9;467.758314;479.256797
25;2025-12-19;10;366.313249;375.317999
25;2025-12-19;11;421.677362;432.043079
25;2025-12-19;12;427.68716;438.20061
25;2025-12-19;13;512.512718;525.111358
25;2025-12-19;14;505.393983;517.81763
25;2025-12-19;15;605.276251;620.155215
25;2025-12-19;16;716.700013;734.318006
25;2025-12-19;17;750.817164;769.273829
25;2025-12-19;18;659.20231;675.406889
25;2025-12-19;19;475.430993;487.118087
25;2025-12-19;20;340.322829;348.68868
25;2025-12-19;21;238.576952;244.441676
25;2025-12-19;22;150.110907;153.800949
25;2025-12-19;23;8.554853;8.765149
25;2025-12-20;0;0.0;0.0
25;2025-12-20;1;0.0;0.0
25;2025-12-20;2;0.0;0.0
25;2025-12-20;3;0.0;0.0
25;2025-12-20;4;0.0;0.0
25;2025-12-20;5;1.200543;1.267358
25;2025-12-20;6;57.714226;60.926236
25;2025-12-20;7;144.294297;152.324806
25;2025-12-20;8;308.688008;325.867632
25;2025-12-20;9;302.833247;319.687032
25;2025-12-20;10;296.998289;313.527337
25;2025-12-20;11;379.667916;400.797833
25;2025-12-20;12;402.351328;424.743661
25;2025-12-20;13;518.877867;547.75533
25;2025-12-20;14;557.459535;588.484211
25;2025-12-20;15;639.561043;675.15497
25;2025-12-20;16;574.790503;606.779711
25;2025-12-20;17;512.086084;540.58556
25;2025-12-20;18;515.769081;544.473529
25;2025-12-20;19;440.151122;464.647152
25;2025-12-20;20;277.344303;292.779534
25;2025-12-20;21;247.576282;261.354813
25;2025-12-20;22;161.702816;170.702173
25;2025-12-20;23;59.287147;62.586695
25;2025-12-21;0;19.219185;20.487532
25;2025-12-21;1;0.0;0.0
25;2025-12-21;2;0.0;0.0
25;2025-12-21;3;0.0;0.0
25;2025-12-21;4;0.0;0.0
25;2025-12-21;5;2.157594;2.299982
25;2025-12-21;6;49.865546;53.156364
25;2025-12-21;7;109.248244;116.457954
25;2025-12-21;8;205.135355;218.673021
25;2025-12-21;9;224.741473;239.573022
25;2025-12-21;10;229.152609;244.275266
25;2025-12-21;11;291.812661;311.070494
25;2025-12-21;12;365.947133;390.097383
25;2025-12-21;13;446.466281;475.930298
25;2025-12-21;14;469.714714;500.712984
25;2025-12-21;15;578.582455;616.765323
25;2025-12-21;16;497.941771;530.802852
25;2025-12-21;17;464.006028;494.62756
25;2025-12-21;18;440.830917;469.923035
25;2025-12-21;19;356.003031;379.497032
25;2025-12-21;20;248.123324;264.497931
25;2025-12-21;21;215.472087;229.691914
25;2025-12-21;22;125.627511;133.918151
25;2025-12-21;23;42.606055;45.417792
25;2025-12-22;0;11.700338;11.938808
25;2025-12-22;1;0.0;0.0
25;2025-12-22;2;0.0;0.0
25;2025-12-22;3;0.0;0.0
25;2025-12-22;4;0.0;0.0
25;2025-12-22;5;4.575609;4.668866
25;2025-12-22;6;167.054605;170.459416
25;2025-12-22;7;540.573884;551.591551
25;2025-12-22;8;896.902282;915.18243
25;2025-12-22;9;472.594894;482.227053
25;2025-12-22;10;349.941359;357.073663
25;2025-12-22;11;364.740593;372.174526
25;2025-12-22;12;393.928017;401.956832
25;2025-12-22;13;487.506389;497.442465
25;2025-12-22;14;402.651475;410.858087
25;2025-12-22;15;493.205674;503.25791
25;2025-12-22;16;636.457725;649.429642
25;2025-12-22;17;696.075188;710.262193
25;2025-12-22;18;789.82551;805.923281
25;2025-12-22;19;498.788494;508.954515
25;2025-12-22;20;332.477493;339.253859
25;2025-12-22;21;220.967591;225.471225
25;2025-12-22;22;114.24803;116.576568
25;2025-12-22;23;7.410346;7.561379
25;2025-12-23;0;0.0;0.0
25;2025-12-23;1;0.0;0.0
25;2025-12-23;2;0.0;0.0
25;2025-12-23;3;0.0;0.0
25;2025-12-23;4;0.0;0.0
25;2025-12-23;5;4.438456;4.524744
25;2025-12-23;6;172.164904;175.511991
25;2025-12-23;7;569.972186;581.053112
25;2025-12-23;8;912.027703;929.758588
25;2025-12-23;9;516.401915;526.441372
25;2025-12-23;10;379.445772;386.822642
25;2025-12-23;11;435.866338;444.34009
25;2025-12-23;12;409.758209;417.724388
25;2025-12-23;13;477.15499;486.431442
25;2025-12-23;14;451.195491;459.967259
25;2025-12-23;15;533.925809;544.305951
25;2025-12-23;16;658.238503;671.03543
25;2025-12-23;17;712.658233;726.513143
25;2025-12-23;18;793.852633;809.286057
25;2025-12-23;19;559.66501;570.545553
25;2025-12-23;20;355.577116;362.489952
25;2025-12-23;21;224.058873;228.41484
25;2025-12-23;22;127.497807;129.976514
25;2025-12-23;23;7.952873;8.107486
25;2025-12-24;0;0.0;0.0
25;2025-12-24;1;0.0;0.0
25;2025-12-24;2;0.0;0.0
25;2025-12-24;3;0.0;0.0
25;2025-12-24;4;0.0;0.0
25;2025-12-24;5;4.187419;4.285934
25;2025-12-24;6;167.775607;171.722752
25;2025-12-24;7;532.511907;545.039959
25;2025-12-24;8;871.088223;891.581734
25;2025-12-24;9;468.059564;479.071289
25;2025-12-24;10;370.592636;379.311321
25;2025-12-24;11;404.057984;413.563986
25;2025-12-24;12;414.369521;424.118115
25;2025-12-24;13;509.125107;521.102953
25;2025-12-24;14;439.338075;449.674088
25;2025-12-24;15;522.30869;534.596697
25;2025-12-24;16;637.2504;652.242564
25;2025-12-24;17;740.138177;757.550913
25;2025-12-24;18;815.014496;834.188797
25;2025-12-24;19;515.964116;528.102858
25;2025-12-24;20;366.880383;375.511732
25;2025-12-24;21;231.04888;236.484612
25;2025-12-24;22;133.978665;137.130691
25;2025-12-24;23;6.131816;6.276075
25;2025-12-25;0;0.0;0.0
25;2025-12-25;1;0.0;0.0
25;2025-12-25;2;0.0;0.0
25;2025-12-25;3;0.0;0.0
25;2025-12-25;4;0.0;0.0
25;2025-12-25;5;5.469485;5.594916
25;2025-12-25;6;157.131578;160.73504
25;2025-12-25;7;529.428583;541.569847
25;2025-12-25;8;904.967993;925.721416
25;2025-12-25;9;478.716296;489.694587
25;2025-12-25;10;379.094154;387.787834
25;2025-12-25;11;401.473821;410.680728
25;2025-12-25;12;398.78532;407.930572
25;2025-12-25;13;477.19703;488.14048
25;2025-12-25;14;463.450688;474.078896
25;2025-12-25;15;514.353002;526.148541
25;2025-12-25;16;634.821839;649.380062
25;2025-12-25;17;734.735426;751.584944
25;2025-12-25;18;787.361823;805.418211
25;2025-12-25;19;523.930957;535.946146
25;2025-12-25;20;349.897702;357.921826
25;2025-12-25;21;231.380911;236.687117
25;2025-12-25;22;140.032146;143.243471
25;2025-12-25;23;7.410079;7.580012
25;2025-12-26;0;0.0;0.0
25;2025-12-26;1;0.0;0.0
25;2025-12-26;2;0.0;0.0
25;2025-12-26;3;0.0;0.0
25;2025-12-26;4;0.0;0.0
25;2025-12-26;5;3.110049;3.133795
25;2025-12-26;6;166.206739;167.475801
25;2025-12-26;7;535.032361;539.117572
25;2025-12-26;8;841.631108;848.057337
25;2025-12-26;9;457.411104;460.903643
25;2025-12-26;10;358.21009;360.945184
25;2025-12-26;11;412.349502;415.497975
25;2025-12-26;12;418.226358;421.419703
25;2025-12-26;13;501.175503;505.002202
25;2025-12-26;14;494.21424;497.987787
25;2025-12-26;15;591.887028;596.40635
25;2025-12-26;16;700.846002;706.197274
25;2025-12-26;17;734.208453;739.814462
25;2025-12-26;18;644.620197;649.54216
25;2025-12-26;19;464.914057;468.463884
25;2025-12-26;20;332.7946;335.335635
25;2025-12-26;21;233.299428;235.080774
25;2025-12-26;22;146.790327;147.911137
25;2025-12-26;23;8.365612;8.429487
25;2025-12-27;0;0.0;0.0
25;2025-12-27;1;0.0;0.0
25;2025-12-27;2;0.0;0.0
25;2025-12-27;3;0.0;0.0
25;2025-12-27;4;0.0;0.0
25;2025-12-27;5;1.195225;1.244627
25;2025-12-27;6;57.458549;59.833495
25;2025-12-27;7;143.655065;149.59279
25;2025-12-27;8;307.320502;320.023046
25;2025-12-27;9;301.491677;313.953297
25;2025-12-27;10;295.682568;307.904079
25;2025-12-27;11;377.985964;393.609339
25;2025-12-27;12;400.568887;417.125687
25;2025-12-27;13;516.579206;537.931085
25;2025-12-27;14;554.989956;577.929475
25;2025-12-27;15;636.727749;663.045753
25;2025-12-27;16;572.244146;595.896836
25;2025-12-27;17;509.817512;530.889908
25;2025-12-27;18;513.484193;534.708145
25;2025-12-27;19;438.201226;456.313491
25;2025-12-27;20;276.115651;287.528398
25;2025-12-27;21;246.479504;256.667294
25;2025-12-27;22;160.986463;167.640551
25;2025-12-27;23;59.024501;61.464174
25;2025-12-28;0;19.068732;19.909101
25;2025-12-28;1;0.0;0.0
25;2025-12-28;2;0.0;0.0
25;2025-12-28;3;0.0;0.0
25;2025-12-28;4;0.0;0.0
25;2025-12-28;5;2.140704;2.235046
25;2025-12-28;6;49.475186;51.655585
25;2025-12-28;7;108.393021;113.169962
25;2025-12-28;8;203.529503;212.499161
25;2025-12-28;9;222.982139;232.809086
25;2025-12-28;10;227.358745;237.37857
25;2025-12-28;11;289.528277;302.287949
25;2025-12-28;12;363.082406;379.083648
25;2025-12-28;13;442.97123;462.493217
25;2025-12-28;14;466.037668;486.576206
25;2025-12-28;15;574.053165;599.352005
25;2025-12-28;16;494.043757;515.816538
25;2025-12-28;17;460.373671;480.662593
25;2025-12-28;18;437.379981;456.655558
25;2025-12-28;19;353.216149;368.78258
25;2025-12-28;20;246.180952;257.030283
25;2025-12-28;21;213.785317;223.206954
25;2025-12-28;22;124.644067;130.1372
25;2025-12-28;23;42.272524;44.135498
25;2025-12-29;0;11.78315;11.983873
25;2025-12-29;1;0.0;0.0
25;2025-12-29;2;0.0;0.0
25;2025-12-29;3;0.0;0.0
25;2025-12-29;4;0.0;0.0
25;2025-12-29;5;4.607994;4.686489
25;2025-12-29;6;168.236969;171.102838
25;2025-12-29;7;544.399911;553.67361
25;2025-12-29;8;903.250297;918.636912
25;2025-12-29;9;475.939785;484.047285
25;2025-12-29;10;352.418143;358.421487
25;2025-12-29;11;367.322121;373.57935
25;2025-12-29;12;396.716126;403.474074
25;2025-12-29;13;490.956818;499.32013
25;2025-12-29;14;405.501326;412.408927
25;2025-12-29;15;496.696442;505.157526
25;2025-12-29;16;640.96239;651.881004
25;2025-12-29;17;701.001807;712.943176
25;2025-12-29;18;795.415668;808.96535
25;2025-12-29;19;502.318775;510.875634
25;2025-12-29;20;334.830673;340.534419
25;2025-12-29;21;222.531536;226.322298
25;2025-12-29;22;115.056645;117.016602
25;2025-12-29;23;7.462794;7.589921
25;2025-12-30;0;0.0;0.0
25;2025-12-30;1;0.0;0.0
25;2025-12-30;2;0.0;0.0
25;2025-12-30;3;0.0;0.0
25;2025-12-30;4;0.0;0.0
25;2025-12-30;5;4.327078;4.373675
25;2025-12-30;6;167.844622;169.652106
25;2025-12-30;7;555.669384;561.653272
25;2025-12-30;8;889.141407;898.716387
25;2025-12-30;9;503.443398;508.864875
25;2025-12-30;10;369.924013;373.907648
25;2025-12-30;11;424.92877;429.50474
25;2025-12-30;12;399.475794;403.777667
25;2025-12-30;13;465.18133;470.190771
25;2025-12-30;14;439.873255;444.610159
25;2025-12-30;15;520.52755;526.133003
25;2025-12-30;16;641.720758;648.631316
25;2025-12-30;17;694.774887;702.256774
25;2025-12-30;18;773.931807;782.266118
25;2025-12-30;19;545.620855;551.496533
25;2025-12-30;20;346.654314;350.387363
25;2025-12-30;21;218.436371;220.788667
25;2025-12-30;22;124.298395;125.636939
25;2025-12-30;23;7.753305;7.836798
25;2025-12-31;0;12.652087;12.466287
25;2025-12-31;1;0.0;0.0
25;2025-12-31;2;0.0;0.0
25;2025-12-31;3;0.0;0.0
25;2025-12-31;4;0.0;0.0
25;2025-12-31;5;1.426263;1.405318
25;2025-12-31;6;46.31793;45.637737
25;2025-12-31;7;106.106696;104.548487
25;2025-12-31;8;209.520878;206.444001
25;2025-12-31;9;213.999134;210.856492
25;2025-12-31;10;229.616167;226.244184
25;2025-12-31;11;286.49993;282.292591
25;2025-12-31;12;328.030666;323.213436
25;2025-12-31;13;418.493962;412.348251
25;2025-12-31;14;472.470329;465.531959
25;2025-12-31;15;565.18078;556.880929
25;2025-12-31;16;481.758178;474.683413
25;2025-12-31;17;434.289362;427.91169
25;2025-12-31;18;427.010005;420.739233
25;2025-12-31;19;363.156214;357.823154
25;2025-12-31;20;266.075121;262.167727
25;2025-12-31;21;236.444989;232.972722
25;2025-12-31;22;135.941542;133.9452
25;2025-12-31;23;49.357116;48.632292
26;2025-11-01;0;39.053881;39.596709
26;2025-11-01;1;1.83053;1.855973
26;2025-11-01;2;0.0;0.0
26;2025-11-01;3;0.0;0.0
26;2025-11-01;4;1.903513;1.929971
26;2025-11-01;5;91.224002;92.491966
26;2025-11-01;6;535.866871;543.31513
26;2025-11-01;7;1064.836953;1079.63761
26;2025-11-01;8;1945.998163;1973.046483
26;2025-11-01;9;1420.741843;1440.489385
26;2025-11-01;10;1219.138377;1236.083739
26;2025-11-01;11;1079.214209;1094.214702
26;2025-11-01;12;1131.89104;1147.623713
26;2025-11-01;13;1183.218513;1199.66461
26;2025-11-01;14;1178.631411;1195.013749
26;2025-11-01;15;1353.200987;1372.009748
26;2025-11-01;16;1631.782741;1654.463637
26;2025-11-01;17;1696.844709;1720.429931
26;2025-11-01;18;1453.316948;1473.517266
26;2025-11-01;19;1141.899948;1157.771738
26;2025-11-01;20;774.091104;784.850551
26;2025-11-01;21;502.037969;509.016024
26;2025-11-01;22;278.732265;282.606493
26;2025-11-01;23;168.4815;170.823301
26;2025-11-02;0;43.307105;41.803535
26;2025-11-02;1;4.685485;4.522811
26;2025-11-02;2;0.0;0.0
26;2025-11-02;3;0.0;0.0
26;2025-11-02;4;2.851271;2.752279
26;2025-11-02;5;40.118236;38.72538
26;2025-11-02;6;211.084248;203.755662
26;2025-11-02;7;294.040413;283.83169
26;2025-11-02;8;402.700019;388.718768
26;2025-11-02;9;498.794821;481.477276
26;2025-11-02;10;574.009906;554.080986
26;2025-11-02;11;713.150458;688.390749
26;2025-11-02;12;758.504787;732.170431
26;2025-11-02;13;781.321586;754.195058
26;2025-11-02;14;779.08102;752.032282
26;2025-11-02;15;715.706007;690.857572
26;2025-11-02;16;712.282763;687.553178
26;2025-11-02;17;720.955946;695.92524
26;2025-11-02;18;699.443455;675.159636
26;2025-11-02;19;649.990078;627.42322
26;2025-11-02;20;489.37969;472.389027
26;2025-11-02;21;319.224288;308.141212
26;2025-11-02;22;220.241291;212.594784
26;2025-11-02;23;115.425691;111.418253
26;2025-11-03;0;42.184177;40.440207
26;2025-11-03;1;4.563993;4.37531
26;2025-11-03;2;0.0;0.0
26;2025-11-03;3;0.0;0.0
26;2025-11-03;4;2.77734;2.662519
26;2025-11-03;5;39.077994;37.462438
26;2025-11-03;6;205.610959;197.110628
26;2025-11-03;7;286.41612;274.575156
26;2025-11-03;8;392.258247;376.041577
26;2025-11-03;9;485.861368;465.774974
26;2025-11-03;10;559.126171;536.010877
26;2025-11-03;11;694.658892;665.940428
26;2025-11-03;12;738.837209;708.292334
26;2025-11-03;13;761.062382;729.598678
26;2025-11-03;14;758.879913;727.506435
26;2025-11-03;15;697.148176;668.326801
26;2025-11-03;16;693.813695;665.130173
26;2025-11-03;17;702.261988;673.229198
26;2025-11-03;18;681.307302;653.140818
26;2025-11-03;19;633.136222;606.961218
26;2025-11-03;20;476.690366;456.983118
26;2025-11-03;21;310.946992;298.091877
26;2025-11-03;22;214.530566;205.661482
26;2025-11-03;23;112.432772;107.784596
26;2025-11-04;0;41.673226;40.425045
26;2025-11-04;1;4.508712;4.373669
26;2025-11-04;2;0.0;0.0
26;2025-11-04;3;0.0;0.0
26;2025-11-04;4;2.743699;2.661521
26;2025-11-04;5;38.604665;37.448393
26;2025-11-04;6;203.120516;197.036729
26;2025-11-04;7;282.946932;274.472215
26;2025-11-04;8;387.507057;375.900595
26;2025-11-04;9;479.976419;465.600351
26;2025-11-04;10;552.353809;535.809921
26;2025-11-04;11;686.244903;665.69076
26;2025-11-04;12;729.888115;708.026788
26;2025-11-04;13;751.844088;729.325144
26;2025-11-04;14;749.688053;727.233686
26;2025-11-04;15;688.704036;668.076239
26;2025-11-04;16;685.409943;664.880809
26;2025-11-04;17;693.755907;672.976798
26;2025-11-04;18;673.055033;652.895949
26;2025-11-04;19;625.467421;606.733662
26;2025-11-04;20;470.916499;456.81179
26;2025-11-04;21;307.180676;297.980119
26;2025-11-04;22;211.932085;205.584377
26;2025-11-04;23;111.070941;107.744187
26;2025-11-05;0;36.835241;37.370691
26;2025-11-05;1;1.252613;1.270822
26;2025-11-05;2;0.0;0.0
26;2025-11-05;3;0.0;0.0
26;2025-11-05;4;3.095184;3.140177
26;2025-11-05;5;92.018305;93.355916
26;2025-11-05;6;555.000013;563.067691
26;2025-11-05;7;1096.398426;1112.336064
26;2025-11-05;8;2092.568095;2122.98641
26;2025-11-05;9;1492.734539;1514.43346
26;2025-11-05;10;1217.609067;1235.308666
26;2025-11-05;11;1103.995018;1120.043083
26;2025-11-05;12;1130.961257;1147.401313
26;2025-11-05;13;1172.83125;1189.879943
26;2025-11-05;14;1225.000407;1242.80745
26;2025-11-05;15;1272.126311;1290.618393
26;2025-11-05;16;1417.434598;1438.038932
26;2025-11-05;17;1653.060252;1677.089725
26;2025-11-05;18;1869.842372;1897.023067
26;2025-11-05;19;1315.871882;1334.999864
26;2025-11-05;20;814.196373;826.031821
26;2025-11-05;21;516.154484;523.65749
26;2025-11-05;22;259.029635;262.794982
26;2025-11-05;23;134.443765;136.398088
26;2025-11-06;0;38.878301;39.39489
26;2025-11-06;1;1.228661;1.244987
26;2025-11-06;2;0.0;0.0
26;2025-11-06;3;0.0;0.0
26;2025-11-06;4;1.84752;1.872069
26;2025-11-06;5;88.183498;89.355223
26;2025-11-06;6;530.559488;537.609213
26;2025-11-06;7;1055.659008;1069.68591
26;2025-11-06;8;2020.255858;2047.099688
26;2025-11-06;9;1452.759919;1472.063237
26;2025-11-06;10;1157.307555;1172.685097
26;2025-11-06;11;1090.012661;1104.496032
26;2025-11-06;12;1088.054301;1102.51165
26;2025-11-06;13;1110.742013;1125.500822
26;2025-11-06;14;1151.47711;1166.77718
26;2025-11-06;15;1250.122884;1266.733694
26;2025-11-06;16;1416.212018;1435.029711
26;2025-11-06;17;1619.605739;1641.125994
26;2025-11-06;18;1879.986831;1904.966859
26;2025-11-06;19;1276.903958;1293.870617
26;2025-11-06;20;805.550436;816.25406
26;2025-11-06;21;482.514066;488.925396
26;2025-11-06;22;256.26949;259.67463
26;2025-11-06;23;131.317913;133.062779
26;2025-11-07;0;37.953013;38.471031
26;2025-11-07;1;1.77893;1.803211
26;2025-11-07;2;0.0;0.0
26;2025-11-07;3;0.0;0.0
26;2025-11-07;4;1.849856;1.875104
26;2025-11-07;5;88.652539;89.86255
26;2025-11-07;6;520.761616;527.869449
26;2025-11-07;7;1034.820854;1048.94504
26;2025-11-07;8;1891.143499;1916.955563
26;2025-11-07;9;1380.693338;1399.53831
26;2025-11-07;10;1184.77276;1200.943628
26;2025-11-07;11;1048.792837;1063.107726
26;2025-11-07;12;1099.984791;1114.998394
26;2025-11-07;13;1149.865422;1165.559842
26;2025-11-07;14;1145.407623;1161.041199
26;2025-11-07;15;1315.056354;1333.005452
26;2025-11-07;16;1585.785322;1607.429577
26;2025-11-07;17;1649.013294;1671.520542
26;2025-11-07;18;1412.350202;1431.627255
26;2025-11-07;19;1109.711563;1124.857926
26;2025-11-07;20;752.270679;762.53836
26;2025-11-07;21;487.886299;494.545419
26;2025-11-07;22;270.875236;274.57239
26;2025-11-07;23;163.732268;165.967036
26;2025-11-08;0;52.357372;52.775176
26;2025-11-08;1;2.149455;2.166607
26;2025-11-08;2;0.0;0.0
26;2025-11-08;3;0.0;0.0
26;2025-11-08;4;2.276407;2.294573
26;2025-11-08;5;49.074131;49.465735
26;2025-11-08;6;283.73417;285.998325
26;2025-11-08;7;386.115305;389.196446
26;2025-11-08;8;574.355412;578.93868
26;2025-11-08;9;690.791381;696.30379
26;2025-11-08;10;807.547422;813.991526
26;2025-11-08;11;987.08664;994.963439
26;2025-11-08;12;986.860108;994.735099
26;2025-11-08;13;1020.309694;1028.451608
26;2025-11-08;14;1005.305852;1013.328037
26;2025-11-08;15;948.734238;956.304991
26;2025-11-08;16;951.28485;958.875956
26;2025-11-08;17;925.602192;932.988355
26;2025-11-08;18;899.442518;906.61993
26;2025-11-08;19;851.432093;858.22639
26;2025-11-08;20;587.673269;592.362811
26;2025-11-08;21;381.9945;385.042757
26;2025-11-08;22;248.146642;250.126814
26;2025-11-08;23;162.566991;163.86425
26;2025-11-09;0;55.872252;55.410695
26;2025-11-09;1;7.889368;7.824195
26;2025-11-09;2;0.0;0.0
26;2025-11-09;3;0.0;0.0
26;2025-11-09;4;2.080182;2.062998
26;2025-11-09;5;27.936126;27.705347
26;2025-11-09;6;156.358585;155.066916
26;2025-11-09;7;272.503883;270.252745
26;2025-11-09;8;389.934931;386.713702
26;2025-11-09;9;530.620776;526.237349
26;2025-11-09;10;575.947845;571.189974
26;2025-11-09;11;769.654372;763.296303
26;2025-11-09;12;818.343453;811.583166
26;2025-11-09;13;847.095436;840.097631
26;2025-11-09;14;840.254247;833.312956
26;2025-11-09;15;771.314736;764.942951
26;2025-11-09;16;771.316152;764.944355
26;2025-11-09;17;782.722546;776.256522
26;2025-11-09;18;731.585687;725.542101
26;2025-11-09;19;594.208941;589.300216
26;2025-11-09;20;436.601228;432.994491
26;2025-11-09;21;325.404725;322.716576
26;2025-11-09;22;224.387388;222.533737
26;2025-11-09;23;112.697955;111.766964
26;2025-11-10;0;35.772517;35.876781
26;2025-11-10;1;3.250238;3.259711
26;2025-11-10;2;0.0;0.0
26;2025-11-10;3;0.0;0.0
26;2025-11-10;4;2.761459;2.769508
26;2025-11-10;5;90.347409;90.610738
26;2025-11-10;6;561.399281;563.035552
26;2025-11-10;7;1095.840609;1099.03458
26;2025-11-10;8;2040.191537;2046.137942
26;2025-11-10;9;1477.646312;1481.953105
26;2025-11-10;10;1212.459473;1215.993345
26;2025-11-10;11;1065.725787;1068.831984
26;2025-11-10;12;1094.807964;1097.998925
26;2025-11-10;13;1180.923717;1184.365674
26;2025-11-10;14;1158.910984;1162.288782
26;2025-11-10;15;1238.983232;1242.59441
26;2025-11-10;16;1438.656135;1442.849286
26;2025-11-10;17;1679.461655;1684.356665
26;2025-11-10;18;1927.000542;1932.617037
26;2025-11-10;19;1298.588819;1302.373725
26;2025-11-10;20;817.454832;819.83741
26;2025-11-10;21;471.247874;472.621388
26;2025-11-10;22;247.681822;248.403723
26;2025-11-10;23;118.078457;118.422612
26;2025-11-11;0;32.354771;32.541396
26;2025-11-11;1;1.143391;1.149986
26;2025-11-11;2;0.0;0.0
26;2025-11-11;3;0.0;0.0
26;2025-11-11;4;2.849368;2.865804
26;2025-11-11;5;92.103355;92.634614
26;2025-11-11;6;561.20535;564.442425
26;2025-11-11;7;1117.500192;1123.946018
26;2025-11-11;8;2089.322163;2101.373532
26;2025-11-11;9;1517.621227;1526.374981
26;2025-11-11;10;1223.946197;1231.006012
26;2025-11-11;11;1124.505734;1130.991968
26;2025-11-11;12;1131.810985;1138.339356
26;2025-11-11;13;1159.47443;1166.162366
26;2025-11-11;14;1172.989334;1179.755226
26;2025-11-11;15;1263.776954;1271.066515
26;2025-11-11;16;1450.092993;1458.457239
26;2025-11-11;17;1696.860896;1706.648518
26;2025-11-11;18;1909.894807;1920.911226
26;2025-11-11;19;1350.69631;1358.487228
26;2025-11-11;20;839.368075;844.209614
26;2025-11-11;21;498.884673;501.762277
26;2025-11-11;22;254.096994;255.562645
26;2025-11-11;23;127.636084;128.372299
26;2025-11-12;0;36.05982;36.413892
26;2025-11-12;1;1.226245;1.238285
26;2025-11-12;2;0.0;0.0
26;2025-11-12;3;0.0;0.0
26;2025-11-12;4;3.030027;3.059779
26;2025-11-12;5;90.081222;90.965731
26;2025-11-12;6;543.316677;548.651511
26;2025-11-12;7;1073.318081;1083.857007
26;2025-11-12;8;2048.517325;2068.631746
26;2025-11-12;9;1461.3109;1475.659533
26;2025-11-12;10;1191.977109;1203.68115
26;2025-11-12;11;1080.754756;1091.366703
26;2025-11-12;12;1107.153328;1118.024482
26;2025-11-12;13;1148.141913;1159.415535
26;2025-11-12;14;1199.212855;1210.987943
26;2025-11-12;15;1245.346708;1257.574785
26;2025-11-12;16;1387.596102;1401.220928
26;2025-11-12;17;1618.261587;1634.151321
26;2025-11-12;18;1830.480215;1848.453726
26;2025-11-12;19;1288.171389;1300.819962
26;2025-11-12;20;797.056679;804.88299
26;2025-11-12;21;505.288887;510.250326
26;2025-11-12;22;253.576788;256.066662
26;2025-11-12;23;131.613582;132.905898
26;2025-11-13;0;39.856628;39.693424
26;2025-11-13;1;1.259579;1.254421
26;2025-11-13;2;0.0;0.0
26;2025-11-13;3;0.0;0.0
26;2025-11-13;4;1.894011;1.886256
26;2025-11-13;5;90.402533;90.032355
26;2025-11-13;6;543.910398;541.683207
26;2025-11-13;7;1082.223436;1077.791972
26;2025-11-13;8;2071.09324;2062.612576
26;2025-11-13;9;1489.316929;1483.218509
26;2025-11-13;10;1186.42985;1181.571685
26;2025-11-13;11;1117.441558;1112.865885
26;2025-11-13;12;1115.433918;1110.866466
26;2025-11-13;13;1138.69254;1134.029849
26;2025-11-13;14;1180.452689;1175.618999
26;2025-11-13;15;1281.580769;1276.332982
26;2025-11-13;16;1451.849342;1445.904343
26;2025-11-13;17;1660.361228;1653.56242
26;2025-11-13;18;1927.294507;1919.402667
26;2025-11-13;19;1309.035757;1303.675548
26;2025-11-13;20;825.821173;822.43962
26;2025-11-13;21;494.65597;492.630464
26;2025-11-13;22;262.718213;261.64244
26;2025-11-13;23;134.622375;134.071126
26;2025-11-14;0;38.774966;38.670495
26;2025-11-14;1;1.817457;1.81256
26;2025-11-14;2;0.0;0.0
26;2025-11-14;3;0.0;0.0
26;2025-11-14;4;1.889918;1.884826
26;2025-11-14;5;90.572498;90.328468
26;2025-11-14;6;532.039812;530.606337
26;2025-11-14;7;1057.232091;1054.383591
26;2025-11-14;8;1932.100216;1926.89456
26;2025-11-14;9;1410.595176;1406.794611
26;2025-11-14;10;1210.431523;1207.170258
26;2025-11-14;11;1071.506667;1068.619707
26;2025-11-14;12;1123.807291;1120.779417
26;2025-11-14;13;1174.768193;1171.603015
26;2025-11-14;14;1170.21385;1167.060944
26;2025-11-14;15;1343.536685;1339.916794
26;2025-11-14;16;1620.128861;1615.763748
26;2025-11-14;17;1684.726169;1680.187012
26;2025-11-14;18;1442.937636;1439.04993
26;2025-11-14;19;1133.744717;1130.690069
26;2025-11-14;20;768.562693;766.491955
26;2025-11-14;21;498.45251;497.109529
26;2025-11-14;22;276.741613;275.995988
26;2025-11-14;23;167.278237;166.827539
26;2025-11-15;0;48.158159;48.169433
26;2025-11-15;1;1.977062;1.977525
26;2025-11-15;2;0.0;0.0
26;2025-11-15;3;0.0;0.0
26;2025-11-15;4;2.093833;2.094323
26;2025-11-15;5;45.138243;45.14881
26;2025-11-15;6;260.977867;261.038962
26;2025-11-15;7;355.147738;355.230879
26;2025-11-15;8;528.290442;528.414117
26;2025-11-15;9;635.387909;635.536655
26;2025-11-15;10;742.779777;742.953664
26;2025-11-15;11;907.919429;908.131975
26;2025-11-15;12;907.711065;907.923563
26;2025-11-15;13;938.477897;938.697598
26;2025-11-15;14;924.677407;924.893877
26;2025-11-15;15;872.643;872.847289
26;2025-11-15;16;874.989046;875.193884
26;2025-11-15;17;851.366212;851.565519
26;2025-11-15;18;827.304619;827.498294
26;2025-11-15;19;783.14477;783.328106
26;2025-11-15;20;540.540168;540.66671
26;2025-11-15;21;351.357433;351.439687
26;2025-11-15;22;228.244562;228.297995
26;2025-11-15;23;149.528647;149.563652
26;2025-11-16;0;55.948016;55.361489
26;2025-11-16;1;7.900066;7.817246
26;2025-11-16;2;0.0;0.0
26;2025-11-16;3;0.0;0.0
26;2025-11-16;4;2.083003;2.061166
26;2025-11-16;5;27.974008;27.680745
26;2025-11-16;6;156.570612;154.929214
26;2025-11-16;7;272.873406;270.012756
26;2025-11-16;8;390.463694;386.370294
26;2025-11-16;9;531.340312;525.770041
26;2025-11-16;10;576.728846;570.682747
26;2025-11-16;11;770.698045;762.618482
26;2025-11-16;12;819.453149;810.862466
26;2025-11-16;13;848.244121;839.351609
26;2025-11-16;14;841.393655;832.57296
26;2025-11-16;15;772.36066;764.263668
26;2025-11-16;16;772.362078;764.265071
26;2025-11-16;17;783.78394;775.567192
26;2025-11-16;18;732.577738;724.897807
26;2025-11-16;19;595.014705;588.776907
26;2025-11-16;20;437.193272;432.609985
26;2025-11-16;21;325.845983;322.429998
26;2025-11-16;22;224.691664;222.336123
26;2025-11-16;23;112.850777;111.667713
26;2025-11-17;0;34.380258;34.79923
26;2025-11-17;1;3.123739;3.161806
26;2025-11-17;2;0.0;0.0
26;2025-11-17;3;0.0;0.0
26;2025-11-17;4;2.653984;2.686326
26;2025-11-17;5;86.831106;87.889266
26;2025-11-17;6;539.549736;546.124912
26;2025-11-17;7;1053.190718;1066.025334
26;2025-11-17;8;1960.787702;1984.68267
26;2025-11-17;9;1420.136621;1437.442992
26;2025-11-17;10;1165.2708;1179.471271
26;2025-11-17;11;1024.247959;1036.729867
26;2025-11-17;12;1052.198263;1065.020786
26;2025-11-17;13;1134.962409;1148.79353
26;2025-11-17;14;1113.806407;1127.379712
26;2025-11-17;15;1190.762259;1205.273379
26;2025-11-17;16;1382.663934;1399.513647
26;2025-11-17;17;1614.097353;1633.767409
26;2025-11-17;18;1852.002077;1874.571339
26;2025-11-17;19;1248.048009;1263.257237
26;2025-11-17;20;785.639658;795.213787
26;2025-11-17;21;452.907004;458.426315
26;2025-11-17;22;238.042096;240.942975
26;2025-11-17;23;113.482867;114.865816
26;2025-11-18;0;30.196137;30.477429
26;2025-11-18;1;1.067106;1.077047
26;2025-11-18;2;0.0;0.0
26;2025-11-18;3;0.0;0.0
26;2025-11-18;4;2.659265;2.684038
26;2025-11-18;5;85.958437;86.759182
26;2025-11-18;6;523.763056;528.642167
26;2025-11-18;7;1042.94322;1052.658752
26;2025-11-18;8;1949.927526;1968.092064
26;2025-11-18;9;1416.369125;1429.563303
26;2025-11-18;10;1142.2874;1152.928371
26;2025-11-18;11;1049.481369;1059.257806
26;2025-11-18;12;1056.299231;1066.13918
26;2025-11-18;13;1082.117036;1092.197491
26;2025-11-18;14;1094.730258;1104.928211
26;2025-11-18;15;1179.460742;1190.448002
26;2025-11-18;16;1353.346215;1365.953304
26;2025-11-18;17;1583.650347;1598.402833
26;2025-11-18;18;1782.47114;1799.075739
26;2025-11-18;19;1260.581044;1272.323979
26;2025-11-18;20;783.367421;790.664876
26;2025-11-18;21;465.600266;469.937563
26;2025-11-18;22;237.144243;239.353359
26;2025-11-18;23;119.120506;120.230173
26;2025-11-19;0;36.894746;36.856434
26;2025-11-19;1;1.254637;1.253334
26;2025-11-19;2;0.0;0.0
26;2025-11-19;3;0.0;0.0
26;2025-11-19;4;3.100184;3.096965
26;2025-11-19;5;92.166955;92.071246
26;2025-11-19;6;555.896581;555.319324
26;2025-11-19;7;1098.169589;1097.029222
26;2025-11-19;8;2095.948507;2093.772021
26;2025-11-19;9;1495.145959;1493.593361
26;2025-11-19;10;1219.576038;1218.309599
26;2025-11-19;11;1105.778453;1104.630184
26;2025-11-19;12;1132.788254;1131.611938
26;2025-11-19;13;1174.725886;1173.50602
26;2025-11-19;14;1226.979319;1225.705192
26;2025-11-19;15;1274.181352;1272.858209
26;2025-11-19;16;1419.724374;1418.250097
26;2025-11-19;17;1655.730667;1654.011315
26;2025-11-19;18;1872.862986;1870.918157
26;2025-11-19;19;1317.997591;1316.628948
26;2025-11-19;20;815.511656;814.664808
26;2025-11-19;21;516.9883;516.451446
26;2025-11-19;22;259.448081;259.178664
26;2025-11-19;23;134.660951;134.521116
26;2025-11-20;0;40.008684;39.812405
26;2025-11-20;1;1.264384;1.258181
26;2025-11-20;2;0.0;0.0
26;2025-11-20;3;0.0;0.0
26;2025-11-20;4;1.901237;1.89191
26;2025-11-20;5;90.747427;90.302227
26;2025-11-20;6;545.985462;543.306901
26;2025-11-20;7;1086.352209;1081.022651
26;2025-11-20;8;2078.994635;2068.795252
26;2025-11-20;9;1494.998798;1487.664452
26;2025-11-20;10;1190.95618;1185.113443
26;2025-11-20;11;1121.704692;1116.201697
26;2025-11-20;12;1119.689392;1114.196285
26;2025-11-20;13;1143.036748;1137.4291
26;2025-11-20;14;1184.956215;1179.142914
26;2025-11-20;15;1286.470107;1280.158786
26;2025-11-20;16;1457.388269;1450.238437
26;2025-11-20;17;1666.695646;1658.518969
26;2025-11-20;18;1934.647297;1925.156071
26;2025-11-20;19;1314.029838;1307.583312
26;2025-11-20;20;828.97175;824.90488
26;2025-11-20;21;496.543124;494.107123
26;2025-11-20;22;263.720505;262.426713
26;2025-11-20;23;135.13597;134.473004
26;2025-11-21;0;38.801459;38.644872
26;2025-11-21;1;1.818699;1.811359
26;2025-11-21;2;0.0;0.0
26;2025-11-21;3;0.0;0.0
26;2025-11-21;4;1.89121;1.883578
26;2025-11-21;5;90.634382;90.268618
26;2025-11-21;6;532.403334;530.254767
26;2025-11-21;7;1057.954456;1053.684976
26;2025-11-21;8;1933.420345;1925.617834
26;2025-11-21;9;1411.558981;1405.862494
26;2025-11-21;10;1211.258564;1206.370409
26;2025-11-21;11;1072.238786;1067.911659
26;2025-11-21;12;1124.575144;1120.036809
26;2025-11-21;13;1175.570866;1170.826733
26;2025-11-21;14;1171.013412;1166.28767
26;2025-11-21;15;1344.454671;1339.02899
26;2025-11-21;16;1621.235832;1614.693173
26;2025-11-21;17;1685.877276;1679.07375
26;2025-11-21;18;1443.923539;1438.096442
26;2025-11-21;19;1134.51936;1129.940894
26;2025-11-21;20;769.087822;765.984092
26;2025-11-21;21;498.793083;496.780153
26;2025-11-21;22;276.930699;275.813118
26;2025-11-21;23;167.392532;166.717002
26;2025-11-22;0;49.943212;50.328284
26;2025-11-22;1;2.050345;2.066154
26;2025-11-22;2;0.0;0.0
26;2025-11-22;3;0.0;0.0
26;2025-11-22;4;2.171444;2.188186
26;2025-11-22;5;46.811359;47.172284
26;2025-11-22;6;270.651398;272.738173
26;2025-11-22;7;368.311815;371.151571
26;2025-11-22;8;547.87231;552.096512
26;2025-11-22;9;658.939503;664.020055
26;2025-11-22;10;770.31201;776.251266
26;2025-11-22;11;941.572807;948.832517
26;2025-11-22;12;941.35672;948.614765
26;2025-11-22;13;973.263971;980.768026
26;2025-11-22;14;958.951945;966.345652
26;2025-11-22;15;904.988806;911.966446
26;2025-11-22;16;907.421811;914.418211
26;2025-11-22;17;882.923361;889.730873
26;2025-11-22;18;857.96989;864.585006
26;2025-11-22;19;812.173191;818.435205
26;2025-11-22;20;560.57609;564.898241
26;2025-11-22;21;364.381017;367.190466
26;2025-11-22;22;236.704785;238.529825
26;2025-11-22;23;155.071148;156.266776
26;2025-11-23;0;55.736254;55.466145
26;2025-11-23;1;7.870165;7.832024
26;2025-11-23;2;0.0;0.0
26;2025-11-23;3;0.0;0.0
26;2025-11-23;4;2.075119;2.065063
26;2025-11-23;5;27.868127;27.733072
26;2025-11-23;6;155.977995;155.222093
26;2025-11-23;7;271.840585;270.52319
26;2025-11-23;8;388.985796;387.100691
26;2025-11-23;9;529.329198;526.763961
26;2025-11-23;10;574.545937;571.76157
26;2025-11-23;11;767.780966;764.060143
26;2025-11-23;12;816.351533;812.395327
26;2025-11-23;13;845.033531;840.938326
26;2025-11-23;14;838.208994;834.146863
26;2025-11-23;15;769.437288;765.708438
26;2025-11-23;16;769.4387;765.709844
26;2025-11-23;17;780.817331;777.033331
26;2025-11-23;18;729.804943;726.26816
26;2025-11-23;19;592.762585;589.889936
26;2025-11-23;20;435.538502;433.427794
26;2025-11-23;21;324.612662;323.039523
26;2025-11-23;22;223.841209;222.756429
26;2025-11-23;23;112.423638;111.878811
26;2025-11-24;0;33.080734;33.378158
26;2025-11-24;1;3.005666;3.03269
26;2025-11-24;2;0.0;0.0
26;2025-11-24;3;0.0;0.0
26;2025-11-24;4;2.553667;2.576627
26;2025-11-24;5;83.549015;84.300193
26;2025-11-24;6;519.155532;523.823184
26;2025-11-24;7;1013.381622;1022.492791
26;2025-11-24;8;1886.672745;1903.635548
26;2025-11-24;9;1366.457498;1378.743121
26;2025-11-24;10;1121.225239;1131.306013
26;2025-11-24;11;985.532858;994.393642
26;2025-11-24;12;1012.426681;1021.529264
26;2025-11-24;13;1092.062461;1101.881038
26;2025-11-24;14;1071.706126;1081.341681
26;2025-11-24;15;1145.753157;1156.054459
26;2025-11-24;16;1330.401224;1342.36267
26;2025-11-24;17;1553.086793;1567.050373
26;2025-11-24;18;1781.99906;1798.020758
26;2025-11-24;19;1200.873588;1211.67047
26;2025-11-24;20;755.943608;762.740188
26;2025-11-24;21;435.78777;439.705875
26;2025-11-24;22;229.044447;231.103753
26;2025-11-24;23;109.193378;110.17512
26;2025-11-25;0;32.475419;32.431855
26;2025-11-25;1;1.147654;1.146115
26;2025-11-25;2;0.0;0.0
26;2025-11-25;3;0.0;0.0
26;2025-11-25;4;2.859993;2.856157
26;2025-11-25;5;92.446801;92.322788
26;2025-11-25;6;563.298041;562.542401
26;2025-11-25;7;1121.667262;1120.162594
26;2025-11-25;8;2097.11308;2094.299894
26;2025-11-25;9;1523.280316;1521.236902
26;2025-11-25;10;1228.510196;1226.862203
26;2025-11-25;11;1128.698927;1127.184826
26;2025-11-25;12;1136.031419;1134.507482
26;2025-11-25;13;1163.798019;1162.236834
26;2025-11-25;14;1177.363319;1175.783937
26;2025-11-25;15;1268.489479;1266.787855
26;2025-11-25;16;1455.500275;1453.547784
26;2025-11-25;17;1703.188356;1700.903603
26;2025-11-25;18;1917.016654;1914.445059
26;2025-11-25;19;1355.732949;1353.914292
26;2025-11-25;20;842.498013;841.367838
26;2025-11-25;21;500.744974;500.073246
26;2025-11-25;22;255.044501;254.70237
26;2025-11-25;23;128.112029;127.940172
26;2025-11-26;0;34.487566;34.806594
26;2025-11-26;1;1.172779;1.183628
26;2025-11-26;2;0.0;0.0
26;2025-11-26;3;0.0;0.0
26;2025-11-26;4;2.897914;2.924722
26;2025-11-26;5;86.153565;86.950532
26;2025-11-26;6;519.62737;524.434204
26;2025-11-26;7;1026.520031;1036.015895
26;2025-11-26;8;1959.199333;1977.322984
26;2025-11-26;9;1397.595864;1410.52438
26;2025-11-26;10;1140.005373;1150.551038
26;2025-11-26;11;1033.632458;1043.194116
26;2025-11-26;12;1058.880017;1068.675229
26;2025-11-26;13;1098.081448;1108.239294
26;2025-11-26;14;1146.925631;1157.535311
26;2025-11-26;15;1191.047989;1202.065825
26;2025-11-26;16;1327.095126;1339.371471
26;2025-11-26;17;1547.703299;1562.02039
26;2025-11-26;18;1750.668921;1766.863553
26;2025-11-26;19;1232.005458;1243.402173
26;2025-11-26;20;762.303982;769.355705
26;2025-11-26;21;483.257641;487.728035
26;2025-11-26;22;242.520513;244.763959
26;2025-11-26;23;125.87506;127.039473
26;2025-11-27;0;37.567072;37.738033
26;2025-11-27;1;1.187223;1.192626
26;2025-11-27;2;0.0;0.0
26;2025-11-27;3;0.0;0.0
26;2025-11-27;4;1.78521;1.793334
26;2025-11-27;5;85.209379;85.597151
26;2025-11-27;6;512.665581;514.998624
26;2025-11-27;7;1020.05534;1024.697416
26;2025-11-27;8;1952.119729;1961.003452
26;2025-11-27;9;1403.763434;1410.151692
26;2025-11-27;10;1118.275639;1123.364698
26;2025-11-27;11;1053.250365;1058.043506
26;2025-11-27;12;1051.358054;1056.142583
26;2025-11-27;13;1073.280589;1078.164883
26;2025-11-27;14;1112.641835;1117.705255
26;2025-11-27;15;1207.960633;1213.457831
26;2025-11-27;16;1368.448164;1374.67571
26;2025-11-27;17;1564.98213;1572.104064
26;2025-11-27;18;1816.581483;1824.848398
26;2025-11-27;19;1233.838476;1239.453438
26;2025-11-27;20;778.382051;781.924319
26;2025-11-27;21;466.240563;468.362334
26;2025-11-27;22;247.626421;248.753321
26;2025-11-27;23;126.889021;127.466469
26;2025-11-28;0;37.219238;37.266498
26;2025-11-28;1;1.744537;1.746752
26;2025-11-28;2;0.0;0.0
26;2025-11-28;3;0.0;0.0
26;2025-11-28;4;1.814091;1.816395
26;2025-11-28;5;86.938551;87.048943
26;2025-11-28;6;510.693328;511.341793
26;2025-11-28;7;1014.81386;1016.102445
26;2025-11-28;8;1854.580555;1856.935454
26;2025-11-28;9;1353.999323;1355.718597
26;2025-11-28;10;1161.866629;1163.341938
26;2025-11-28;11;1028.515712;1029.821695
26;2025-11-28;12;1078.717932;1080.08766
26;2025-11-28;13;1127.634182;1129.066023
26;2025-11-28;14;1123.262569;1124.688859
26;2025-11-28;15;1289.63135;1291.268891
26;2025-11-28;16;1555.126104;1557.100763
26;2025-11-28;17;1617.13164;1619.185033
26;2025-11-28;18;1385.04414;1386.802834
26;2025-11-28;19;1088.256648;1089.638489
26;2025-11-28;20;737.726446;738.663193
26;2025-11-28;21;478.453614;479.061142
26;2025-11-28;22;265.638195;265.975495
26;2025-11-28;23;160.566705;160.770589
26;2025-11-29;0;52.637326;52.564401
26;2025-11-29;1;2.160948;2.157954
26;2025-11-29;2;0.0;0.0
26;2025-11-29;3;0.0;0.0
26;2025-11-29;4;2.288579;2.285409
26;2025-11-29;5;49.33653;49.268177
26;2025-11-29;6;285.251294;284.856096
26;2025-11-29;7;388.17986;387.642061
26;2025-11-29;8;577.426485;576.626496
26;2025-11-29;9;694.485036;693.52287
26;2025-11-29;10;811.865371;810.740581
26;2025-11-29;11;992.364584;990.989723
26;2025-11-29;12;992.13684;990.762295
26;2025-11-29;13;1025.765281;1024.344145
26;2025-11-29;14;1010.681213;1009.280976
26;2025-11-29;15;953.807112;952.48567
26;2025-11-29;16;956.371362;955.046367
26;2025-11-29;17;930.551379;929.262156
26;2025-11-29;18;904.251829;902.999043
26;2025-11-29;19;855.984693;854.798778
26;2025-11-29;20;590.815552;589.997013
26;2025-11-29;21;384.037021;383.504961
26;2025-11-29;22;249.47348;249.12785
26;2025-11-29;23;163.436235;163.209804
26;2025-11-30;0;55.476251;55.343309
26;2025-11-30;1;7.833451;7.814679
26;2025-11-30;2;0.0;0.0
26;2025-11-30;3;0.0;0.0
26;2025-11-30;4;2.065439;2.060489
26;2025-11-30;5;27.738126;27.671654
26;2025-11-30;6;155.250375;154.878336
26;2025-11-30;7;270.57248;269.924084
26;2025-11-30;8;387.171222;386.243411
26;2025-11-30;9;526.859939;525.59738
26;2025-11-30;10;571.865747;570.495337
26;2025-11-30;11;764.199357;762.368041
26;2025-11-30;12;812.543349;810.596181
26;2025-11-30;13;841.091548;839.075969
26;2025-11-30;14;834.298847;832.299545
26;2025-11-30;15;765.847953;764.012686
26;2025-11-30;16;765.849359;764.014088
26;2025-11-30;17;777.17491;775.312499
26;2025-11-30;18;726.400489;724.659753
26;2025-11-30;19;589.997416;588.583555
26;2025-11-30;20;433.506766;432.467917
26;2025-11-30;21;323.098382;322.324113
26;2025-11-30;22;222.797016;222.263109
26;2025-11-30;23;111.899195;111.631042
26;2025-12-01;0;36.343442;37.171011
26;2025-12-01;1;3.302111;3.377303
26;2025-12-01;2;0.0;0.0
26;2025-12-01;3;0.0;0.0
26;2025-12-01;4;2.805532;2.869416
26;2025-12-01;5;91.789343;93.879458
26;2025-12-01;6;570.35915;583.346669
26;2025-12-01;7;1113.330101;1138.68149
26;2025-12-01;8;2072.752764;2119.95095
26;2025-12-01;9;1501.22938;1535.413536
26;2025-12-01;10;1231.81019;1259.859462
26;2025-12-01;11;1082.73465;1107.389357
26;2025-12-01;12;1112.280975;1137.608475
26;2025-12-01;13;1199.771126;1227.090845
26;2025-12-01;14;1177.407073;1204.217544
26;2025-12-01;15;1258.757264;1287.420142
26;2025-12-01;16;1461.616924;1494.899074
26;2025-12-01;17;1706.265673;1745.118665
26;2025-12-01;18;1957.755253;2002.334857
26;2025-12-01;19;1319.314149;1349.355955
26;2025-12-01;20;830.501318;849.412477
26;2025-12-01;21;478.768937;489.670877
26;2025-12-01;22;251.634796;257.364715
26;2025-12-01;23;119.962976;122.694625
26;2025-12-02;0;32.876094;33.621769
26;2025-12-02;1;1.161814;1.188165
26;2025-12-02;2;0.0;0.0
26;2025-12-02;3;0.0;0.0
26;2025-12-02;4;2.895279;2.960948
26;2025-12-02;5;93.587391;95.710081
26;2025-12-02;6;570.247895;583.181899
26;2025-12-02;7;1135.50616;1161.260996
26;2025-12-02;8;2122.986825;2171.139078
26;2025-12-02;9;1542.074232;1577.05059
26;2025-12-02;10;1243.667299;1271.875379
26;2025-12-02;11;1142.62458;1168.540872
26;2025-12-02;12;1150.047538;1176.132193
26;2025-12-02;13;1178.156716;1204.878926
26;2025-12-02;14;1191.889383;1218.923068
26;2025-12-02;15;1284.139838;1313.26589
26;2025-12-02;16;1473.457935;1506.877981
26;2025-12-02;17;1724.20194;1763.309204
26;2025-12-02;18;1940.668407;1984.685428
26;2025-12-02;19;1372.459701;1403.588969
26;2025-12-02;20;852.892578;872.237351
26;2025-12-02;21;506.923061;518.420772
26;2025-12-02;22;258.191187;264.047318
26;2025-12-02;23;129.692649;132.634256
26;2025-12-03;0;37.287362;38.221002
26;2025-12-03;1;1.267988;1.299737
26;2025-12-03;2;0.0;0.0
26;2025-12-03;3;0.0;0.0
26;2025-12-03;4;3.133175;3.211627
26;2025-12-03;5;93.14775;95.480081
26;2025-12-03;6;561.812157;575.879399
26;2025-12-03;7;1109.855766;1137.645499
26;2025-12-03;8;2118.252552;2171.291583
26;2025-12-03;9;1511.056561;1548.891981
26;2025-12-03;10;1232.554161;1263.416146
26;2025-12-03;11;1117.545599;1145.527878
26;2025-12-03;12;1144.842825;1173.508601
26;2025-12-03;13;1187.226736;1216.953765
26;2025-12-03;14;1240.036224;1271.085553
26;2025-12-03;15;1287.740558;1319.984358
26;2025-12-03;16;1434.832377;1470.759216
26;2025-12-03;17;1673.350132;1715.249229
26;2025-12-03;18;1892.793065;1940.186804
26;2025-12-03;19;1332.023067;1365.375659
26;2025-12-03;20;824.189927;844.826859
26;2025-12-03;21;522.489833;535.572482
26;2025-12-03;22;262.208999;268.774463
26;2025-12-03;23;136.093946;139.501609
26;2025-12-04;0;40.565673;41.251105
26;2025-12-04;1;1.281987;1.303648
26;2025-12-04;2;0.0;0.0
26;2025-12-04;3;0.0;0.0
26;2025-12-04;4;1.927705;1.960278
26;2025-12-04;5;92.010785;93.565478
26;2025-12-04;6;553.586508;562.94038
26;2025-12-04;7;1101.476078;1120.087562
26;2025-12-04;8;2107.937773;2143.555297
26;2025-12-04;9;1515.811721;1541.424176
26;2025-12-04;10;1207.536314;1227.939882
26;2025-12-04;11;1137.320727;1156.537873
26;2025-12-04;12;1135.277371;1154.459991
26;2025-12-04;13;1158.949762;1178.53237
26;2025-12-04;14;1201.452819;1221.753596
26;2025-12-04;15;1304.379957;1326.419879
26;2025-12-04;16;1477.67759;1502.645697
26;2025-12-04;17;1689.898881;1718.452862
26;2025-12-04;18;1961.580875;1994.725427
26;2025-12-04;19;1332.323366;1354.835444
26;2025-12-04;20;840.512446;854.714464
26;2025-12-04;21;503.455848;511.96267
26;2025-12-04;22;267.391942;271.910026
26;2025-12-04;23;137.017293;139.332454
26;2025-12-05;0;39.650435;40.364559
26;2025-12-05;1;1.858492;1.891964
26;2025-12-05;2;0.0;0.0
26;2025-12-05;3;0.0;0.0
26;2025-12-05;4;1.932589;1.967396
26;2025-12-05;5;92.617462;94.285548
26;2025-12-05;6;544.052315;553.850968
26;2025-12-05;7;1081.102493;1100.573686
26;2025-12-05;8;1975.723569;2011.307333
26;2025-12-05;9;1442.443882;1468.423014
26;2025-12-05;10;1237.760893;1260.053582
26;2025-12-05;11;1095.699363;1115.433454
26;2025-12-05;12;1149.180841;1169.87816
26;2025-12-05;13;1201.292349;1222.928221
26;2025-12-05;14;1196.635177;1218.187172
26;2025-12-05;15;1373.87133;1398.615436
26;2025-12-05;16;1656.708461;1686.546604
26;2025-12-05;17;1722.76426;1753.792101
26;2025-12-05;18;1475.516577;1502.091364
26;2025-12-05;19;1159.342636;1180.222973
26;2025-12-05;20;785.915459;800.070187
26;2025-12-05;21;509.706672;518.886743
26;2025-12-05;22;282.989941;288.086731
26;2025-12-05;23;171.055079;174.135866
26;2025-12-06;0;53.380063;54.69701
26;2025-12-06;1;2.19144;2.245505
26;2025-12-06;2;0.0;0.0
26;2025-12-06;3;0.0;0.0
26;2025-12-06;4;2.320872;2.378131
26;2025-12-06;5;50.032691;51.267055
26;2025-12-06;6;289.27632;296.413098
26;2025-12-06;7;393.657255;403.36923
26;2025-12-06;8;585.574236;600.021022
26;2025-12-06;9;704.284537;721.660042
26;2025-12-06;10;823.321162;843.633436
26;2025-12-06;11;1006.367301;1031.195532
26;2025-12-06;12;1006.136344;1030.958877
26;2025-12-06;13;1040.239297;1065.903189
26;2025-12-06;14;1024.942387;1050.228887
26;2025-12-06;15;967.265765;991.129317
26;2025-12-06;16;969.866198;993.793906
26;2025-12-06;17;943.681883;966.963594
26;2025-12-06;18;917.011235;939.63495
26;2025-12-06;19;868.063028;889.479135
26;2025-12-06;20;599.152229;613.934
26;2025-12-06;21;389.455959;399.064282
26;2025-12-06;22;252.993665;259.235308
26;2025-12-06;23;165.742395;169.831449
26;2025-12-07;0;56.711472;57.003471
26;2025-12-07;1;8.007869;8.0491
26;2025-12-07;2;0.0;0.0
26;2025-12-07;3;0.0;0.0
26;2025-12-07;4;2.111427;2.122299
26;2025-12-07;5;28.355736;28.501736
26;2025-12-07;6;158.707142;159.524303
26;2025-12-07;7;276.596981;278.021141
26;2025-12-07;8;395.791882;397.82976
26;2025-12-07;9;538.590874;541.364004
26;2025-12-07;10;584.59877;587.608789
26;2025-12-07;11;781.214833;785.2372
26;2025-12-07;12;830.63524;834.912066
26;2025-12-07;13;859.819087;864.246177
26;2025-12-07;14;852.875141;857.266477
26;2025-12-07;15;782.900136;786.931181
26;2025-12-07;16;782.901573;786.932625
26;2025-12-07;17;794.479296;798.56996
26;2025-12-07;18;742.574344;746.397757
26;2025-12-07;19;603.134155;606.239609
26;2025-12-07;20;443.159122;445.440887
26;2025-12-07;21;330.292411;331.993041
26;2025-12-07;22;227.75776;228.930454
26;2025-12-07;23;114.390715;114.979697
26;2025-12-08;0;36.352948;36.775864
26;2025-12-08;1;3.302975;3.3414
26;2025-12-08;2;0.0;0.0
26;2025-12-08;3;0.0;0.0
26;2025-12-08;4;2.806266;2.838913
26;2025-12-08;5;91.81335;92.881471
26;2025-12-08;6;570.508321;577.145397
26;2025-12-08;7;1113.62128;1126.576725
26;2025-12-08;8;2073.294869;2097.414789
26;2025-12-08;9;1501.62201;1519.091307
26;2025-12-08;10;1232.132356;1246.466513
26;2025-12-08;11;1083.017827;1095.617243
26;2025-12-08;12;1112.57188;1125.515116
26;2025-12-08;13;1200.084913;1214.046243
26;2025-12-08;14;1177.71501;1191.416097
26;2025-12-08;15;1259.086478;1273.734209
26;2025-12-08;16;1461.999193;1479.007534
26;2025-12-08;17;1706.711928;1726.567162
26;2025-12-08;18;1958.267282;1981.049015
26;2025-12-08;19;1319.659201;1335.011612
26;2025-12-08;20;830.718527;840.382789
26;2025-12-08;21;478.894154;484.465425
26;2025-12-08;22;251.700608;254.628796
26;2025-12-08;23;119.99435;121.390319
26;2025-12-09;0;32.909163;33.295983
26;2025-12-09;1;1.162982;1.176652
26;2025-12-09;2;0.0;0.0
26;2025-12-09;3;0.0;0.0
26;2025-12-09;4;2.898192;2.932257
26;2025-12-09;5;93.681525;94.782674
26;2025-12-09;6;570.821476;577.531013
26;2025-12-09;7;1136.648304;1150.008668
26;2025-12-09;8;2125.122223;2150.101284
26;2025-12-09;9;1543.625322;1561.769365
26;2025-12-09;10;1244.918237;1259.551225
26;2025-12-09;11;1143.773884;1157.218003
26;2025-12-09;12;1151.204309;1164.735767
26;2025-12-09;13;1179.341761;1193.203951
26;2025-12-09;14;1193.08824;1207.112009
26;2025-12-09;15;1285.431485;1300.540673
26;2025-12-09;16;1474.940007;1492.276711
26;2025-12-09;17;1725.936222;1746.22318
26;2025-12-09;18;1942.620421;1965.454323
26;2025-12-09;19;1373.840184;1389.988543
26;2025-12-09;20;853.750457;863.78559
26;2025-12-09;21;507.432948;513.397404
26;2025-12-09;22;258.450888;261.488765
26;2025-12-09;23;129.8231;131.349063
26;2025-12-10;0;36.850865;37.2624
26;2025-12-10;1;1.253145;1.267139
26;2025-12-10;2;0.0;0.0
26;2025-12-10;3;0.0;0.0
26;2025-12-10;4;3.096497;3.131077
26;2025-12-10;5;92.057334;93.085394
26;2025-12-10;6;555.235415;561.436062
26;2025-12-10;7;1096.86346;1109.112793
26;2025-12-10;8;2093.455651;2116.834527
26;2025-12-10;9;1493.367678;1510.045011
26;2025-12-10;10;1218.125512;1231.729051
26;2025-12-10;11;1104.463274;1116.797478
26;2025-12-10;12;1131.440951;1144.076431
26;2025-12-10;13;1173.328703;1186.431969
26;2025-12-10;14;1225.519988;1239.206105
26;2025-12-10;15;1272.66588;1286.878503
26;2025-12-10;16;1418.035798;1433.871855
26;2025-12-10;17;1653.761393;1672.229939
26;2025-12-10;18;1870.635461;1891.525969
26;2025-12-10;19;1316.430005;1331.131369
26;2025-12-10;20;814.541712;823.638188
26;2025-12-10;21;516.37341;522.140062
26;2025-12-10;22;259.139502;262.033468
26;2025-12-10;23;134.500789;136.00284
26;2025-12-11;0;38.63974;39.452331
26;2025-12-11;1;1.221122;1.246802
26;2025-12-11;2;0.0;0.0
26;2025-12-11;3;0.0;0.0
26;2025-12-11;4;1.836184;1.874799
26;2025-12-11;5;87.642398;89.48551
26;2025-12-11;6;527.303935;538.393091
26;2025-12-11;7;1049.181406;1071.2456
26;2025-12-11;8;2007.859417;2050.084527
26;2025-12-11;9;1443.845677;1474.209626
26;2025-12-11;10;1150.20623;1174.394968
26;2025-12-11;11;1083.324262;1106.106478
26;2025-12-11;12;1081.377919;1104.119203
26;2025-12-11;13;1103.926417;1127.141894
26;2025-12-11;14;1144.411561;1168.478437
26;2025-12-11;15;1242.452037;1268.580696
26;2025-12-11;16;1407.522036;1437.122102
26;2025-12-11;17;1609.667717;1643.51889
26;2025-12-11;18;1868.451092;1907.744457
26;2025-12-11;19;1269.06878;1295.757187
26;2025-12-11;20;800.607518;817.444225
26;2025-12-11;21;479.553324;489.638289
26;2025-12-11;22;254.697001;260.053257
26;2025-12-11;23;130.512136;133.256795
26;2025-12-12;0;37.931856;38.460397
26;2025-12-12;1;1.777939;1.802712
26;2025-12-12;2;0.0;0.0
26;2025-12-12;3;0.0;0.0
26;2025-12-12;4;1.848825;1.874586
26;2025-12-12;5;88.60312;89.837712
26;2025-12-12;6;520.471317;527.723542
26;2025-12-12;7;1034.243992;1048.655102
26;2025-12-12;8;1890.08928;1916.4257
26;2025-12-12;9;1379.92367;1399.151465
26;2025-12-12;10;1184.112308;1200.611676
26;2025-12-12;11;1048.208187;1062.813874
26;2025-12-12;12;1099.371603;1114.690199
26;2025-12-12;13;1149.224429;1165.237671
26;2025-12-12;14;1144.769114;1160.720277
26;2025-12-12;15;1314.323275;1332.636998
26;2025-12-12;16;1584.901324;1606.985269
26;2025-12-12;17;1648.09405;1671.05852
26;2025-12-12;18;1411.562886;1431.231541
26;2025-12-12;19;1109.092953;1124.547005
26;2025-12-12;20;751.851325;762.327588
26;2025-12-12;21;487.614326;494.408722
26;2025-12-12;22;270.724236;274.496496
26;2025-12-12;23;163.640995;165.921162
26;2025-12-13;0;53.367841;53.000126
26;2025-12-13;1;2.190938;2.175842
26;2025-12-13;2;0.0;0.0
26;2025-12-13;3;0.0;0.0
26;2025-12-13;4;2.320341;2.304353
26;2025-12-13;5;50.021236;49.676579
26;2025-12-13;6;289.210089;287.21737
26;2025-12-13;7;393.567125;390.855364
26;2025-12-13;8;585.440166;581.406359
26;2025-12-13;9;704.123288;699.271728
26;2025-12-13;10;823.132659;817.461099
26;2025-12-13;11;1006.136888;999.20439
26;2025-12-13;12;1005.905984;998.975077
26;2025-12-13;13;1040.001129;1032.835299
26;2025-12-13;14;1024.707721;1017.647266
26;2025-12-13;15;967.044305;960.381163
26;2025-12-13;16;969.644142;962.963087
26;2025-12-13;17;943.465822;936.965142
26;2025-12-13;18;916.80128;910.484324
26;2025-12-13;19;867.86428;861.88451
26;2025-12-13;20;599.01505;594.887709
26;2025-12-13;21;389.366791;386.683971
26;2025-12-13;22;252.935741;251.192959
26;2025-12-13;23;165.704448;164.562709
26;2025-12-14;0;56.594168;56.428782
26;2025-12-14;1;7.991305;7.967952
26;2025-12-14;2;0.0;0.0
26;2025-12-14;3;0.0;0.0
26;2025-12-14;4;2.10706;2.100903
26;2025-12-14;5;28.297084;28.214391
26;2025-12-14;6;158.378868;157.916035
26;2025-12-14;7;276.024859;275.218228
26;2025-12-14;8;394.973214;393.818979
26;2025-12-14;9;537.476836;535.906161
26;2025-12-14;10;583.389568;581.684722
26;2025-12-14;11;779.598944;777.320713
26;2025-12-14;12;828.917128;826.494774
26;2025-12-14;13;858.04061;855.533148
26;2025-12-14;14;851.111028;848.623816
26;2025-12-14;15;781.280761;778.997615
26;2025-12-14;16;781.282195;778.999045
26;2025-12-14;17;792.83597;790.519056
26;2025-12-14;18;741.038381;738.872835
26;2025-12-14;19;601.886613;600.127713
26;2025-12-14;20;442.242478;440.950107
26;2025-12-14;21;329.609224;328.646003
26;2025-12-14;22;227.286659;226.622457
26;2025-12-14;23;114.154106;113.820512
26;2025-12-15;0;36.242468;36.593053
26;2025-12-15;1;3.292937;3.32479
26;2025-12-15;2;0.0;0.0
26;2025-12-15;3;0.0;0.0
26;2025-12-15;4;2.797737;2.824801
26;2025-12-15;5;91.534322;92.419763
26;2025-12-15;6;568.7745;574.276441
26;2025-12-15;7;1110.236896;1120.976578
26;2025-12-15;8;2066.993959;2086.988663
26;2025-12-15;9;1497.05846;1511.539993
26;2025-12-15;10;1228.387806;1240.270401
26;2025-12-15;11;1079.726449;1090.170994
26;2025-12-15;12;1109.190685;1119.920246
26;2025-12-15;13;1196.437759;1208.01129
26;2025-12-15;14;1174.13584;1185.493637
26;2025-12-15;15;1255.260013;1267.402551
26;2025-12-15;16;1457.55606;1471.655474
26;2025-12-15;17;1701.525093;1717.984498
26;2025-12-15;18;1952.31595;1971.201336
26;2025-12-15;19;1315.648651;1328.375348
26;2025-12-15;20;828.193906;836.205295
26;2025-12-15;21;477.438756;482.057176
26;2025-12-15;22;250.935669;253.363052
26;2025-12-15;23;119.629678;120.786895
26;2025-12-16;0;32.524637;32.736825
26;2025-12-16;1;1.149394;1.156892
26;2025-12-16;2;0.0;0.0
26;2025-12-16;3;0.0;0.0
26;2025-12-16;4;2.864328;2.883014
26;2025-12-16;5;92.586908;93.190938
26;2025-12-16;6;564.151744;567.832222
26;2025-12-16;7;1123.367199;1130.695951
26;2025-12-16;8;2100.291349;2113.993471
26;2025-12-16;9;1525.588916;1535.541728
26;2025-12-16;10;1230.372058;1238.398901
26;2025-12-16;11;1130.409521;1137.784216
26;2025-12-16;12;1137.753125;1145.17573
26;2025-12-16;13;1165.561806;1173.165832
26;2025-12-16;14;1179.147666;1186.840325
26;2025-12-16;15;1270.411931;1278.69999
26;2025-12-16;16;1457.706151;1467.216102
26;2025-12-16;17;1705.769614;1716.89791
26;2025-12-16;18;1919.921979;1932.447386
26;2025-12-16;19;1357.787623;1366.645714
26;2025-12-16;20;843.774856;849.279572
26;2025-12-16;21;501.503875;504.775644
26;2025-12-16;22;255.431033;257.097443
26;2025-12-16;23;128.306189;129.143247
26;2025-12-17;0;37.293041;37.579154
26;2025-12-17;1;1.268181;1.277911
26;2025-12-17;2;0.0;0.0
26;2025-12-17;3;0.0;0.0
26;2025-12-17;4;3.133652;3.157694
26;2025-12-17;5;93.161936;93.876676
26;2025-12-17;6;561.897722;566.208611
26;2025-12-17;7;1110.024798;1118.540929
26;2025-12-17;8;2118.575165;2134.828912
26;2025-12-17;9;1511.286697;1522.881316
26;2025-12-17;10;1232.741881;1242.199499
26;2025-12-17;11;1117.715803;1126.290939
26;2025-12-17;12;1145.017186;1153.801779
26;2025-12-17;13;1187.407552;1196.517365
26;2025-12-17;14;1240.225084;1249.740113
26;2025-12-17;15;1287.936683;1297.817756
26;2025-12-17;16;1435.050905;1446.060641
26;2025-12-17;17;1673.604986;1686.444914
26;2025-12-17;18;1893.08134;1907.605094
26;2025-12-17;19;1332.225937;1342.446798
26;2025-12-17;20;824.315452;830.639615
26;2025-12-17;21;522.569409;526.578571
26;2025-12-17;22;262.248934;264.260913
26;2025-12-17;23;136.114673;137.158947
26;2025-12-18;0;40.68681;40.918412
26;2025-12-18;1;1.285815;1.293134
26;2025-12-18;2;0.0;0.0
26;2025-12-18;3;0.0;0.0
26;2025-12-18;4;1.933462;1.944468
26;2025-12-18;5;92.285547;92.810864
26;2025-12-18;6;555.239624;558.400217
26;2025-12-18;7;1104.765297;1111.053958
26;2025-12-18;8;2114.232481;2126.267337
26;2025-12-18;9;1520.338227;1528.992456
26;2025-12-18;10;1211.14225;1218.036441
26;2025-12-18;11;1140.716986;1147.210295
26;2025-12-18;12;1138.667528;1145.149171
26;2025-12-18;13;1162.410609;1169.027404
26;2025-12-18;14;1205.040589;1211.900047
26;2025-12-18;15;1308.275087;1315.722187
26;2025-12-18;16;1482.09022;1490.526729
26;2025-12-18;17;1694.945245;1704.59339
26;2025-12-18;18;1967.438534;1978.637794
26;2025-12-18;19;1336.301941;1343.908579
26;2025-12-18;20;843.022378;847.821118
26;2025-12-18;21;504.959264;507.833646
26;2025-12-18;22;268.190426;269.717048
26;2025-12-18;23;137.426453;138.208726
26;2025-12-19;0;39.485152;39.616555
26;2025-12-19;1;1.850745;1.856904
26;2025-12-19;2;0.0;0.0
26;2025-12-19;3;0.0;0.0
26;2025-12-19;4;1.924533;1.930938
26;2025-12-19;5;92.231386;92.538323
26;2025-12-19;6;541.784434;543.58744
26;2025-12-19;7;1076.595918;1080.178725
26;2025-12-19;8;1967.487767;1974.035377
26;2025-12-19;9;1436.431056;1441.21136
26;2025-12-19;10;1232.601288;1236.703266
26;2025-12-19;11;1091.131942;1094.763123
26;2025-12-19;12;1144.390482;1148.198903
26;2025-12-19;13;1196.284763;1200.265883
26;2025-12-19;14;1191.647005;1195.612691
26;2025-12-19;15;1368.144349;1372.697401
26;2025-12-19;16;1649.802473;1655.292857
26;2025-12-19;17;1715.582918;1721.292213
26;2025-12-19;18;1469.365887;1474.255795
26;2025-12-19;19;1154.509917;1158.352015
26;2025-12-19;20;782.639371;785.243919
26;2025-12-19;21;507.58196;509.271144
26;2025-12-19;22;281.810298;282.748135
26;2025-12-19;23;170.342036;170.908918
26;2025-12-20;0;53.494357;53.950444
26;2025-12-20;1;2.196132;2.214856
26;2025-12-20;2;0.0;0.0
26;2025-12-20;3;0.0;0.0
26;2025-12-20;4;2.325842;2.345671
26;2025-12-20;5;50.139818;50.567304
26;2025-12-20;6;289.895702;292.367318
26;2025-12-20;7;394.500132;397.863592
26;2025-12-20;8;586.828035;591.831259
26;2025-12-20;9;705.792511;711.810012
26;2025-12-20;10;825.08401;832.118577
26;2025-12-20;11;1008.522077;1017.120614
26;2025-12-20;12;1008.290625;1016.887189
26;2025-12-20;13;1042.466598;1051.354542
26;2025-12-20;14;1027.136934;1035.89418
26;2025-12-20;15;969.336819;977.601268
26;2025-12-20;16;971.94282;980.229487
26;2025-12-20;17;945.702441;953.765385
26;2025-12-20;18;918.974687;926.809754
26;2025-12-20;19;869.921674;877.338521
26;2025-12-20;20;600.4351;605.554337
26;2025-12-20;21;390.289839;393.617403
26;2025-12-20;22;253.53536;255.696972
26;2025-12-20;23;166.097273;167.513398
26;2025-12-21;0;56.364186;56.062426
26;2025-12-21;1;7.958831;7.916221
26;2025-12-21;2;0.0;0.0
26;2025-12-21;3;0.0;0.0
26;2025-12-21;4;2.098498;2.087263
26;2025-12-21;5;28.182093;28.031213
26;2025-12-21;6;157.735263;156.890788
26;2025-12-21;7;274.903176;273.431414
26;2025-12-21;8;393.36816;391.262167
26;2025-12-21;9;535.29269;532.426868
26;2025-12-21;10;581.018847;577.908219
26;2025-12-21;11;776.430886;772.274072
26;2025-12-21;12;825.548656;821.128877
26;2025-12-21;13;854.553789;849.978724
26;2025-12-21;14;847.652366;843.11425
26;2025-12-21;15;778.105869;773.940087
26;2025-12-21;16;778.107297;773.941507
26;2025-12-21;17;789.614121;785.386727
26;2025-12-21;18;738.027022;734.075811
26;2025-12-21;19;599.440725;596.231471
26;2025-12-21;20;440.445336;438.087303
26;2025-12-21;21;328.26979;326.512317
26;2025-12-21;22;226.363034;225.151143
26;2025-12-21;23;113.690218;113.081549
26;2025-12-22;0;35.577149;35.811043
26;2025-12-22;1;3.232487;3.253738
26;2025-12-22;2;0.0;0.0
26;2025-12-22;3;0.0;0.0
26;2025-12-22;4;2.746378;2.764433
26;2025-12-22;5;89.853986;90.444712
26;2025-12-22;6;558.333258;562.003898
26;2025-12-22;7;1089.855791;1097.02081
26;2025-12-22;8;2029.049247;2042.388788
26;2025-12-22;9;1469.576303;1479.237711
26;2025-12-22;10;1205.837754;1213.765271
26;2025-12-22;11;1059.905439;1066.873555
26;2025-12-22;12;1088.828786;1095.987053
26;2025-12-22;13;1174.474228;1182.195552
26;2025-12-22;14;1152.581715;1160.159111
26;2025-12-22;15;1232.216656;1240.317595
26;2025-12-22;16;1430.799067;1440.205542
26;2025-12-22;17;1670.289453;1681.270406
26;2025-12-22;18;1916.476433;1929.075888
26;2025-12-22;19;1291.496713;1299.987376
26;2025-12-22;20;812.990389;818.335216
26;2025-12-22;21;468.674204;471.7554
26;2025-12-22;22;246.329134;247.948571
26;2025-12-22;23;117.433584;118.205625
26;2025-12-23;0;33.074901;33.269408
26;2025-12-23;1;1.168839;1.175713
26;2025-12-23;2;0.0;0.0
26;2025-12-23;3;0.0;0.0
26;2025-12-23;4;2.912788;2.929917
26;2025-12-23;5;94.153328;94.707024
26;2025-12-23;6;573.696271;577.070058
26;2025-12-23;7;1142.372738;1149.090793
26;2025-12-23;8;2135.82485;2148.385188
26;2025-12-23;9;1551.39939;1560.522845
26;2025-12-23;10;1251.187945;1258.545919
26;2025-12-23;11;1149.534204;1156.294374
26;2025-12-23;12;1157.002051;1163.806137
26;2025-12-23;13;1185.281209;1192.2516
26;2025-12-23;14;1199.096919;1206.148557
26;2025-12-23;15;1291.905227;1299.502651
26;2025-12-23;16;1482.368159;1491.085656
26;2025-12-23;17;1734.628452;1744.829438
26;2025-12-23;18;1952.403924;1963.885603
26;2025-12-23;19;1380.759173;1388.879129
26;2025-12-23;20;858.050149;863.096162
26;2025-12-23;21;509.988502;512.987638
26;2025-12-23;22;259.752509;261.280059
26;2025-12-23;23;130.47692;131.244227
26;2025-12-24;0;37.206922;37.464076
26;2025-12-24;1;1.265253;1.273997
26;2025-12-24;2;0.0;0.0
26;2025-12-24;3;0.0;0.0
26;2025-12-24;4;3.126416;3.148024
26;2025-12-24;5;92.946803;93.589201
26;2025-12-24;6;560.600167;564.474727
26;2025-12-24;7;1107.461489;1115.115653
26;2025-12-24;8;2113.682875;2128.291487
26;2025-12-24;9;1507.796779;1518.21784
26;2025-12-24;10;1229.895189;1238.395548
26;2025-12-24;11;1115.134733;1122.84193
26;2025-12-24;12;1142.373071;1150.268525
26;2025-12-24;13;1184.665548;1192.853304
26;2025-12-24;14;1237.361111;1245.91307
26;2025-12-24;15;1284.962533;1293.843486
26;2025-12-24;16;1431.737033;1441.632411
26;2025-12-24;17;1669.740237;1681.280562
26;2025-12-24;18;1888.709769;1901.763491
26;2025-12-24;19;1329.149512;1338.335862
26;2025-12-24;20;822.411913;828.095972
26;2025-12-24;21;521.362673;524.966044
26;2025-12-24;22;261.643339;263.451674
26;2025-12-24;23;135.800352;136.73893
26;2025-12-25;0;39.91846;40.121999
26;2025-12-25;1;1.261533;1.267965
26;2025-12-25;2;0.0;0.0
26;2025-12-25;3;0.0;0.0
26;2025-12-25;4;1.896949;1.906622
26;2025-12-25;5;90.54278;91.004446
26;2025-12-25;6;544.7542;547.53183
26;2025-12-25;7;1083.902356;1089.42903
26;2025-12-25;8;2074.306256;2084.882867
26;2025-12-25;9;1491.627398;1499.233008
26;2025-12-25;10;1188.270433;1194.329265
26;2025-12-25;11;1119.175115;1124.88164
26;2025-12-25;12;1117.16436;1122.860632
26;2025-12-25;13;1140.459064;1146.274113
26;2025-12-25;14;1182.283998;1188.312307
26;2025-12-25;15;1283.568964;1290.113711
26;2025-12-25;16;1454.101686;1461.515956
26;2025-12-25;17;1662.93705;1671.416144
26;2025-12-25;18;1930.284439;1940.126702
26;2025-12-25;19;1311.066545;1317.751499
26;2025-12-25;20;827.102321;831.319605
26;2025-12-25;21;495.42336;497.949458
26;2025-12-25;22;263.125784;264.467427
26;2025-12-25;23;134.831223;135.518709
26;2025-12-26;0;38.546616;37.543446
26;2025-12-26;1;1.806754;1.759733
26;2025-12-26;2;0.0;0.0
26;2025-12-26;3;0.0;0.0
26;2025-12-26;4;1.878788;1.829893
26;2025-12-26;5;90.039107;87.695852
26;2025-12-26;6;528.906575;515.141859
26;2025-12-26;7;1051.005943;1023.653667
26;2025-12-26;8;1920.721881;1870.735375
26;2025-12-26;9;1402.288037;1365.793696
26;2025-12-26;10;1203.303168;1171.987379
26;2025-12-26;11;1065.196455;1037.474873
26;2025-12-26;12;1117.189075;1088.114393
26;2025-12-26;13;1167.849863;1137.456741
26;2025-12-26;14;1163.322341;1133.047048
26;2025-12-26;15;1335.62446;1300.865029
26;2025-12-26;16;1610.587756;1568.672446
26;2025-12-26;17;1674.804644;1631.218098
26;2025-12-26;18;1434.440029;1397.108937
26;2025-12-26;19;1127.067978;1097.736199
26;2025-12-26;20;764.036549;744.15261
26;2025-12-26;21;495.517072;482.621312
26;2025-12-26;22;275.111853;267.952107
26;2025-12-26;23;166.293118;161.965364
26;2025-12-27;0;53.170741;53.389582
26;2025-12-27;1;2.182846;2.191831
26;2025-12-27;2;0.0;0.0
26;2025-12-27;3;0.0;0.0
26;2025-12-27;4;2.311771;2.321286
26;2025-12-27;5;49.836495;50.041613
26;2025-12-27;6;288.141965;289.327907
26;2025-12-27;7;392.113586;393.727456
26;2025-12-27;8;583.277993;585.678663
26;2025-12-27;9;701.522789;704.410133
26;2025-12-27;10;820.092629;823.467986
26;2025-12-27;11;1002.420979;1006.546767
26;2025-12-27;12;1002.190928;1006.315769
26;2025-12-27;13;1036.160151;1040.424804
26;2025-12-27;14;1020.923225;1025.125166
26;2025-12-27;15;963.472774;967.438259
26;2025-12-27;16;966.06301;970.039155
26;2025-12-27;17;939.981373;943.850171
26;2025-12-27;18;913.41531;917.174766
26;2025-12-27;19;864.659046;868.21783
26;2025-12-27;20;596.802742;599.259077
26;2025-12-27;21;387.928764;389.525411
26;2025-12-27;22;252.001587;253.038781
26;2025-12-27;23;165.092461;165.771952
26;2025-12-28;0;55.835173;55.766157
26;2025-12-28;1;7.884132;7.874387
26;2025-12-28;2;0.0;0.0
26;2025-12-28;3;0.0;0.0
26;2025-12-28;4;2.078802;2.076232
26;2025-12-28;5;27.917586;27.883079
26;2025-12-28;6;156.254818;156.061678
26;2025-12-28;7;272.323037;271.98643
26;2025-12-28;8;389.676153;389.19449
26;2025-12-28;9;530.268632;529.613188
26;2025-12-28;10;575.56562;574.854186
26;2025-12-28;11;769.143594;768.192887
26;2025-12-28;12;817.800363;816.789512
26;2025-12-28;13;846.533265;845.486899
26;2025-12-28;14;839.696616;838.6587
26;2025-12-28;15;770.802856;769.850098
26;2025-12-28;16;770.804271;769.851511
26;2025-12-28;17;782.203096;781.236246
26;2025-12-28;18;731.100174;730.19649
26;2025-12-28;19;593.814597;593.080607
26;2025-12-28;20;436.31148;435.772173
26;2025-12-28;21;325.188772;324.786819
26;2025-12-28;22;224.238474;223.961302
26;2025-12-28;23;112.623164;112.483955
26;2025-12-29;0;35.774686;36.102475
26;2025-12-29;1;3.250435;3.280217
26;2025-12-29;2;0.0;0.0
26;2025-12-29;3;0.0;0.0
26;2025-12-29;4;2.761627;2.78693
26;2025-12-29;5;90.352888;91.180753
26;2025-12-29;6;561.433324;566.5775
26;2025-12-29;7;1095.90706;1105.948394
26;2025-12-29;8;2040.315253;2059.009802
26;2025-12-29;9;1477.735916;1491.275787
26;2025-12-29;10;1212.532996;1223.642925
26;2025-12-29;11;1065.790412;1075.5558
26;2025-12-29;12;1094.874353;1104.906225
26;2025-12-29;13;1180.995328;1191.81629
26;2025-12-29;14;1158.98126;1169.600517
26;2025-12-29;15;1239.058363;1250.411332
26;2025-12-29;16;1438.743374;1451.925973
26;2025-12-29;17;1679.563497;1694.952629
26;2025-12-29;18;1927.117394;1944.774758
26;2025-12-29;19;1298.667564;1310.566708
26;2025-12-29;20;817.504402;824.99485
26;2025-12-29;21;471.27645;475.594558
26;2025-12-29;22;247.696841;249.966383
26;2025-12-29;23;118.085617;119.167586
26;2025-12-30;0;32.197797;32.497198
26;2025-12-30;1;1.137843;1.148424
26;2025-12-30;2;0.0;0.0
26;2025-12-30;3;0.0;0.0
26;2025-12-30;4;2.835544;2.861911
26;2025-12-30;5;91.656502;92.508797
26;2025-12-30;6;558.482581;563.675797
26;2025-12-30;7;1112.078478;1122.419469
26;2025-12-30;8;2079.185513;2098.519436
26;2025-12-30;9;1510.258267;1524.301851
26;2025-12-30;10;1218.008045;1229.334053
26;2025-12-30;11;1119.050031;1129.455849
26;2025-12-30;12;1126.31984;1136.793258
26;2025-12-30;13;1153.849071;1164.578479
26;2025-12-30;14;1167.298406;1178.152876
26;2025-12-30;15;1257.645557;1269.340147
26;2025-12-30;16;1443.057656;1456.476355
26;2025-12-30;17;1688.628329;1704.33054
26;2025-12-30;18;1900.628676;1918.302234
26;2025-12-30;19;1344.14321;1356.642124
26;2025-12-30;20;835.295759;843.063004
26;2025-12-30;21;496.464261;501.080781
26;2025-12-30;22;252.864205;255.215538
26;2025-12-30;23;127.016839;128.197943
26;2025-12-31;0;43.433582;41.779995
26;2025-12-31;1;4.699169;4.520264
26;2025-12-31;2;0.0;0.0
26;2025-12-31;3;0.0;0.0
26;2025-12-31;4;2.859598;2.750729
26;2025-12-31;5;40.2354;38.703573
26;2025-12-31;6;211.700713;203.640925
26;2025-12-31;7;294.899148;283.671862
26;2025-12-31;8;403.876091;388.499876
26;2025-12-31;9;500.251535;481.206151
26;2025-12-31;10;575.686283;553.768977
26;2025-12-31;11;715.233191;688.003109
26;2025-12-31;12;760.719976;731.758138
26;2025-12-31;13;783.603411;753.770364
26;2025-12-31;14;781.356301;751.608805
26;2025-12-31;15;717.796203;690.468543
26;2025-12-31;16;714.362962;687.16601
26;2025-12-31;17;723.061475;695.533357
26;2025-12-31;18;701.486157;674.779446
26;2025-12-31;19;651.888353;627.069911
26;2025-12-31;20;490.808907;472.12302
26;2025-12-31;21;320.156572;307.967694
26;2025-12-31;22;220.884499;212.47507
26;2025-12-31;23;115.762788;111.355512
28;2025-11-01;0;0.0;0.0
28;2025-11-01;1;0.0;0.0
28;2025-11-01;2;0.0;0.0
28;2025-11-01;3;0.0;0.0
28;2025-11-01;4;2.048198;2.094953
28;2025-11-01;5;83.681061;85.591276
28;2025-11-01;6;271.244705;277.436497
28;2025-11-01;7;762.272394;779.673037
28;2025-11-01;8;1149.846634;1176.094562
28;2025-11-01;9;820.265768;838.990245
28;2025-11-01;10;592.838914;606.371843
28;2025-11-01;11;575.442408;588.578222
28;2025-11-01;12;673.33303;688.703425
28;2025-11-01;13;686.327706;701.994734
28;2025-11-01;14;665.374284;680.563002
28;2025-11-01;15;724.926385;741.474518
28;2025-11-01;16;909.35725;930.115448
28;2025-11-01;17;952.856666;974.607838
28;2025-11-01;18;827.572732;846.464008
28;2025-11-01;19;678.689127;694.181787
28;2025-11-01;20;506.931251;518.503138
28;2025-11-01;21;329.690574;337.21653
28;2025-11-01;22;163.061022;166.783269
28;2025-11-01;23;16.310277;16.682597
28;2025-11-02;0;0.0;0.0
28;2025-11-02;1;0.0;0.0
28;2025-11-02;2;0.0;0.0
28;2025-11-02;3;0.0;0.0
28;2025-11-02;4;0.651672;0.634404
28;2025-11-02;5;33.342335;32.458832
28;2025-11-02;6;92.79877;90.339794
28;2025-11-02;7;165.750932;161.358873
28;2025-11-02;8;249.285506;242.679953
28;2025-11-02;9;340.976484;331.941309
28;2025-11-02;10;354.386641;344.996124
28;2025-11-02;11;375.614867;365.661846
28;2025-11-02;12;442.187247;430.470194
28;2025-11-02;13;461.629924;449.397681
28;2025-11-02;14;475.11015;462.520708
28;2025-11-02;15;468.250899;455.843214
28;2025-11-02;16;442.378352;430.656236
28;2025-11-02;17;453.260791;441.250313
28;2025-11-02;18;434.301283;422.793193
28;2025-11-02;19;356.195441;346.756995
28;2025-11-02;20;310.169995;301.951128
28;2025-11-02;21;256.92843;250.120356
28;2025-11-02;22;119.745263;116.57226
28;2025-11-02;23;11.082293;10.788635
28;2025-11-03;0;0.0;0.0
28;2025-11-03;1;0.0;0.0
28;2025-11-03;2;0.0;0.0
28;2025-11-03;3;0.0;0.0
28;2025-11-03;4;0.635275;0.613671
28;2025-11-03;5;32.50338;31.398054
28;2025-11-03;6;90.46378;87.387425
28;2025-11-03;7;161.58033;156.085551
28;2025-11-03;8;243.013019;234.748999
28;2025-11-03;9;332.396881;321.093231
28;2025-11-03;10;345.469614;333.721406
28;2025-11-03;11;366.163698;353.711757
28;2025-11-03;12;431.060993;416.402122
28;2025-11-03;13;450.014456;434.711045
28;2025-11-03;14;463.155494;447.405203
28;2025-11-03;15;456.468835;440.945933
28;2025-11-03;16;431.24729;416.582084
28;2025-11-03;17;441.855906;426.829939
28;2025-11-03;18;423.373455;408.976011
28;2025-11-03;19;347.232901;335.42473
28;2025-11-03;20;302.36554;292.08315
28;2025-11-03;21;250.463633;241.946244
28;2025-11-03;22;116.732249;112.762595
28;2025-11-03;23;10.803442;10.436055
28;2025-11-04;0;0.0;0.0
28;2025-11-04;1;0.0;0.0
28;2025-11-04;2;0.0;0.0
28;2025-11-04;3;0.0;0.0
28;2025-11-04;4;0.628057;0.611898
28;2025-11-04;5;32.134099;31.307313
28;2025-11-04;6;89.435995;87.134873
28;2025-11-04;7;159.744569;155.634459
28;2025-11-04;8;240.252076;234.070569
28;2025-11-04;9;328.620423;320.165263
28;2025-11-04;10;341.544632;332.756942
28;2025-11-04;11;362.003605;352.689521
28;2025-11-04;12;426.163582;415.198709
28;2025-11-04;13;444.90171;433.454719
28;2025-11-04;14;457.893449;446.11219
28;2025-11-04;15;451.282759;439.671588
28;2025-11-04;16;426.347763;415.378151
28;2025-11-04;17;436.835852;425.596389
28;2025-11-04;18;418.563385;407.79406
28;2025-11-04;19;343.287886;334.455344
28;2025-11-04;20;298.930277;291.239023
28;2025-11-04;21;247.618042;241.247014
28;2025-11-04;22;115.40602;112.436709
28;2025-11-04;23;10.680701;10.405895
28;2025-11-05;0;0.0;0.0
28;2025-11-05;1;0.0;0.0
28;2025-11-05;2;0.0;0.0
28;2025-11-05;3;0.0;0.0
28;2025-11-05;4;2.108387;2.142865
28;2025-11-05;5;90.931092;92.418094
28;2025-11-05;6;288.485452;293.203073
28;2025-11-05;7;756.084465;768.448762
28;2025-11-05;8;1192.60372;1212.106443
28;2025-11-05;9;836.284188;849.959996
28;2025-11-05;10;615.359959;625.422979
28;2025-11-05;11;599.158636;608.956715
28;2025-11-05;12;692.004909;703.321309
28;2025-11-05;13;736.36575;748.407585
28;2025-11-05;14;641.931074;652.428613
28;2025-11-05;15;695.047888;706.41405
28;2025-11-05;16;857.189839;871.207518
28;2025-11-05;17;962.040287;977.772591
28;2025-11-05;18;991.776561;1007.995145
28;2025-11-05;19;750.999595;763.280738
28;2025-11-05;20;526.595073;535.206515
28;2025-11-05;21;352.925799;358.697216
28;2025-11-05;22;155.142012;157.679059
28;2025-11-05;23;15.669765;15.926014
28;2025-11-06;0;0.0;0.0
28;2025-11-06;1;0.0;0.0
28;2025-11-06;2;0.0;0.0
28;2025-11-06;3;0.0;0.0
28;2025-11-06;4;1.633839;1.684678
28;2025-11-06;5;82.219165;84.777493
28;2025-11-06;6;271.274076;279.715028
28;2025-11-06;7;764.31224;788.094545
28;2025-11-06;8;1107.274535;1141.72844
28;2025-11-06;9;827.900528;853.661444
28;2025-11-06;10;595.539279;614.070053
28;2025-11-06;11;542.50249;559.382974
28;2025-11-06;12;644.877072;664.943038
28;2025-11-06;13;681.466503;702.670984
28;2025-11-06;14;607.191769;626.085121
28;2025-11-06;15;631.287294;650.930401
28;2025-11-06;16;800.691566;825.605849
28;2025-11-06;17;936.106632;965.234484
28;2025-11-06;18;966.241986;996.307529
28;2025-11-06;19;725.307467;747.876102
28;2025-11-06;20;528.614516;545.062862
28;2025-11-06;21;328.771085;339.001112
28;2025-11-06;22;148.155281;152.765274
28;2025-11-06;23;13.742267;14.169871
28;2025-11-07;0;0.0;0.0
28;2025-11-07;1;0.0;0.0
28;2025-11-07;2;0.0;0.0
28;2025-11-07;3;0.0;0.0
28;2025-11-07;4;1.999416;2.064424
28;2025-11-07;5;81.688001;84.343989
28;2025-11-07;6;264.784378;273.393526
28;2025-11-07;7;744.117095;768.311173
28;2025-11-07;8;1122.460349;1158.955806
28;2025-11-07;9;800.729222;826.763976
28;2025-11-07;10;578.71907;597.535429
28;2025-11-07;11;561.736903;580.001107
28;2025-11-07;12;657.29603;678.667225
28;2025-11-07;13;669.981208;691.764846
28;2025-11-07;14;649.526841;670.64543
28;2025-11-07;15;707.660569;730.669306
28;2025-11-07;16;887.698782;916.561247
28;2025-11-07;17;930.162157;960.405268
28;2025-11-07;18;807.862154;834.128826
28;2025-11-07;19;662.524559;684.065753
28;2025-11-07;20;494.857499;510.947199
28;2025-11-07;21;321.838223;332.302408
28;2025-11-07;22;159.177342;164.352803
28;2025-11-07;23;15.921809;16.439488
28;2025-11-08;0;0.0;0.0
28;2025-11-08;1;0.0;0.0
28;2025-11-08;2;0.0;0.0
28;2025-11-08;3;0.0;0.0
28;2025-11-08;4;1.267316;1.296609
28;2025-11-08;5;40.665025;41.604944
28;2025-11-08;6;106.746871;109.214184
28;2025-11-08;7;234.292129;239.707482
28;2025-11-08;8;367.059379;375.543473
28;2025-11-08;9;457.563767;468.139751
28;2025-11-08;10;466.807625;477.597268
28;2025-11-08;11;488.505184;499.796338
28;2025-11-08;12;556.794464;569.664034
28;2025-11-08;13;594.039561;607.770003
28;2025-11-08;14;563.878623;576.911935
28;2025-11-08;15;570.518312;583.705091
28;2025-11-08;16;535.428901;547.804634
28;2025-11-08;17;541.117716;553.624938
28;2025-11-08;18;485.881485;497.111995
28;2025-11-08;19;433.701224;443.725657
28;2025-11-08;20;327.484989;335.054373
28;2025-11-08;21;291.755235;298.498772
28;2025-11-08;22;145.263347;148.620918
28;2025-11-08;23;16.513983;16.895682
28;2025-11-09;0;0.0;0.0
28;2025-11-09;1;0.0;0.0
28;2025-11-09;2;0.0;0.0
28;2025-11-09;3;0.0;0.0
28;2025-11-09;4;0.0;0.0
28;2025-11-09;5;33.009939;33.514646
28;2025-11-09;6;87.525773;88.864001
28;2025-11-09;7;154.555951;156.91904
28;2025-11-09;8;257.461935;261.398408
28;2025-11-09;9;333.623088;338.724031
28;2025-11-09;10;373.685985;379.399471
28;2025-11-09;11;402.889995;409.049996
28;2025-11-09;12;454.46066;461.409153
28;2025-11-09;13;495.973893;503.557104
28;2025-11-09;14;496.263131;503.850765
28;2025-11-09;15;506.266222;514.006798
28;2025-11-09;16;483.78722;491.184103
28;2025-11-09;17;472.232572;479.45279
28;2025-11-09;18;439.014755;445.727088
28;2025-11-09;19;373.6191;379.331563
28;2025-11-09;20;312.569402;317.348444
28;2025-11-09;21;255.595997;259.503942
28;2025-11-09;22;121.058626;122.909556
28;2025-11-09;23;12.705523;12.899785
28;2025-11-10;0;0.0;0.0
28;2025-11-10;1;0.0;0.0
28;2025-11-10;2;0.0;0.0
28;2025-11-10;3;0.0;0.0
28;2025-11-10;4;2.142091;2.152056
28;2025-11-10;5;86.885165;87.289343
28;2025-11-10;6;280.749613;282.055622
28;2025-11-10;7;786.378556;790.03668
28;2025-11-10;8;1177.307178;1182.783848
28;2025-11-10;9;866.220939;870.250479
28;2025-11-10;10;613.534972;616.389052
28;2025-11-10;11;561.625384;564.237987
28;2025-11-10;12;666.684365;669.785689
28;2025-11-10;13;682.1013;685.274341
28;2025-11-10;14;619.802033;622.685266
28;2025-11-10;15;656.925261;659.981186
28;2025-11-10;16;835.90684;839.795363
28;2025-11-10;17;943.497044;947.886062
28;2025-11-10;18;965.815772;970.308613
28;2025-11-10;19;746.901006;750.375486
28;2025-11-10;20;516.744685;519.14851
28;2025-11-10;21;320.190349;321.67983
28;2025-11-10;22;138.766347;139.411869
28;2025-11-10;23;12.456788;12.514736
28;2025-11-11;0;0.0;0.0
28;2025-11-11;1;0.0;0.0
28;2025-11-11;2;0.0;0.0
28;2025-11-11;3;0.0;0.0
28;2025-11-11;4;2.243591;2.258822
28;2025-11-11;5;81.959245;82.515644
28;2025-11-11;6;271.926304;273.772336
28;2025-11-11;7;816.409228;821.951604
28;2025-11-11;8;1198.281437;1206.416237
28;2025-11-11;9;875.207793;881.149336
28;2025-11-11;10;652.535048;656.964928
28;2025-11-11;11;577.852297;581.775176
28;2025-11-11;12;668.787514;673.327728
28;2025-11-11;13;728.62602;733.572461
28;2025-11-11;14;662.722496;667.221536
28;2025-11-11;15;667.095548;671.624275
28;2025-11-11;16;808.334682;813.822242
28;2025-11-11;17;968.001551;974.573045
28;2025-11-11;18;937.39667;943.760397
28;2025-11-11;19;772.672613;777.918073
28;2025-11-11;20;541.536191;545.21253
28;2025-11-11;21;337.567351;339.859003
28;2025-11-11;22;153.723468;154.767054
28;2025-11-11;23;14.979486;15.081178
28;2025-11-12;0;0.0;0.0
28;2025-11-12;1;0.0;0.0
28;2025-11-12;2;0.0;0.0
28;2025-11-12;3;0.0;0.0
28;2025-11-12;4;2.073232;2.11717
28;2025-11-12;5;89.414935;91.309895
28;2025-11-12;6;283.675336;289.687232
28;2025-11-12;7;743.477749;759.23418
28;2025-11-12;8;1172.718619;1197.571897
28;2025-11-12;9;822.340247;839.768001
28;2025-11-12;10;605.099639;617.92344
28;2025-11-12;11;589.168452;601.654625
28;2025-11-12;12;680.466636;694.88768
28;2025-11-12;13;724.087817;739.43332
28;2025-11-12;14;631.227716;644.605246
28;2025-11-12;15;683.458877;697.943335
28;2025-11-12;16;842.897324;860.760741
28;2025-11-12;17;945.999527;966.047977
28;2025-11-12;18;975.239989;995.908127
28;2025-11-12;19;738.477663;754.128127
28;2025-11-12;20;517.814791;528.788775
28;2025-11-12;21;347.041224;354.396025
28;2025-11-12;22;152.555223;155.788306
28;2025-11-12;23;15.408492;15.735043
28;2025-11-13;0;0.0;0.0
28;2025-11-13;1;0.0;0.0
28;2025-11-13;2;0.0;0.0
28;2025-11-13;3;0.0;0.0
28;2025-11-13;4;1.682179;1.705277
28;2025-11-13;5;84.651758;85.814108
28;2025-11-13;6;279.300175;283.135237
28;2025-11-13;7;786.925702;797.730953
28;2025-11-13;8;1140.035113;1155.688897
28;2025-11-13;9;852.395357;864.099569
28;2025-11-13;10;613.159309;621.57858
28;2025-11-13;11;558.553338;566.222816
28;2025-11-13;12;663.956844;673.073613
28;2025-11-13;13;701.628834;711.262877
28;2025-11-13;14;625.156557;633.740562
28;2025-11-13;15;649.964989;658.889637
28;2025-11-13;16;824.381371;835.700925
28;2025-11-13;17;963.802919;977.036865
28;2025-11-13;18;994.829879;1008.489855
28;2025-11-13;19;746.766908;757.020739
28;2025-11-13;20;544.254465;551.727605
28;2025-11-13;21;338.49833;343.14624
28;2025-11-13;22;152.538704;154.633208
28;2025-11-13;23;14.148855;14.343133
28;2025-11-14;0;0.0;0.0
28;2025-11-14;1;0.0;0.0
28;2025-11-14;2;0.0;0.0
28;2025-11-14;3;0.0;0.0
28;2025-11-14;4;2.05122;2.093186
28;2025-11-14;5;83.804527;85.519065
28;2025-11-14;6;271.644908;277.20243
28;2025-11-14;7;763.397075;779.015244
28;2025-11-14;8;1151.543154;1175.102317
28;2025-11-14;9;821.476015;838.282408
28;2025-11-14;10;593.713608;605.860261
28;2025-11-14;11;576.291434;588.081651
28;2025-11-14;12;674.326487;688.122381
28;2025-11-14;13;687.340336;701.402477
28;2025-11-14;14;666.355999;679.988826
28;2025-11-14;15;725.995964;740.848952
28;2025-11-14;16;910.698945;929.33073
28;2025-11-14;17;954.262541;973.785583
28;2025-11-14;18;828.79376;845.749865
28;2025-11-14;19;679.690486;693.596121
28;2025-11-14;20;507.679194;518.065688
28;2025-11-14;21;330.17701;336.932027
28;2025-11-14;22;163.301607;166.642558
28;2025-11-14;23;16.334341;16.668522
28;2025-11-15;0;0.0;0.0
28;2025-11-15;1;0.0;0.0
28;2025-11-15;2;0.0;0.0
28;2025-11-15;3;0.0;0.0
28;2025-11-15;4;1.170356;1.182458
28;2025-11-15;5;37.553795;37.94213
28;2025-11-15;6;98.579802;99.599192
28;2025-11-15;7;216.366732;218.604128
28;2025-11-15;8;338.976127;342.481397
28;2025-11-15;9;422.556137;426.925689
28;2025-11-15;10;431.092759;435.550586
28;2025-11-15;11;451.130265;455.795295
28;2025-11-15;12;514.194818;519.511983
28;2025-11-15;13;548.590339;554.26318
28;2025-11-15;14;520.736977;526.121793
28;2025-11-15;15;526.868671;532.316894
28;2025-11-15;16;494.463907;499.57704
28;2025-11-15;17;499.717478;504.884937
28;2025-11-15;18;448.707302;453.347277
28;2025-11-15;19;400.519288;404.660962
28;2025-11-15;20;302.429523;305.556874
28;2025-11-15;21;269.433408;272.219554
28;2025-11-15;22;134.14943;135.536637
28;2025-11-15;23;15.250519;15.40822
28;2025-11-16;0;0.0;0.0
28;2025-11-16;1;0.0;0.0
28;2025-11-16;2;0.0;0.0
28;2025-11-16;3;0.0;0.0
28;2025-11-16;4;0.0;0.0
28;2025-11-16;5;33.182792;33.859963
28;2025-11-16;6;87.984091;89.779609
28;2025-11-16;7;155.365263;158.535851
28;2025-11-16;8;258.810102;264.09172
28;2025-11-16;9;335.370063;342.214065
28;2025-11-16;10;375.642745;383.308604
28;2025-11-16;11;404.999677;413.264633
28;2025-11-16;12;456.840386;466.163271
28;2025-11-16;13;498.570998;508.745492
28;2025-11-16;14;498.86175;509.042178
28;2025-11-16;15;508.917221;519.302855
28;2025-11-16;16;486.320511;496.245006
28;2025-11-16;17;474.705359;484.39282
28;2025-11-16;18;441.313601;450.319626
28;2025-11-16;19;375.575509;383.239996
28;2025-11-16;20;314.206133;320.618235
28;2025-11-16;21;256.934394;262.177734
28;2025-11-16;22;121.692534;124.175951
28;2025-11-16;23;12.772054;13.032697
28;2025-11-17;0;0.0;0.0
28;2025-11-17;1;0.0;0.0
28;2025-11-17;2;0.0;0.0
28;2025-11-17;3;0.0;0.0
28;2025-11-17;4;2.066419;2.086008
28;2025-11-17;5;83.815823;84.610379
28;2025-11-17;6;270.831733;273.39916
28;2025-11-17;7;758.598611;765.789965
28;2025-11-17;8;1135.717122;1146.483479
28;2025-11-17;9;835.620448;843.541952
28;2025-11-17;10;591.860974;597.47169
28;2025-11-17;11;541.785165;546.921174
28;2025-11-17;12;643.132789;649.229551
28;2025-11-17;13;658.005098;664.242846
28;2025-11-17;14;597.906641;603.574669
28;2025-11-17;15;633.718438;639.725955
28;2025-11-17;16;806.377238;814.021522
28;2025-11-17;17;910.166664;918.794851
28;2025-11-17;18;931.696951;940.52924
28;2025-11-17;19;720.515662;727.345997
28;2025-11-17;20;498.489942;503.215521
28;2025-11-17;21;308.879168;311.807277
28;2025-11-17;22;133.864227;135.133232
28;2025-11-17;23;12.016734;12.130651
28;2025-11-18;0;0.0;0.0
28;2025-11-18;1;0.0;0.0
28;2025-11-18;2;0.0;0.0
28;2025-11-18;3;0.0;0.0
28;2025-11-18;4;2.101458;2.141695
28;2025-11-18;5;76.767058;78.236945
28;2025-11-18;6;254.699542;259.576369
28;2025-11-18;7;764.689012;779.330797
28;2025-11-18;8;1122.369294;1143.859716
28;2025-11-18;9;819.762638;835.458939
28;2025-11-18;10;611.1964;622.899205
28;2025-11-18;11;541.244865;551.608282
28;2025-11-18;12;626.419259;638.413542
28;2025-11-18;13;682.466945;695.534394
28;2025-11-18;14;620.738465;632.623976
28;2025-11-18;15;624.83448;636.798419
28;2025-11-18;16;757.125996;771.622969
28;2025-11-18;17;906.677834;924.038331
28;2025-11-18;18;878.011798;894.823417
28;2025-11-18;19;723.723149;737.580545
28;2025-11-18;20;507.229415;516.941525
28;2025-11-18;21;316.182174;322.236232
28;2025-11-18;22;143.984956;146.74189
28;2025-11-18;23;14.030523;14.299171
28;2025-11-19;0;0.0;0.0
28;2025-11-19;1;0.0;0.0
28;2025-11-19;2;0.0;0.0
28;2025-11-19;3;0.0;0.0
28;2025-11-19;4;2.128619;2.133832
28;2025-11-19;5;91.803672;92.028513
28;2025-11-19;6;291.253775;291.967099
28;2025-11-19;7;763.339896;765.209429
28;2025-11-19;8;1204.048016;1206.996908
28;2025-11-19;9;844.309221;846.377059
28;2025-11-19;10;621.264989;622.786559
28;2025-11-19;11;604.908198;606.389707
28;2025-11-19;12;698.645429;700.356515
28;2025-11-19;13;743.431959;745.252734
28;2025-11-19;14;648.091083;649.678354
28;2025-11-19;15;701.717609;703.436219
28;2025-11-19;16;865.415483;867.535014
28;2025-11-19;17;971.272082;973.650871
28;2025-11-19;18;1001.293707;1003.746024
28;2025-11-19;19;758.206231;760.063191
28;2025-11-19;20;531.64831;532.950396
28;2025-11-19;21;356.312495;357.185157
28;2025-11-19;22;156.630764;157.014376
28;2025-11-19;23;15.820133;15.858879
28;2025-11-20;0;0.0;0.0
28;2025-11-20;1;0.0;0.0
28;2025-11-20;2;0.0;0.0
28;2025-11-20;3;0.0;0.0
28;2025-11-20;4;1.694268;1.69783
28;2025-11-20;5;85.260087;85.439373
28;2025-11-20;6;281.3073;281.898836
28;2025-11-20;7;792.580756;794.247404
28;2025-11-20;8;1148.227704;1150.64221
28;2025-11-20;9;858.520893;860.326201
28;2025-11-20;10;617.565633;618.864257
28;2025-11-20;11;562.567249;563.750222
28;2025-11-20;12;668.728212;670.134421
28;2025-11-20;13;706.670923;708.156919
28;2025-11-20;14;629.649097;630.97313
28;2025-11-20;15;654.635808;656.012384
28;2025-11-20;16;830.305592;832.051568
28;2025-11-20;17;970.72906;972.77032
28;2025-11-20;18;1001.978987;1004.08596
28;2025-11-20;19;752.133371;753.714965
28;2025-11-20;20;548.16562;549.318309
28;2025-11-20;21;340.930868;341.647782
28;2025-11-20;22;153.634887;153.957952
28;2025-11-20;23;14.250533;14.280499
28;2025-11-21;0;0.0;0.0
28;2025-11-21;1;0.0;0.0
28;2025-11-21;2;0.0;0.0
28;2025-11-21;3;0.0;0.0
28;2025-11-21;4;2.059273;2.075416
28;2025-11-21;5;84.133529;84.793057
28;2025-11-21;6;272.711338;274.849141
28;2025-11-21;7;766.394038;772.401852
28;2025-11-21;8;1156.063912;1165.126373
28;2025-11-21;9;824.700986;831.165871
28;2025-11-21;10;596.044423;600.716855
28;2025-11-21;11;578.553854;583.089176
28;2025-11-21;12;676.973775;682.280617
28;2025-11-21;13;690.038714;695.447973
28;2025-11-21;14;668.971996;674.216112
28;2025-11-21;15;728.846098;734.55957
28;2025-11-21;16;914.27419;921.441246
28;2025-11-21;17;958.008809;965.518703
28;2025-11-21;18;832.047459;838.569934
28;2025-11-21;19;682.358832;687.707888
28;2025-11-21;20;509.672254;513.667608
28;2025-11-21;21;331.473227;334.071668
28;2025-11-21;22;163.942701;165.227858
28;2025-11-21;23;16.398467;16.527016
28;2025-11-22;0;0.0;0.0
28;2025-11-22;1;0.0;0.0
28;2025-11-22;2;0.0;0.0
28;2025-11-22;3;0.0;0.0
28;2025-11-22;4;1.217531;1.248928
28;2025-11-22;5;39.067546;40.074982
28;2025-11-22;6;102.553441;105.197991
28;2025-11-22;7;225.088228;230.892587
28;2025-11-22;8;352.639867;361.733406
28;2025-11-22;9;439.588892;450.924589
28;2025-11-22;10;448.469616;460.03432
28;2025-11-22;11;469.314811;481.417051
28;2025-11-22;12;534.921423;548.715464
28;2025-11-22;13;570.703389;585.420141
28;2025-11-22;14;541.72729;555.696834
28;2025-11-22;15;548.106146;562.240181
28;2025-11-22;16;514.395182;527.659912
28;2025-11-22;17;519.860519;533.266183
28;2025-11-22;18;466.794181;478.831422
28;2025-11-22;19;416.663763;427.408288
28;2025-11-22;20;314.620112;322.733233
28;2025-11-22;21;280.29396;287.521912
28;2025-11-22;22;139.556841;143.155599
28;2025-11-22;23;15.86525;16.274367
28;2025-11-23;0;0.0;0.0
28;2025-11-23;1;0.0;0.0
28;2025-11-23;2;0.0;0.0
28;2025-11-23;3;0.0;0.0
28;2025-11-23;4;0.0;0.0
28;2025-11-23;5;33.156917;33.757604
28;2025-11-23;6;87.915483;89.508204
28;2025-11-23;7;155.244115;158.056594
28;2025-11-23;8;258.60829;263.293367
28;2025-11-23;9;335.108553;341.179546
28;2025-11-23;10;375.34983;382.149855
28;2025-11-23;11;404.683872;412.015327
28;2025-11-23;12;456.484156;464.754051
28;2025-11-23;13;498.182228;507.207546
28;2025-11-23;14;498.472754;507.503335
28;2025-11-23;15;508.520384;517.732993
28;2025-11-23;16;485.941294;494.744849
28;2025-11-23;17;474.335199;482.928492
28;2025-11-23;18;440.969479;448.958302
28;2025-11-23;19;375.282648;382.081456
28;2025-11-23;20;313.961125;319.649001
28;2025-11-23;21;256.734045;261.385167
28;2025-11-23;22;121.597642;123.800566
28;2025-11-23;23;12.762095;12.993299
28;2025-11-24;0;0.0;0.0
28;2025-11-24;1;0.0;0.0
28;2025-11-24;2;0.0;0.0
28;2025-11-24;3;0.0;0.0
28;2025-11-24;4;1.994099;2.019954
28;2025-11-24;5;80.882442;81.931169
28;2025-11-24;6;261.353181;264.741902
28;2025-11-24;7;732.049224;741.541021
28;2025-11-24;8;1095.969365;1110.179773
28;2025-11-24;9;806.375456;816.830971
28;2025-11-24;10;571.14706;578.552589
28;2025-11-24;11;522.823802;529.602768
28;2025-11-24;12;620.624468;628.671523
28;2025-11-24;13;634.976276;643.209419
28;2025-11-24;14;576.981142;584.462316
28;2025-11-24;15;611.5396;619.468861
28;2025-11-24;16;778.155697;788.245313
28;2025-11-24;17;878.312708;889.700966
28;2025-11-24;18;899.08948;910.74713
28;2025-11-24;19;695.2991;704.314392
28;2025-11-24;20;481.043822;487.281067
28;2025-11-24;21;298.069034;301.933816
28;2025-11-24;22;129.179256;130.854202
28;2025-11-24;23;11.596174;11.74653
28;2025-11-25;0;0.0;0.0
28;2025-11-25;1;0.0;0.0
28;2025-11-25;2;0.0;0.0
28;2025-11-25;3;0.0;0.0
28;2025-11-25;4;2.266428;2.261874
28;2025-11-25;5;82.793498;82.627124
28;2025-11-25;6;274.694206;274.142209
28;2025-11-25;7;824.719351;823.062078
28;2025-11-25;8;1210.478587;1208.046131
28;2025-11-25;9;884.116419;882.339787
28;2025-11-25;10;659.177117;657.852501
28;2025-11-25;11;583.73418;582.561167
28;2025-11-25;12;675.595015;674.237408
28;2025-11-25;13;736.04261;734.563533
28;2025-11-25;14;669.468262;668.122966
28;2025-11-25;15;673.885827;672.531654
28;2025-11-25;16;816.562615;814.921733
28;2025-11-25;17;977.854713;975.889714
28;2025-11-25;18;946.938309;945.035437
28;2025-11-25;19;780.537546;778.969057
28;2025-11-25;20;547.048417;545.949124
28;2025-11-25;21;341.003405;340.318159
28;2025-11-25;22;155.288199;154.976148
28;2025-11-25;23;15.13196;15.101553
28;2025-11-26;0;0.0;0.0
28;2025-11-26;1;0.0;0.0
28;2025-11-26;2;0.0;0.0
28;2025-11-26;3;0.0;0.0
28;2025-11-26;4;1.99513;2.038932
28;2025-11-26;5;86.046517;87.935616
28;2025-11-26;6;272.988784;278.982087
28;2025-11-26;7;715.469627;731.177329
28;2025-11-26;8;1128.540234;1153.31665
28;2025-11-26;9;791.361235;808.735091
28;2025-11-26;10;582.304465;595.088607
28;2025-11-26;11;566.973434;579.420992
28;2025-11-26;12;654.832254;669.208699
28;2025-11-26;13;696.810148;712.108192
28;2025-11-26;14;607.448251;620.784409
28;2025-11-26;15;657.711772;672.151435
28;2025-11-26;16;811.14389;828.952062
28;2025-11-26;17;910.362052;930.348498
28;2025-11-26;18;938.500973;959.105193
28;2025-11-26;19;710.657903;726.259966
28;2025-11-26;20;498.307792;509.247837
28;2025-11-26;21;333.967567;341.299623
28;2025-11-26;22;146.808198;150.031283
28;2025-11-26;23;14.828027;15.153568
28;2025-11-27;0;0.0;0.0
28;2025-11-27;1;0.0;0.0
28;2025-11-27;2;0.0;0.0
28;2025-11-27;3;0.0;0.0
28;2025-11-27;4;1.595031;1.633819
28;2025-11-27;5;80.266227;82.218155
28;2025-11-27;6;264.830547;271.270742
28;2025-11-27;7;746.157655;764.302846
28;2025-11-27;8;1080.973622;1107.260926
28;2025-11-27;9;808.235541;827.890353
28;2025-11-27;10;581.393531;595.53196
28;2025-11-27;11;529.616517;542.495823
28;2025-11-27;12;629.559411;644.869146
28;2025-11-27;13;665.279739;681.458127
28;2025-11-27;14;592.769241;607.184306
28;2025-11-27;15;616.292429;631.279535
28;2025-11-27;16;781.672869;800.681725
28;2025-11-27;17;913.871442;936.095126
28;2025-11-27;18;943.290996;966.23011
28;2025-11-27;19;708.079357;725.298553
28;2025-11-27;20;516.058421;528.608019
28;2025-11-27;21;320.961839;328.767045
28;2025-11-27;22;144.636173;148.15346
28;2025-11-27;23;13.41585;13.742098
28;2025-11-28;0;0.0;0.0
28;2025-11-28;1;0.0;0.0
28;2025-11-28;2;0.0;0.0
28;2025-11-28;3;0.0;0.0
28;2025-11-28;4;1.980284;2.025082
28;2025-11-28;5;80.906372;82.7366
28;2025-11-28;6;262.250799;268.183319
28;2025-11-28;7;736.99704;753.669055
28;2025-11-28;8;1111.720131;1136.868964
28;2025-11-28;9;793.067476;811.007892
28;2025-11-28;10;573.181619;586.147876
28;2025-11-28;11;556.361945;568.947715
28;2025-11-28;12;651.006719;665.7335
28;2025-11-28;13;663.570519;678.581512
28;2025-11-28;14;643.311869;657.86458
28;2025-11-28;15;700.889346;716.74455
28;2025-11-28;16;879.204871;899.093848
28;2025-11-28;17;921.261937;942.10231
28;2025-11-28;18;800.132156;818.232386
28;2025-11-28;19;656.185219;671.029145
28;2025-11-28;20;490.122474;501.209804
28;2025-11-28;21;318.758726;325.969543
28;2025-11-28;22;157.65426;161.220644
28;2025-11-28;23;15.769462;16.126192
28;2025-11-29;0;0.0;0.0
28;2025-11-29;1;0.0;0.0
28;2025-11-29;2;0.0;0.0
28;2025-11-29;3;0.0;0.0
28;2025-11-29;4;1.286333;1.307888
28;2025-11-29;5;41.275211;41.966867
28;2025-11-29;6;108.348625;110.164244
28;2025-11-29;7;237.80772;241.79271
28;2025-11-29;8;372.567165;378.810345
28;2025-11-29;9;464.429586;472.212122
28;2025-11-29;10;473.812149;481.751911
28;2025-11-29;11;495.835284;504.144092
28;2025-11-29;12;565.149255;574.619571
28;2025-11-29;13;602.953221;613.057025
28;2025-11-29;14;572.339713;581.930521
28;2025-11-29;15;579.079031;588.782771
28;2025-11-29;16;543.463098;552.570015
28;2025-11-29;17;549.237275;558.44095
28;2025-11-29;18;493.172215;501.436398
28;2025-11-29;19;440.208982;447.585649
28;2025-11-29;20;332.398954;337.969028
28;2025-11-29;21;296.133069;301.095429
28;2025-11-29;22;147.443047;149.913779
28;2025-11-29;23;16.761778;17.042658
28;2025-11-30;0;0.0;0.0
28;2025-11-30;1;0.0;0.0
28;2025-11-30;2;0.0;0.0
28;2025-11-30;3;0.0;0.0
28;2025-11-30;4;0.0;0.0
28;2025-11-30;5;33.079752;33.806328
28;2025-11-30;6;87.710881;89.637397
28;2025-11-30;7;154.88282;158.284727
28;2025-11-30;8;258.00644;263.673394
28;2025-11-30;9;334.328666;341.671991
28;2025-11-30;10;374.476292;382.701435
28;2025-11-30;11;403.742065;412.610013
28;2025-11-30;12;455.421796;465.424858
28;2025-11-30;13;497.022826;507.939629
28;2025-11-30;14;497.312676;508.235845
28;2025-11-30;15;507.336922;518.480268
28;2025-11-30;16;484.810379;495.458944
28;2025-11-30;17;473.231295;483.625531
28;2025-11-30;18;439.943226;449.60631
28;2025-11-30;19;374.409265;382.632936
28;2025-11-30;20;313.230454;320.11037
28;2025-11-30;21;256.136556;261.762439
28;2025-11-30;22;121.314652;123.979254
28;2025-11-30;23;12.732394;13.012053
28;2025-12-01;0;0.0;0.0
28;2025-12-01;1;0.0;0.0
28;2025-12-01;2;0.0;0.0
28;2025-12-01;3;0.0;0.0
28;2025-12-01;4;2.195738;2.215714
28;2025-12-01;5;89.061133;89.871353
28;2025-12-01;6;287.780757;290.398799
28;2025-12-01;7;806.072761;813.405885
28;2025-12-01;8;1206.79187;1217.770475
28;2025-12-01;9;887.914731;895.992401
28;2025-12-01;10;628.900452;634.621778
28;2025-12-01;11;575.69083;580.92809
28;2025-12-01;12;683.380928;689.597882
28;2025-12-01;13;699.183967;705.544686
28;2025-12-01;14;635.324466;641.104233
28;2025-12-01;15;673.377415;679.503363
28;2025-12-01;16;856.84144;864.636425
28;2025-12-01;17;967.126152;975.924435
28;2025-12-01;18;990.003835;999.010244
28;2025-12-01;19;765.606528;772.571517
28;2025-12-01;20;529.686132;534.504871
28;2025-12-01;21;328.209253;331.195087
28;2025-12-01;22;142.241636;143.535658
28;2025-12-01;23;12.768758;12.88492
28;2025-12-02;0;0.0;0.0
28;2025-12-02;1;0.0;0.0
28;2025-12-02;2;0.0;0.0
28;2025-12-02;3;0.0;0.0
28;2025-12-02;4;2.299408;2.321256
28;2025-12-02;5;83.998247;84.796384
28;2025-12-02;6;278.691353;281.339431
28;2025-12-02;7;836.720057;844.670428
28;2025-12-02;8;1228.092577;1239.761703
28;2025-12-02;9;896.981427;905.504391
28;2025-12-02;10;668.768975;675.123504
28;2025-12-02;11;592.228249;597.8555
28;2025-12-02;12;685.425775;691.938573
28;2025-12-02;13;746.752958;753.848477
28;2025-12-02;14;679.209869;685.663605
28;2025-12-02;15;683.691715;690.188037
28;2025-12-02;16;828.444631;836.31637
28;2025-12-02;17;992.083732;1001.510342
28;2025-12-02;18;960.717455;969.846028
28;2025-12-02;19;791.895352;799.419806
28;2025-12-02;20;555.008661;560.282259
28;2025-12-02;21;345.965435;349.252739
28;2025-12-02;22;157.547839;159.044831
28;2025-12-02;23;15.35215;15.498023
28;2025-12-03;0;0.0;0.0
28;2025-12-03;1;0.0;0.0
28;2025-12-03;2;0.0;0.0
28;2025-12-03;3;0.0;0.0
28;2025-12-03;4;2.161651;2.197372
28;2025-12-03;5;93.228281;94.768881
28;2025-12-03;6;295.773448;300.661114
28;2025-12-03;7;775.185396;787.995361
28;2025-12-03;8;1222.732419;1242.938113
28;2025-12-03;9;857.411201;871.57995
28;2025-12-03;10;630.905772;641.331511
28;2025-12-03;11;614.295156;624.446404
28;2025-12-03;12;709.487001;721.211297
28;2025-12-03;13;754.968527;767.444407
28;2025-12-03;14;658.148152;669.024073
28;2025-12-03;15;712.606854;724.382706
28;2025-12-03;16;878.844991;893.367933
28;2025-12-03;17;986.344271;1002.643643
28;2025-12-03;18;1016.831771;1033.63495
28;2025-12-03;19;769.972067;782.695881
28;2025-12-03;20;539.898423;548.820262
28;2025-12-03;21;361.841749;367.821196
28;2025-12-03;22;159.061358;161.689853
28;2025-12-03;23;16.06563;16.331115
28;2025-12-04;0;0.0;0.0
28;2025-12-04;1;0.0;0.0
28;2025-12-04;2;0.0;0.0
28;2025-12-04;3;0.0;0.0
28;2025-12-04;4;1.725852;1.753277
28;2025-12-04;5;86.849503;88.229611
28;2025-12-04;6;286.551422;291.104951
28;2025-12-04;7;807.356023;820.185551
28;2025-12-04;8;1169.63293;1188.219327
28;2025-12-04;9;874.525414;888.422317
28;2025-12-04;10;629.078273;639.074826
28;2025-12-04;11;573.054611;582.160904
28;2025-12-04;12;681.194623;692.019347
28;2025-12-04;13;719.844661;731.283565
28;2025-12-04;14;641.386996;651.579145
28;2025-12-04;15;666.839509;677.436119
28;2025-12-04;16;845.784124;859.224305
28;2025-12-04;17;988.825362;1004.538582
28;2025-12-04;18;1020.657849;1036.876913
28;2025-12-04;19;766.154618;778.329424
28;2025-12-04;20;558.384507;567.257681
28;2025-12-04;21;347.286491;352.805149
28;2025-12-04;22;156.498944;158.985836
28;2025-12-04;23;14.516191;14.746865
28;2025-12-05;0;0.0;0.0
28;2025-12-05;1;0.0;0.0
28;2025-12-05;2;0.0;0.0
28;2025-12-05;3;0.0;0.0
28;2025-12-05;4;2.113782;2.159177
28;2025-12-05;5;86.360546;88.215186
28;2025-12-05;6;279.930016;285.941668
28;2025-12-05;7;786.680514;803.574912
28;2025-12-05;8;1186.664961;1212.149247
28;2025-12-05;9;846.530848;864.710566
28;2025-12-05;10;611.821739;624.960949
28;2025-12-05;11;593.868193;606.621841
28;2025-12-05;12;694.893293;709.81651
28;2025-12-05;13;708.304061;723.515282
28;2025-12-05;14;686.679707;701.426533
28;2025-12-05;15;748.138678;764.205369
28;2025-12-05;16;938.475058;958.629328
28;2025-12-05;17;983.367333;1004.48569
28;2025-12-05;18;854.071783;872.413446
28;2025-12-05;19;700.420893;715.462818
28;2025-12-05;20;523.163295;534.398516
28;2025-12-05;21;340.247335;347.554334
28;2025-12-05;22;168.282269;171.896224
28;2025-12-05;23;16.832535;17.194023
28;2025-12-06;0;0.0;0.0
28;2025-12-06;1;0.0;0.0
28;2025-12-06;2;0.0;0.0
28;2025-12-06;3;0.0;0.0
28;2025-12-06;4;1.306956;1.34109
28;2025-12-06;5;41.936949;43.032231
28;2025-12-06;6;110.085708;112.960855
28;2025-12-06;7;241.620335;247.93082
28;2025-12-06;8;378.54029;388.426762
28;2025-12-06;9;471.87548;484.199621
28;2025-12-06;10;481.408468;493.981585
28;2025-12-06;11;503.784686;516.94221
28;2025-12-06;12;574.209922;589.206768
28;2025-12-06;13;612.619974;628.619989
28;2025-12-06;14;581.515661;596.703313
28;2025-12-06;15;588.363026;603.729513
28;2025-12-06;16;552.176085;566.597466
28;2025-12-06;17;558.042836;572.61744
28;2025-12-06;18;501.078922;514.165779
28;2025-12-06;19;447.266563;458.947984
28;2025-12-06;20;337.728088;346.548654
28;2025-12-06;21;300.880776;308.738987
28;2025-12-06;22;149.806904;153.719465
28;2025-12-06;23;17.030508;17.4753
28;2025-12-07;0;0.0;0.0
28;2025-12-07;1;0.0;0.0
28;2025-12-07;2;0.0;0.0
28;2025-12-07;3;0.0;0.0
28;2025-12-07;4;0.0;0.0
28;2025-12-07;5;33.878134;34.350986
28;2025-12-07;6;89.827789;91.081556
28;2025-12-07;7;158.620927;160.834873
28;2025-12-07;8;264.233442;267.92147
28;2025-12-07;9;342.397711;347.176713
28;2025-12-07;10;383.514302;388.867187
28;2025-12-07;11;413.486406;419.257626
28;2025-12-07;12;466.413432;472.923378
28;2025-12-07;13;509.018505;516.12311
28;2025-12-07;14;509.31535;516.424098
28;2025-12-07;15;519.581532;526.833571
28;2025-12-07;16;496.51131;503.441346
28;2025-12-07;17;484.652763;491.417285
28;2025-12-07;18;450.561285;456.849975
28;2025-12-07;19;383.445658;388.797585
28;2025-12-07;20;320.790292;325.267709
28;2025-12-07;21;262.318429;265.979728
28;2025-12-07;22;124.242589;125.9767
28;2025-12-07;23;13.039691;13.221692
28;2025-12-08;0;0.0;0.0
28;2025-12-08;1;0.0;0.0
28;2025-12-08;2;0.0;0.0
28;2025-12-08;3;0.0;0.0
28;2025-12-08;4;2.200188;2.200495
28;2025-12-08;5;89.241605;89.254079
28;2025-12-08;6;288.363912;288.40422
28;2025-12-08;7;807.706175;807.819077
28;2025-12-08;8;1209.237295;1209.406324
28;2025-12-08;9;889.713989;889.838354
28;2025-12-08;10;630.174846;630.262933
28;2025-12-08;11;576.857402;576.938036
28;2025-12-08;12;684.765721;684.861438
28;2025-12-08;13;700.600783;700.698714
28;2025-12-08;14;636.611878;636.700864
28;2025-12-08;15;674.741937;674.836253
28;2025-12-08;16;858.577731;858.697744
28;2025-12-08;17;969.085923;969.221383
28;2025-12-08;18;992.009964;992.148628
28;2025-12-08;19;767.157942;767.265176
28;2025-12-08;20;530.75948;530.83367
28;2025-12-08;21;328.874332;328.920302
28;2025-12-08;22;142.529872;142.549795
28;2025-12-08;23;12.794633;12.796421
28;2025-12-09;0;0.0;0.0
28;2025-12-09;1;0.0;0.0
28;2025-12-09;2;0.0;0.0
28;2025-12-09;3;0.0;0.0
28;2025-12-09;4;2.305639;2.29972
28;2025-12-09;5;84.225882;84.009657
28;2025-12-09;6;279.446604;278.72921
28;2025-12-09;7;838.987559;836.833715
28;2025-12-09;8;1231.420694;1228.259397
28;2025-12-09;9;899.412237;897.103271
28;2025-12-09;10;670.581332;668.859819
28;2025-12-09;11;593.833181;592.308695
28;2025-12-09;12;687.283271;685.518881
28;2025-12-09;13;748.77665;746.854394
28;2025-12-09;14;681.050521;679.302131
28;2025-12-09;15;685.544512;683.784586
28;2025-12-09;16;830.689707;828.557164
28;2025-12-09;17;994.772268;992.218493
28;2025-12-09;18;963.320989;960.847956
28;2025-12-09;19;794.041379;792.002921
28;2025-12-09;20;556.512729;555.084052
28;2025-12-09;21;346.902997;346.01243
28;2025-12-09;22;157.974791;157.569239
28;2025-12-09;23;15.393754;15.354235
28;2025-12-10;0;0.0;0.0
28;2025-12-10;1;0.0;0.0
28;2025-12-10;2;0.0;0.0
28;2025-12-10;3;0.0;0.0
28;2025-12-10;4;2.139855;2.149513
28;2025-12-10;5;92.288271;92.704799
28;2025-12-10;6;292.791201;294.112667
28;2025-12-10;7;767.369297;770.832694
28;2025-12-10;8;1210.403759;1215.86672
28;2025-12-10;9;848.76603;852.596797
28;2025-12-10;10;624.544427;627.363207
28;2025-12-10;11;608.101294;610.84586
28;2025-12-10;12;702.333331;705.503198
28;2025-12-10;13;747.356273;750.729344
28;2025-12-10;14;651.512126;654.45262
28;2025-12-10;15;705.421727;708.605534
28;2025-12-10;16;869.983705;873.910235
28;2025-12-10;17;976.399083;980.805902
28;2025-12-10;18;1006.579182;1011.122214
28;2025-12-10;19;762.208533;765.648638
28;2025-12-10;20;534.454693;536.866868
28;2025-12-10;21;358.193343;359.80999
28;2025-12-10;22;157.457562;158.168222
28;2025-12-10;23;15.903642;15.975421
28;2025-12-11;0;0.0;0.0
28;2025-12-11;1;0.0;0.0
28;2025-12-11;2;0.0;0.0
28;2025-12-11;3;0.0;0.0
28;2025-12-11;4;1.646519;1.692127
28;2025-12-11;5;82.857277;85.152376
28;2025-12-11;6;273.379462;280.951916
28;2025-12-11;7;770.244147;791.579465
28;2025-12-11;8;1115.868208;1146.777113
28;2025-12-11;9;834.325951;857.436298
28;2025-12-11;10;600.161322;616.785444
28;2025-12-11;11;546.712909;561.856541
28;2025-12-11;12;649.88203;667.883387
28;2025-12-11;13;686.755435;705.778164
28;2025-12-11;14;611.904247;628.853642
28;2025-12-11;15;636.186781;653.808787
28;2025-12-11;16;806.905817;829.256642
28;2025-12-11;17;943.371853;969.502709
28;2025-12-11;18;973.741091;1000.713157
28;2025-12-11;19;730.936654;751.183178
28;2025-12-11;20;532.717149;547.473106
28;2025-12-11;21;331.322712;340.50016
28;2025-12-11;22;149.30513;153.440795
28;2025-12-11;23;13.848923;14.23253
28;2025-12-12;0;0.0;0.0
28;2025-12-12;1;0.0;0.0
28;2025-12-12;2;0.0;0.0
28;2025-12-12;3;0.0;0.0
28;2025-12-12;4;2.025257;2.075426
28;2025-12-12;5;82.743748;84.793467
28;2025-12-12;6;268.206487;274.850472
28;2025-12-12;7;753.734165;772.405592
28;2025-12-12;8;1136.967179;1165.132015
28;2025-12-12;9;811.077955;831.169896
28;2025-12-12;10;586.198514;600.719764
28;2025-12-12;11;568.996866;583.091999
28;2025-12-12;12;665.791014;682.283921
28;2025-12-12;13;678.640136;695.451341
28;2025-12-12;14;657.921414;674.219377
28;2025-12-12;15;716.80647;734.563127
28;2025-12-12;16;899.171522;921.445708
28;2025-12-12;17;942.183699;965.523379
28;2025-12-12;18;818.303074;838.573995
28;2025-12-12;19;671.087116;687.711218
28;2025-12-12;20;501.253104;513.670096
28;2025-12-12;21;325.997704;334.073286
28;2025-12-12;22;161.234572;165.228658
28;2025-12-12;23;16.127585;16.527096
28;2025-12-13;0;0.0;0.0
28;2025-12-13;1;0.0;0.0
28;2025-12-13;2;0.0;0.0
28;2025-12-13;3;0.0;0.0
28;2025-12-13;4;1.308584;1.319945
28;2025-12-13;5;41.989217;42.353739
28;2025-12-13;6;110.222912;111.179793
28;2025-12-13;7;241.921476;244.021676
28;2025-12-13;8;379.012079;382.302408
28;2025-12-13;9;472.463597;476.56521
28;2025-12-13;10;482.008467;486.192941
28;2025-12-13;11;504.412572;508.791544
28;2025-12-13;12;574.925582;579.916701
28;2025-12-13;13;613.383507;618.708491
28;2025-12-13;14;582.240426;587.295048
28;2025-12-13;15;589.096326;594.210465
28;2025-12-13;16;552.864284;557.663882
28;2025-12-13;17;558.738346;563.588938
28;2025-12-13;18;501.703436;506.05889
28;2025-12-13;19;447.824009;451.711717
28;2025-12-13;20;338.149012;341.084595
28;2025-12-13;21;301.255776;303.871077
28;2025-12-13;22;149.993615;151.295759
28;2025-12-13;23;17.051734;17.199766
28;2025-12-14;0;0.0;0.0
28;2025-12-14;1;0.0;0.0
28;2025-12-14;2;0.0;0.0
28;2025-12-14;3;0.0;0.0
28;2025-12-14;4;0.0;0.0
28;2025-12-14;5;33.856196;34.158683
28;2025-12-14;6;89.76962;90.571664
28;2025-12-14;7;158.518212;159.934487
28;2025-12-14;8;264.062337;266.421592
28;2025-12-14;9;342.17599;345.233148
28;2025-12-14;10;383.265956;386.690231
28;2025-12-14;11;413.218652;416.910538
28;2025-12-14;12;466.111405;470.275859
28;2025-12-14;13;508.688889;513.23375
28;2025-12-14;14;508.985542;513.533053
28;2025-12-14;15;519.245076;523.884251
28;2025-12-14;16;496.189793;500.622981
28;2025-12-14;17;484.338926;488.666233
28;2025-12-14;18;450.269523;454.292438
28;2025-12-14;19;383.197357;386.621019
28;2025-12-14;20;320.582563;323.446796
28;2025-12-14;21;262.148564;264.49072
28;2025-12-14;22;124.162136;125.271457
28;2025-12-14;23;13.031247;13.147674
28;2025-12-15;0;0.0;0.0
28;2025-12-15;1;0.0;0.0
28;2025-12-15;2;0.0;0.0
28;2025-12-15;3;0.0;0.0
28;2025-12-15;4;2.196515;2.198042
28;2025-12-15;5;89.092623;89.15456
28;2025-12-15;6;287.882511;288.082646
28;2025-12-15;7;806.357775;806.918351
28;2025-12-15;8;1207.218571;1208.057823
28;2025-12-15;9;888.228683;888.846175
28;2025-12-15;10;629.122821;629.560183
28;2025-12-15;11;575.894385;576.294744
28;2025-12-15;12;683.62256;684.097811
28;2025-12-15;13;699.431186;699.917427
28;2025-12-15;14;635.549106;635.990936
28;2025-12-15;15;673.61551;674.083804
28;2025-12-15;16;857.144405;857.740287
28;2025-12-15;17;967.468112;968.140691
28;2025-12-15;18;990.353883;991.042372
28;2025-12-15;19;765.877234;766.409668
28;2025-12-15;20;529.87342;530.241785
28;2025-12-15;21;328.325302;328.553553
28;2025-12-15;22;142.29193;142.390851
28;2025-12-15;23;12.773273;12.782153
28;2025-12-16;0;0.0;0.0
28;2025-12-16;1;0.0;0.0
28;2025-12-16;2;0.0;0.0
28;2025-12-16;3;0.0;0.0
28;2025-12-16;4;2.28172;2.269679
28;2025-12-16;5;83.352095;82.912249
28;2025-12-16;6;276.547533;275.088202
28;2025-12-16;7;830.283626;825.902252
28;2025-12-16;8;1218.64553;1212.214786
28;2025-12-16;9;890.081438;885.384513
28;2025-12-16;10;663.6245;660.12258
28;2025-12-16;11;587.67256;584.571435
28;2025-12-16;12;680.153168;676.564026
28;2025-12-16;13;741.008594;737.098321
28;2025-12-16;14;673.985078;670.428485
28;2025-12-16;15;678.432447;674.852386
28;2025-12-16;16;822.071858;817.733817
28;2025-12-16;17;984.452172;979.257257
28;2025-12-16;18;953.327179;948.296509
28;2025-12-16;19;785.803733;781.657077
28;2025-12-16;20;550.739282;547.833053
28;2025-12-16;21;343.304111;341.492509
28;2025-12-16;22;156.335909;155.51093
28;2025-12-16;23;15.234054;15.153664
28;2025-12-17;0;0.0;0.0
28;2025-12-17;1;0.0;0.0
28;2025-12-17;2;0.0;0.0
28;2025-12-17;3;0.0;0.0
28;2025-12-17;4;2.168301;2.175164
28;2025-12-17;5;93.515104;93.81109
28;2025-12-17;6;296.683415;297.622452
28;2025-12-17;7;777.570307;780.031405
28;2025-12-17;8;1226.494239;1230.376232
28;2025-12-17;9;860.049085;862.771238
28;2025-12-17;10;632.846797;634.849828
28;2025-12-17;11;616.185077;618.135372
28;2025-12-17;12;711.669786;713.922301
28;2025-12-17;13;757.29124;759.688152
28;2025-12-17;14;660.17299;662.262512
28;2025-12-17;15;714.799238;717.061658
28;2025-12-17;16;881.548817;884.339019
28;2025-12-17;17;989.378826;992.510322
28;2025-12-17;18;1019.960124;1023.188413
28;2025-12-17;19;772.340939;774.785485
28;2025-12-17;20;541.559457;543.273554
28;2025-12-17;21;362.95498;364.103773
28;2025-12-17;22;159.550722;160.055718
28;2025-12-17;23;16.115057;16.166063
28;2025-12-18;0;0.0;0.0
28;2025-12-18;1;0.0;0.0
28;2025-12-18;2;0.0;0.0
28;2025-12-18;3;0.0;0.0
28;2025-12-18;4;1.735889;1.733986
28;2025-12-18;5;87.354595;87.258803
28;2025-12-18;6;288.217923;287.901868
28;2025-12-18;7;812.051375;811.160892
28;2025-12-18;8;1176.435182;1175.14512
28;2025-12-18;9;879.611404;878.646835
28;2025-12-18;10;632.736813;632.042963
28;2025-12-18;11;576.387333;575.755275
28;2025-12-18;12;685.156257;684.404924
28;2025-12-18;13;724.031072;723.237111
28;2025-12-18;14;645.11712;644.409694
28;2025-12-18;15;670.717658;669.982159
28;2025-12-18;16;850.702963;849.770095
28;2025-12-18;17;994.576088;993.485451
28;2025-12-18;18;1026.593704;1025.467957
28;2025-12-18;19;770.610355;769.765315
28;2025-12-18;20;561.631912;561.016035
28;2025-12-18;21;349.30621;348.923166
28;2025-12-18;22;157.409097;157.236485
28;2025-12-18;23;14.600613;14.584602
28;2025-12-19;0;0.0;0.0
28;2025-12-19;1;0.0;0.0
28;2025-12-19;2;0.0;0.0
28;2025-12-19;3;0.0;0.0
28;2025-12-19;4;2.110701;2.121272
28;2025-12-19;5;86.234644;86.666563
28;2025-12-19;6;279.521918;280.921944
28;2025-12-19;7;785.533645;789.468104
28;2025-12-19;8;1184.934972;1190.86989
28;2025-12-19;9;845.296726;849.530517
28;2025-12-19;10;610.92979;613.98972
28;2025-12-19;11;593.002418;595.972556
28;2025-12-19;12;693.880237;697.355637
28;2025-12-19;13;707.271454;710.813926
28;2025-12-19;14;685.678625;689.112946
28;2025-12-19;15;747.047998;750.789696
28;2025-12-19;16;937.106894;941.80053
28;2025-12-19;17;981.933723;986.85188
28;2025-12-19;18;852.826667;857.098173
28;2025-12-19;19;699.399779;702.902823
28;2025-12-19;20;522.400597;525.017116
28;2025-12-19;21;339.751302;341.452996
28;2025-12-19;22;168.036938;168.878575
28;2025-12-19;23;16.807996;16.892181
28;2025-12-20;0;0.0;0.0
28;2025-12-20;1;0.0;0.0
28;2025-12-20;2;0.0;0.0
28;2025-12-20;3;0.0;0.0
28;2025-12-20;4;1.313194;1.333291
28;2025-12-20;5;42.13712;42.781986
28;2025-12-20;6;110.611161;112.303954
28;2025-12-20;7;242.773621;246.489028
28;2025-12-20;8;380.347112;386.167943
28;2025-12-20;9;474.127804;481.383854
28;2025-12-20;10;483.706294;491.108934
28;2025-12-20;11;506.189315;513.936036
28;2025-12-20;12;576.950701;585.780353
28;2025-12-20;13;615.544089;624.964375
28;2025-12-20;14;584.29131;593.233303
28;2025-12-20;15;591.171359;600.218644
28;2025-12-20;16;554.811694;563.302531
28;2025-12-20;17;560.706447;569.287497
28;2025-12-20;18;503.470637;511.175751
28;2025-12-20;19;449.401425;456.279063
28;2025-12-20;20;339.340109;344.533369
28;2025-12-20;21;302.316919;306.943577
28;2025-12-20;22;150.521952;152.82554
28;2025-12-20;23;17.111797;17.373676
28;2025-12-21;0;0.0;0.0
28;2025-12-21;1;0.0;0.0
28;2025-12-21;2;0.0;0.0
28;2025-12-21;3;0.0;0.0
28;2025-12-21;4;0.0;0.0
28;2025-12-21;5;33.755998;34.129084
28;2025-12-21;6;89.503947;90.493182
28;2025-12-21;7;158.049076;159.795901
28;2025-12-21;8;263.280843;266.190733
28;2025-12-21;9;341.163318;344.933998
28;2025-12-21;10;382.131678;386.355158
28;2025-12-21;11;411.995729;416.549279
28;2025-12-21;12;464.731945;469.868358
28;2025-12-21;13;507.183421;512.789025
28;2025-12-21;14;507.479196;513.088069
28;2025-12-21;15;517.708367;523.430297
28;2025-12-21;16;494.721316;500.189184
28;2025-12-21;17;482.905521;488.242796
28;2025-12-21;18;448.936947;453.898787
28;2025-12-21;19;382.063282;386.286006
28;2025-12-21;20;319.633797;323.166524
28;2025-12-21;21;261.372734;264.261535
28;2025-12-21;22;123.794677;125.162908
28;2025-12-21;23;12.992681;13.136282
28;2025-12-22;0;0.0;0.0
28;2025-12-22;1;0.0;0.0
28;2025-12-22;2;0.0;0.0
28;2025-12-22;3;0.0;0.0
28;2025-12-22;4;2.158499;2.155631
28;2025-12-22;5;87.550671;87.434321
28;2025-12-22;6;282.900044;282.524085
28;2025-12-22;7;792.401904;791.348843
28;2025-12-22;8;1186.324885;1184.748321
28;2025-12-22;9;872.855849;871.695869
28;2025-12-22;10;618.234407;617.412806
28;2025-12-22;11;565.927212;565.175124
28;2025-12-22;12;671.790904;670.898128
28;2025-12-22;13;687.325926;686.412505
28;2025-12-22;14;624.549471;623.719477
28;2025-12-22;15;661.957048;661.077342
28;2025-12-22;16;842.309555;841.19017
28;2025-12-22;17;950.723858;949.460395
28;2025-12-22;18;973.213538;971.920188
28;2025-12-22;19;752.621972;751.621777
28;2025-12-22;20;520.702745;520.010758
28;2025-12-22;21;322.64288;322.214105
28;2025-12-22;22;139.829242;139.643416
28;2025-12-22;23;12.552202;12.535521
28;2025-12-23;0;0.0;0.0
28;2025-12-23;1;0.0;0.0
28;2025-12-23;2;0.0;0.0
28;2025-12-23;3;0.0;0.0
28;2025-12-23;4;2.322718;2.314632
28;2025-12-23;5;84.84977;84.554388
28;2025-12-23;6;281.516556;280.536528
28;2025-12-23;7;845.202214;842.259859
28;2025-12-23;8;1240.542228;1236.2236
28;2025-12-23;9;906.074476;902.920211
28;2025-12-23;10;675.548546;673.196798
28;2025-12-23;11;598.231896;596.149306
28;2025-12-23;12;692.374202;689.963879
28;2025-12-23;13;754.323083;751.697101
28;2025-12-23;14;686.095284;683.706819
28;2025-12-23;15;690.622564;688.218339
28;2025-12-23;16;836.842896;833.929643
28;2025-12-23;17;1002.14087;998.652174
28;2025-12-23;18;970.456621;967.078226
28;2025-12-23;19;799.923103;797.138376
28;2025-12-23;20;560.635;558.683293
28;2025-12-23;21;349.472621;348.256022
28;2025-12-23;22;159.144962;158.59094
28;2025-12-23;23;15.50778;15.453794
28;2025-12-24;0;0.0;0.0
28;2025-12-24;1;0.0;0.0
28;2025-12-24;2;0.0;0.0
28;2025-12-24;3;0.0;0.0
28;2025-12-24;4;2.165449;2.165215
28;2025-12-24;5;93.392081;93.381985
28;2025-12-24;6;296.293117;296.261085
28;2025-12-24;7;776.547384;776.463432
28;2025-12-24;8;1224.880739;1224.748319
28;2025-12-24;9;858.917658;858.824802
28;2025-12-24;10;632.014263;631.945937
28;2025-12-24;11;615.374462;615.307935
28;2025-12-24;12;710.733557;710.656721
28;2025-12-24;13;756.294994;756.213232
28;2025-12-24;14;659.304508;659.233231
28;2025-12-24;15;713.858892;713.781718
28;2025-12-24;16;880.389106;880.293929
28;2025-12-24;17;988.077261;987.970441
28;2025-12-24;18;1018.618328;1018.508206
28;2025-12-24;19;771.324895;771.241508
28;2025-12-24;20;540.847015;540.788545
28;2025-12-24;21;362.477498;362.438311
28;2025-12-24;22;159.340827;159.3236
28;2025-12-24;23;16.093857;16.092117
28;2025-12-25;0;0.0;0.0
28;2025-12-25;1;0.0;0.0
28;2025-12-25;2;0.0;0.0
28;2025-12-25;3;0.0;0.0
28;2025-12-25;4;1.704744;1.709352
28;2025-12-25;5;85.787313;86.019165
28;2025-12-25;6;283.046829;283.811801
28;2025-12-25;7;797.481864;799.637167
28;2025-12-25;8;1155.328038;1158.450468
28;2025-12-25;9;863.829757;866.164374
28;2025-12-25;10;621.384494;623.06387
28;2025-12-25;11;566.046015;567.575831
28;2025-12-25;12;672.863449;674.681953
28;2025-12-25;13;711.040788;712.962471
28;2025-12-25;14;633.542678;635.254913
28;2025-12-25;15;658.683901;660.464084
28;2025-12-25;16;835.43998;837.69787
28;2025-12-25;17;976.731789;979.371539
28;2025-12-25;18;1008.174958;1010.899687
28;2025-12-25;19;756.784362;758.829675
28;2025-12-25;20;551.55533;553.045983
28;2025-12-25;21;343.039094;343.966203
28;2025-12-25;22;154.584924;155.002711
28;2025-12-25;23;14.338654;14.377406
28;2025-12-26;0;0.0;0.0
28;2025-12-26;1;0.0;0.0
28;2025-12-26;2;0.0;0.0
28;2025-12-26;3;0.0;0.0
28;2025-12-26;4;2.062441;2.052923
28;2025-12-26;5;84.262969;83.874105
28;2025-12-26;6;273.130907;271.87044
28;2025-12-26;7;767.573143;764.030883
28;2025-12-26;8;1157.842527;1152.49922
28;2025-12-26;9;825.969797;822.158043
28;2025-12-26;10;596.961444;594.206537
28;2025-12-26;11;579.443965;576.769899
28;2025-12-26;12;678.015306;674.886345
28;2025-12-26;13;691.100345;687.910998
28;2025-12-26;14;670.001216;666.909239
28;2025-12-26;15;729.967435;726.59872
28;2025-12-26;16;915.68081;911.45505
28;2025-12-26;17;959.482715;955.054815
28;2025-12-26;18;833.327572;829.481863
28;2025-12-26;19;683.408648;680.254797
28;2025-12-26;20;510.456389;508.100693
28;2025-12-26;21;331.983202;330.451139
28;2025-12-26;22;164.194928;163.437188
28;2025-12-26;23;16.423696;16.347903
28;2025-12-27;0;0.0;0.0
28;2025-12-27;1;0.0;0.0
28;2025-12-27;2;0.0;0.0
28;2025-12-27;3;0.0;0.0
28;2025-12-27;4;1.306417;1.315256
28;2025-12-27;5;41.919684;42.203287
28;2025-12-27;6;110.040385;110.784853
28;2025-12-27;7;241.52086;243.154847
28;2025-12-27;8;378.384445;380.94437
28;2025-12-27;9;471.68121;474.872325
28;2025-12-27;10;481.210273;484.465857
28;2025-12-27;11;503.577278;506.984183
28;2025-12-27;12;573.97352;577.856685
28;2025-12-27;13;612.367759;616.510677
28;2025-12-27;14;581.276251;585.208822
28;2025-12-27;15;588.120797;592.099674
28;2025-12-27;16;551.948755;555.682913
28;2025-12-27;17;557.813089;561.586923
28;2025-12-27;18;500.872628;504.261236
28;2025-12-27;19;447.082424;450.107119
28;2025-12-27;20;337.589046;339.872974
28;2025-12-27;21;300.756904;302.791647
28;2025-12-27;22;149.745229;150.758317
28;2025-12-27;23;17.023497;17.138668
28;2025-12-28;0;0.0;0.0
28;2025-12-28;1;0.0;0.0
28;2025-12-28;2;0.0;0.0
28;2025-12-28;3;0.0;0.0
28;2025-12-28;4;0.0;0.0
28;2025-12-28;5;33.468047;33.776109
28;2025-12-28;6;88.740444;89.557269
28;2025-12-28;7;156.700858;158.143236
28;2025-12-28;8;261.034957;263.437695
28;2025-12-28;9;338.253065;341.366569
28;2025-12-28;10;378.87195;382.359337
28;2025-12-28;11;408.481249;412.241179
28;2025-12-28;12;460.767605;465.008813
28;2025-12-28;13;502.856953;507.48558
28;2025-12-28;14;503.150205;507.781531
28;2025-12-28;15;513.292118;518.016797
28;2025-12-28;16;490.501155;495.016051
28;2025-12-28;17;478.786154;483.193217
28;2025-12-28;18;445.107344;449.204406
28;2025-12-28;19;378.804137;382.2909
28;2025-12-28;20;316.907199;319.824222
28;2025-12-28;21;259.143125;261.528449
28;2025-12-28;22;122.738661;123.868429
28;2025-12-28;23;12.881849;13.000422
28;2025-12-29;0;0.0;0.0
28;2025-12-29;1;0.0;0.0
28;2025-12-29;2;0.0;0.0
28;2025-12-29;3;0.0;0.0
28;2025-12-29;4;2.172292;2.171612
28;2025-12-29;5;88.110123;88.08256
28;2025-12-29;6;284.707785;284.618722
28;2025-12-29;7;797.465377;797.215912
28;2025-12-29;8;1193.905538;1193.532058
28;2025-12-29;9;878.433425;878.158631
28;2025-12-29;10;622.184945;621.990311
28;2025-12-29;11;569.543505;569.365339
28;2025-12-29;12;676.083669;675.872175
28;2025-12-29;13;691.71796;691.501575
28;2025-12-29;14;628.540362;628.34374
28;2025-12-29;15;666.186975;665.978577
28;2025-12-29;16;847.69194;847.426763
28;2025-12-29;17;956.799013;956.499705
28;2025-12-29;18;979.432403;979.126015
28;2025-12-29;19;757.43125;757.194309
28;2025-12-29;20;524.030052;523.866124
28;2025-12-29;21;324.704578;324.603003
28;2025-12-29;22;140.722755;140.678734
28;2025-12-29;23;12.632411;12.62846
28;2025-12-30;0;0.0;0.0
28;2025-12-30;1;0.0;0.0
28;2025-12-30;2;0.0;0.0
28;2025-12-30;3;0.0;0.0
28;2025-12-30;4;2.26294;2.255138
28;2025-12-30;5;82.666058;82.38105
28;2025-12-30;6;274.271383;273.325779
28;2025-12-30;7;823.449901;820.610898
28;2025-12-30;8;1208.615356;1204.448422
28;2025-12-30;9;882.755541;879.712071
28;2025-12-30;10;658.162478;655.893336
28;2025-12-30;11;582.835667;580.826228
28;2025-12-30;12;674.555105;672.229446
28;2025-12-30;13;734.909655;732.375912
28;2025-12-30;14;668.437782;666.133214
28;2025-12-30;15;672.848547;670.528772
28;2025-12-30;16;815.30572;812.494796
28;2025-12-30;17;976.349548;972.983395
28;2025-12-30;18;945.480733;942.221006
28;2025-12-30;19;779.336103;776.649191
28;2025-12-30;20;546.206372;544.32322
28;2025-12-30;21;340.478515;339.30465
28;2025-12-30;22;155.049172;154.51461
28;2025-12-30;23;15.108669;15.056578
28;2025-12-31;0;0.0;0.0
28;2025-12-31;1;0.0;0.0
28;2025-12-31;2;0.0;0.0
28;2025-12-31;3;0.0;0.0
28;2025-12-31;4;0.666592;0.647718
28;2025-12-31;5;34.105725;33.140057
28;2025-12-31;6;94.923445;92.235788
28;2025-12-31;7;169.545884;164.745372
28;2025-12-31;8;254.993024;247.773167
28;2025-12-31;9;348.783313;338.907884
28;2025-12-31;10;362.500503;352.236686
28;2025-12-31;11;384.21476;373.336127
28;2025-12-31;12;452.311348;439.504631
28;2025-12-31;13;472.199176;458.829357
28;2025-12-31;14;485.988037;472.227801
28;2025-12-31;15;478.971741;465.410164
28;2025-12-31;16;452.506829;439.694578
28;2025-12-31;17;463.638427;450.510996
28;2025-12-31;18;444.244831;431.66651
28;2025-12-31;19;364.350716;354.034512
28;2025-12-31;20;317.271494;308.288288
28;2025-12-31;21;262.810937;255.369724
28;2025-12-31;22;122.486891;119.018805
28;2025-12-31;23;11.336028;11.015061
50;2025-11-01;0;44.581126;45.107496
50;2025-11-01;1;3.061501;3.097648
50;2025-11-01;2;0.0;0.0
50;2025-11-01;3;0.0;0.0
50;2025-11-01;4;2.548601;2.578692
50;2025-11-01;5;73.615117;74.484291
50;2025-11-01;6;580.999942;587.859814
50;2025-11-01;7;1786.597616;1807.69199
50;2025-11-01;8;2744.777059;2777.184667
50;2025-11-01;9;2065.542978;2089.930862
50;2025-11-01;10;1623.295578;1642.461844
50;2025-11-01;11;1595.404998;1614.241959
50;2025-11-01;12;1550.320358;1568.625004
50;2025-11-01;13;1517.694947;1535.614385
50;2025-11-01;14;1437.249977;1454.2196
50;2025-11-01;15;1743.485398;1764.070746
50;2025-11-01;16;2120.768722;2145.808658
50;2025-11-01;17;2157.231886;2182.702343
50;2025-11-01;18;1915.837797;1938.458111
50;2025-11-01;19;1298.17503;1313.502594
50;2025-11-01;20;864.060055;874.26202
50;2025-11-01;21;630.65894;638.105136
50;2025-11-01;22;336.052042;340.019811
50;2025-11-01;23;192.672071;194.946952
50;2025-11-02;0;52.856914;50.728412
50;2025-11-02;1;4.268159;4.096284
50;2025-11-02;2;0.0;0.0
50;2025-11-02;3;0.0;0.0
50;2025-11-02;4;0.371937;0.356959
50;2025-11-02;5;30.195865;28.979904
50;2025-11-02;6;158.019314;151.656014
50;2025-11-02;7;300.352297;288.257373
50;2025-11-02;8;442.64006;424.815333
50;2025-11-02;9;520.27023;499.319404
50;2025-11-02;10;531.880222;510.461871
50;2025-11-02;11;660.895256;634.281583
50;2025-11-02;12;699.17988;671.024518
50;2025-11-02;13;772.100002;741.008211
50;2025-11-02;14;786.034666;754.381738
50;2025-11-02;15;698.762487;670.623933
50;2025-11-02;16;724.060095;694.902829
50;2025-11-02;17;740.148464;710.343333
50;2025-11-02;18;699.393706;671.229733
50;2025-11-02;19;648.112813;622.013877
50;2025-11-02;20;495.257515;475.313929
50;2025-11-02;21;412.625694;396.009619
50;2025-11-02;22;232.463933;223.102814
50;2025-11-02;23;149.329485;143.316117
50;2025-11-03;0;51.533502;49.8894
50;2025-11-03;1;4.161295;4.028534
50;2025-11-03;2;0.0;0.0
50;2025-11-03;3;0.0;0.0
50;2025-11-03;4;0.362624;0.351055
50;2025-11-03;5;29.439832;28.500597
50;2025-11-03;6;154.062885;149.147732
50;2025-11-03;7;292.832187;283.489802
50;2025-11-03;8;431.557402;417.78919
50;2025-11-03;9;507.243896;491.061017
50;2025-11-03;10;518.563201;502.019196
50;2025-11-03;11;644.348004;623.791018
50;2025-11-03;12;681.674071;659.926251
50;2025-11-03;13;752.768446;728.752464
50;2025-11-03;14;766.35422;741.904803
50;2025-11-03;15;681.267129;659.532292
50;2025-11-03;16;705.931346;683.409633
50;2025-11-03;17;721.616899;698.594762
50;2025-11-03;18;681.882544;660.128073
50;2025-11-03;19;631.885603;611.726212
50;2025-11-03;20;482.85744;467.452576
50;2025-11-03;21;402.294524;389.459902
50;2025-11-03;22;226.643586;219.412852
50;2025-11-03;23;145.590629;140.945771
50;2025-11-04;0;50.954279;49.480888
50;2025-11-04;1;4.114523;3.995547
50;2025-11-04;2;0.0;0.0
50;2025-11-04;3;0.0;0.0
50;2025-11-04;4;0.358548;0.348181
50;2025-11-04;5;29.108936;28.267224
50;2025-11-04;6;152.33126;147.926457
50;2025-11-04;7;289.540833;281.168486
50;2025-11-04;8;426.706815;414.368183
50;2025-11-04;9;501.542614;487.040034
50;2025-11-04;10;512.734693;497.908483
50;2025-11-04;11;637.105709;618.683194
50;2025-11-04;12;674.012242;654.522539
50;2025-11-04;13;744.307536;722.785177
50;2025-11-04;14;757.740609;735.829821
50;2025-11-04;15;673.609874;654.131805
50;2025-11-04;16;697.996871;677.813629
50;2025-11-04;17;713.506123;692.874417
50;2025-11-04;18;674.218371;654.722707
50;2025-11-04;19;624.783382;606.717178
50;2025-11-04;20;477.430255;463.624907
50;2025-11-04;21;397.772844;386.270865
50;2025-11-04;22;224.096175;217.616221
50;2025-11-04;23;143.95423;139.791657
50;2025-11-05;0;37.142663;37.038278
50;2025-11-05;1;3.145431;3.136591
50;2025-11-05;2;0.0;0.0
50;2025-11-05;3;0.0;0.0
50;2025-11-05;4;2.514461;2.507395
50;2025-11-05;5;75.700072;75.487328
50;2025-11-05;6;567.70552;566.110064
50;2025-11-05;7;1780.095492;1775.092786
50;2025-11-05;8;2750.416975;2742.687317
50;2025-11-05;9;2183.781718;2177.644509
50;2025-11-05;10;1658.035361;1653.375688
50;2025-11-05;11;1554.268183;1549.900132
50;2025-11-05;12;1436.650963;1432.613459
50;2025-11-05;13;1427.274905;1423.263751
50;2025-11-05;14;1430.008515;1425.989679
50;2025-11-05;15;1593.45509;1588.97691
50;2025-11-05;16;1706.98459;1702.187351
50;2025-11-05;17;2342.181215;2335.598846
50;2025-11-05;18;2482.540763;2475.563933
50;2025-11-05;19;1572.326477;1567.907676
50;2025-11-05;20;954.10368;951.422307
50;2025-11-05;21;666.683824;664.810204
50;2025-11-05;22;321.402789;320.499532
50;2025-11-05;23;152.976186;152.546268
50;2025-11-06;0;42.327715;41.95557
50;2025-11-06;1;2.798783;2.774176
50;2025-11-06;2;0.0;0.0
50;2025-11-06;3;0.0;0.0
50;2025-11-06;4;1.98337;1.965933
50;2025-11-06;5;74.730856;74.073823
50;2025-11-06;6;574.16708;569.119012
50;2025-11-06;7;1846.175968;1829.944415
50;2025-11-06;8;2710.546728;2686.71564
50;2025-11-06;9;2185.571119;2166.355608
50;2025-11-06;10;1689.322194;1674.469697
50;2025-11-06;11;1590.02233;1576.042876
50;2025-11-06;12;1475.866987;1462.891185
50;2025-11-06;13;1428.719221;1416.157942
50;2025-11-06;14;1364.71091;1352.712391
50;2025-11-06;15;1560.695857;1546.974241
50;2025-11-06;16;1727.909354;1712.717599
50;2025-11-06;17;2328.942179;2308.466152
50;2025-11-06;18;2557.24378;2534.760528
50;2025-11-06;19;1538.881331;1525.351508
50;2025-11-06;20;981.069947;972.444393
50;2025-11-06;21;741.138809;734.622727
50;2025-11-06;22;325.289752;322.429809
50;2025-11-06;23;172.245829;170.731446
50;2025-11-07;0;43.55093;43.577254
50;2025-11-07;1;2.990755;2.992562
50;2025-11-07;2;0.0;0.0
50;2025-11-07;3;0.0;0.0
50;2025-11-07;4;2.489707;2.491212
50;2025-11-07;5;71.913994;71.957462
50;2025-11-07;6;567.574;567.917064
50;2025-11-07;7;1745.312317;1746.367252
50;2025-11-07;8;2681.349828;2682.97054
50;2025-11-07;9;2017.811716;2019.03136
50;2025-11-07;10;1585.783918;1586.742428
50;2025-11-07;11;1558.537843;1559.479884
50;2025-11-07;12;1514.495034;1515.410454
50;2025-11-07;13;1482.623542;1483.519697
50;2025-11-07;14;1404.037521;1404.886176
50;2025-11-07;15;1703.196351;1704.22583
50;2025-11-07;16;2071.761285;2073.013538
50;2025-11-07;17;2107.381846;2108.65563
50;2025-11-07;18;1871.565972;1872.69722
50;2025-11-07;19;1268.176365;1268.9429
50;2025-11-07;20;844.093065;844.603267
50;2025-11-07;21;616.085461;616.457847
50;2025-11-07;22;328.286438;328.484867
50;2025-11-07;23;188.21974;188.333507
50;2025-11-08;0;73.249784;74.488486
50;2025-11-08;1;4.593709;4.671392
50;2025-11-08;2;0.0;0.0
50;2025-11-08;3;0.0;0.0
50;2025-11-08;4;0.733079;0.745476
50;2025-11-08;5;32.40778;32.955817
50;2025-11-08;6;184.446111;187.565216
50;2025-11-08;7;424.934183;432.120099
50;2025-11-08;8;625.655164;636.235403
50;2025-11-08;9;680.1733;691.675476
50;2025-11-08;10;676.904435;688.351332
50;2025-11-08;11;814.234978;828.004224
50;2025-11-08;12;848.076715;862.418247
50;2025-11-08;13;854.250865;868.696806
50;2025-11-08;14;878.007551;892.855234
50;2025-11-08;15;807.727353;821.386551
50;2025-11-08;16;808.453222;822.124696
50;2025-11-08;17;806.369403;820.005638
50;2025-11-08;18;739.781791;752.291985
50;2025-11-08;19;681.695569;693.223487
50;2025-11-08;20;505.297384;513.842294
50;2025-11-08;21;438.341827;445.754474
50;2025-11-08;22;264.608097;269.082794
50;2025-11-08;23;157.449555;160.11213
50;2025-11-09;0;55.966985;55.778701
50;2025-11-09;1;4.589923;4.574482
50;2025-11-09;2;0.0;0.0
50;2025-11-09;3;0.0;0.0
50;2025-11-09;4;0.0;0.0
50;2025-11-09;5;28.84519;28.748149
50;2025-11-09;6;135.722035;135.26544
50;2025-11-09;7;267.994661;267.093076
50;2025-11-09;8;390.897153;389.582101
50;2025-11-09;9;471.152485;469.567438
50;2025-11-09;10;519.128267;517.381821
50;2025-11-09;11;646.570798;644.395611
50;2025-11-09;12;679.306338;677.021022
50;2025-11-09;13;772.312561;769.714354
50;2025-11-09;14;782.781109;780.147685
50;2025-11-09;15;710.476549;708.086371
50;2025-11-09;16;732.120312;729.65732
50;2025-11-09;17;752.317346;749.786408
50;2025-11-09;18;701.809419;699.448399
50;2025-11-09;19;596.887615;594.879572
50;2025-11-09;20;510.005739;508.289982
50;2025-11-09;21;404.668893;403.30751
50;2025-11-09;22;245.994071;245.166501
50;2025-11-09;23;117.783062;117.386817
50;2025-11-10;0;37.529101;37.247437
50;2025-11-10;1;4.127255;4.096279
50;2025-11-10;2;0.0;0.0
50;2025-11-10;3;0.0;0.0
50;2025-11-10;4;2.29337;2.276158
50;2025-11-10;5;73.085976;72.53745
50;2025-11-10;6;571.044205;566.758395
50;2025-11-10;7;1856.197078;1842.265918
50;2025-11-10;8;2778.620766;2757.766617
50;2025-11-10;9;2188.280656;2171.857137
50;2025-11-10;10;1637.953567;1625.660372
50;2025-11-10;11;1558.030027;1546.336675
50;2025-11-10;12;1403.358219;1392.825712
50;2025-11-10;13;1442.325066;1431.500105
50;2025-11-10;14;1367.456652;1357.193595
50;2025-11-10;15;1613.21862;1601.111065
50;2025-11-10;16;1605.11618;1593.069436
50;2025-11-10;17;2322.229416;2304.800582
50;2025-11-10;18;2560.599173;2541.381322
50;2025-11-10;19;1524.949681;1513.504603
50;2025-11-10;20;932.102321;925.106691
50;2025-11-10;21;625.720994;621.024822
50;2025-11-10;22;284.921463;282.783065
50;2025-11-10;23;136.759461;135.733052
50;2025-11-11;0;36.283233;35.832628
50;2025-11-11;1;2.861944;2.826401
50;2025-11-11;2;0.0;0.0
50;2025-11-11;3;0.0;0.0
50;2025-11-11;4;2.087261;2.06134
50;2025-11-11;5;76.619961;75.668409
50;2025-11-11;6;621.727725;614.006423
50;2025-11-11;7;1921.457571;1897.594786
50;2025-11-11;8;2914.505981;2878.310424
50;2025-11-11;9;2230.172536;2202.475788
50;2025-11-11;10;1726.224823;1704.786654
50;2025-11-11;11;1608.926615;1588.945186
50;2025-11-11;12;1501.091129;1482.44892
50;2025-11-11;13;1492.009171;1473.479752
50;2025-11-11;14;1410.004935;1392.493935
50;2025-11-11;15;1609.399239;1589.41194
50;2025-11-11;16;1664.321366;1643.651983
50;2025-11-11;17;2441.646571;2411.323505
50;2025-11-11;18;2639.634158;2606.852263
50;2025-11-11;19;1556.837377;1537.502849
50;2025-11-11;20;998.832038;986.427438
50;2025-11-11;21;678.156737;669.734637
50;2025-11-11;22;310.61996;306.762338
50;2025-11-11;23;146.134119;144.319264
50;2025-11-12;0;36.549729;36.607224
50;2025-11-12;1;3.095218;3.100087
50;2025-11-12;2;0.0;0.0
50;2025-11-12;3;0.0;0.0
50;2025-11-12;4;2.474321;2.478214
50;2025-11-12;5;74.49162;74.6088
50;2025-11-12;6;558.64285;559.521628
50;2025-11-12;7;1751.678613;1754.434108
50;2025-11-12;8;2706.510192;2710.767694
50;2025-11-12;9;2148.920521;2152.300901
50;2025-11-12;10;1631.567011;1634.133564
50;2025-11-12;11;1529.456339;1531.862265
50;2025-11-12;12;1413.716724;1415.940584
50;2025-11-12;13;1404.490341;1406.699689
50;2025-11-12;14;1407.180314;1409.393892
50;2025-11-12;15;1568.017679;1570.484264
50;2025-11-12;16;1679.73483;1682.377153
50;2025-11-12;17;2304.791378;2308.416953
50;2025-11-12;18;2442.910271;2446.753114
50;2025-11-12;19;1547.226357;1549.660236
50;2025-11-12;20;938.872672;940.349575
50;2025-11-12;21;656.041095;657.073087
50;2025-11-12;22;316.272017;316.769532
50;2025-11-12;23;150.534123;150.770922
50;2025-11-13;0;43.610414;42.667733
50;2025-11-13;1;2.883597;2.821266
50;2025-11-13;2;0.0;0.0
50;2025-11-13;3;0.0;0.0
50;2025-11-13;4;2.043474;1.999303
50;2025-11-13;5;76.9955;75.331169
50;2025-11-13;6;591.566638;578.779364
50;2025-11-13;7;1902.122479;1861.006299
50;2025-11-13;8;2792.687127;2732.320549
50;2025-11-13;9;2251.802659;2203.12781
50;2025-11-13;10;1740.515408;1702.892518
50;2025-11-13;11;1638.206361;1602.794978
50;2025-11-13;12;1520.591655;1487.722625
50;2025-11-13;13;1472.015124;1440.196122
50;2025-11-13;14;1406.067105;1375.673632
50;2025-11-13;15;1607.991179;1573.232926
50;2025-11-13;16;1780.271913;1741.789649
50;2025-11-13;17;2399.518435;2347.65057
50;2025-11-13;18;2634.738487;2577.786117
50;2025-11-13;19;1585.515585;1551.243164
50;2025-11-13;20;1010.800287;988.950881
50;2025-11-13;21;763.598277;747.092376
50;2025-11-13;22;335.147331;327.902804
50;2025-11-13;23;177.465566;173.62948
50;2025-11-14;0;44.709365;44.133633
50;2025-11-14;1;3.070307;3.03077
50;2025-11-14;2;0.0;0.0
50;2025-11-14;3;0.0;0.0
50;2025-11-14;4;2.555932;2.523019
50;2025-11-14;5;73.826873;72.87619
50;2025-11-14;6;582.671209;575.168032
50;2025-11-14;7;1791.736827;1768.664264
50;2025-11-14;8;2752.672508;2717.225779
50;2025-11-14;9;2071.484585;2044.809653
50;2025-11-14;10;1627.965046;1607.001406
50;2025-11-14;11;1599.994237;1579.390783
50;2025-11-14;12;1554.779909;1534.75869
50;2025-11-14;13;1522.06065;1502.460763
50;2025-11-14;14;1441.384277;1422.823276
50;2025-11-14;15;1748.500596;1725.984795
50;2025-11-14;16;2126.869188;2099.481057
50;2025-11-14;17;2163.43724;2135.578215
50;2025-11-14;18;1921.348772;1896.607169
50;2025-11-14;19;1301.909277;1285.144324
50;2025-11-14;20;866.545554;855.386869
50;2025-11-14;21;632.473053;624.328568
50;2025-11-14;22;337.018707;332.678848
50;2025-11-14;23;193.226299;190.738084
50;2025-11-15;0;67.689414;68.805426
50;2025-11-15;1;4.245002;4.314991
50;2025-11-15;2;0.0;0.0
50;2025-11-15;3;0.0;0.0
50;2025-11-15;4;0.677431;0.6886
50;2025-11-15;5;29.947715;30.44147
50;2025-11-15;6;170.44486;173.255026
50;2025-11-15;7;392.677551;399.151722
50;2025-11-15;8;578.16186;587.694157
50;2025-11-15;9;628.541539;638.904458
50;2025-11-15;10;625.520812;635.833928
50;2025-11-15;11;752.426633;764.832076
50;2025-11-15;12;783.699453;796.620499
50;2025-11-15;13;789.404925;802.420039
50;2025-11-15;14;811.358249;824.735312
50;2025-11-15;15;746.413;758.719295
50;2025-11-15;16;747.083769;759.401123
50;2025-11-15;17;745.158132;757.443738
50;2025-11-15;18;683.625166;694.896263
50;2025-11-15;19;629.948253;640.334365
50;2025-11-15;20;466.940404;474.638965
50;2025-11-15;21;405.067424;411.74587
50;2025-11-15;22;244.521772;248.553263
50;2025-11-15;23;145.497604;147.896459
50;2025-11-16;0;56.295262;56.234064
50;2025-11-16;1;4.616845;4.611827
50;2025-11-16;2;0.0;0.0
50;2025-11-16;3;0.0;0.0
50;2025-11-16;4;0.0;0.0
50;2025-11-16;5;29.014382;28.982841
50;2025-11-16;6;136.518119;136.369713
50;2025-11-16;7;269.566596;269.273556
50;2025-11-16;8;393.189978;392.76255
50;2025-11-16;9;473.916051;473.400867
50;2025-11-16;10;522.173237;521.605594
50;2025-11-16;11;650.363289;649.656293
50;2025-11-16;12;683.29084;682.548049
50;2025-11-16;13;776.842595;775.998106
50;2025-11-16;14;787.372548;786.516612
50;2025-11-16;15;714.643882;713.867008
50;2025-11-16;16;736.414597;735.614057
50;2025-11-16;17;756.730098;755.907473
50;2025-11-16;18;705.925915;705.158518
50;2025-11-16;19;600.388687;599.736017
50;2025-11-16;20;512.997201;512.439532
50;2025-11-16;21;407.042497;406.600009
50;2025-11-16;22;247.436961;247.167978
50;2025-11-16;23;118.473924;118.345133
50;2025-11-17;0;36.225196;36.674606
50;2025-11-17;1;3.983858;4.033282
50;2025-11-17;2;0.0;0.0
50;2025-11-17;3;0.0;0.0
50;2025-11-17;4;2.21369;2.241153
50;2025-11-17;5;70.546689;71.421891
50;2025-11-17;6;551.203941;558.042175
50;2025-11-17;7;1791.705677;1813.933571
50;2025-11-17;8;2682.08083;2715.354715
50;2025-11-17;9;2112.251398;2138.455982
50;2025-11-17;10;1581.044782;1600.659218
50;2025-11-17;11;1503.898092;1522.555446
50;2025-11-17;12;1354.600175;1371.40534
50;2025-11-17;13;1392.213165;1409.484956
50;2025-11-17;14;1319.945967;1336.321212
50;2025-11-17;15;1557.169221;1576.487457
50;2025-11-17;16;1549.348291;1568.5695
50;2025-11-17;17;2241.546264;2269.354879
50;2025-11-17;18;2471.634142;2502.297226
50;2025-11-17;19;1471.967083;1490.228302
50;2025-11-17;20;899.717513;910.879405
50;2025-11-17;21;603.981048;611.474035
50;2025-11-17;22;275.022199;278.434123
50;2025-11-17;23;132.007913;133.645603
50;2025-11-18;0;34.004464;34.576714
50;2025-11-18;1;2.6822;2.727337
50;2025-11-18;2;0.0;0.0
50;2025-11-18;3;0.0;0.0
50;2025-11-18;4;1.956171;1.989091
50;2025-11-18;5;71.807842;73.016274
50;2025-11-18;6;582.680097;592.485841
50;2025-11-18;7;1800.780372;1831.085151
50;2025-11-18;8;2731.460349;2777.427254
50;2025-11-18;9;2090.106486;2125.280245
50;2025-11-18;10;1617.809223;1645.034836
50;2025-11-18;11;1507.877932;1533.253546
50;2025-11-18;12;1406.815057;1430.489915
50;2025-11-18;13;1398.303492;1421.835111
50;2025-11-18;14;1321.449535;1343.687802
50;2025-11-18;15;1508.320874;1533.703941
50;2025-11-18;16;1559.793614;1586.042901
50;2025-11-18;17;2288.298888;2326.807966
50;2025-11-18;18;2473.851859;2515.48355
50;2025-11-18;19;1459.06016;1483.614235
50;2025-11-18;20;936.100363;951.853708
50;2025-11-18;21;635.565083;646.260812
50;2025-11-18;22;291.111465;296.01049
50;2025-11-18;23;136.956162;139.260955
50;2025-11-19;0;37.547262;37.180481
50;2025-11-19;1;3.179694;3.148634
50;2025-11-19;2;0.0;0.0
50;2025-11-19;3;0.0;0.0
50;2025-11-19;4;2.541852;2.517022
50;2025-11-19;5;76.524682;75.77715
50;2025-11-19;6;573.889606;568.283556
50;2025-11-19;7;1799.486288;1781.907979
50;2025-11-19;8;2780.377601;2753.217439
50;2025-11-19;9;2207.569918;2186.005237
50;2025-11-19;10;1676.096542;1659.723567
50;2025-11-19;11;1571.199015;1555.850733
50;2025-11-19;12;1452.300577;1438.113756
50;2025-11-19;13;1442.822384;1428.728151
50;2025-11-19;14;1445.585772;1431.464545
50;2025-11-19;15;1610.81279;1595.07754
50;2025-11-19;16;1725.57898;1708.722635
50;2025-11-19;17;2367.69488;2344.566015
50;2025-11-19;18;2509.583381;2485.068477
50;2025-11-19;19;1589.454021;1573.927414
50;2025-11-19;20;964.496848;955.075145
50;2025-11-19;21;673.946092;667.362639
50;2025-11-19;22;324.903869;321.73004
50;2025-11-19;23;154.642574;153.131946
50;2025-11-20;0;43.947641;43.007889
50;2025-11-20;1;2.905895;2.843757
50;2025-11-20;2;0.0;0.0
50;2025-11-20;3;0.0;0.0
50;2025-11-20;4;2.059276;2.015242
50;2025-11-20;5;77.590884;75.931724
50;2025-11-20;6;596.141053;583.393508
50;2025-11-20;7;1916.831045;1875.842608
50;2025-11-20;8;2814.282175;2754.103147
50;2025-11-20;9;2269.215202;2220.69158
50;2025-11-20;10;1753.974314;1716.468314
50;2025-11-20;11;1650.87414;1615.572776
50;2025-11-20;12;1532.349953;1499.583044
50;2025-11-20;13;1483.397794;1451.67765
50;2025-11-20;14;1416.939818;1386.640774
50;2025-11-20;15;1620.425313;1585.77505
50;2025-11-20;16;1794.038244;1755.67554
50;2025-11-20;17;2418.073222;2366.366504
50;2025-11-20;18;2655.112162;2598.336737
50;2025-11-20;19;1597.775922;1563.60998
50;2025-11-20;20;1018.616515;996.834993
50;2025-11-20;21;769.502963;753.048344
50;2025-11-20;22;337.738929;330.51691
50;2025-11-20;23;178.837856;175.013688
50;2025-11-21;0;44.908384;44.416503
50;2025-11-21;1;3.083974;3.050196
50;2025-11-21;2;0.0;0.0
50;2025-11-21;3;0.0;0.0
50;2025-11-21;4;2.567309;2.53919
50;2025-11-21;5;74.155506;73.343282
50;2025-11-21;6;585.264907;578.854508
50;2025-11-21;7;1799.71255;1780.000322
50;2025-11-21;8;2764.925732;2734.641538
50;2025-11-21;9;2080.705575;2057.915635
50;2025-11-21;10;1635.211756;1617.301304
50;2025-11-21;11;1607.116438;1589.513714
50;2025-11-21;12;1561.700844;1544.595556
50;2025-11-21;13;1528.835939;1512.09062
50;2025-11-21;14;1447.800443;1431.942705
50;2025-11-21;15;1756.283857;1737.047304
50;2025-11-21;16;2136.336717;2112.937449
50;2025-11-21;17;2173.067547;2149.265968
50;2025-11-21;18;1929.901448;1908.763264
50;2025-11-21;19;1307.704585;1293.381314
50;2025-11-21;20;870.402888;860.869377
50;2025-11-21;21;635.288438;628.330133
50;2025-11-21;22;338.518909;334.811116
50;2025-11-21;23;194.086425;191.960599
50;2025-11-22;0;70.453468;71.944909
50;2025-11-22;1;4.418344;4.511877
50;2025-11-22;2;0.0;0.0
50;2025-11-22;3;0.0;0.0
50;2025-11-22;4;0.705093;0.72002
50;2025-11-22;5;31.17061;31.830466
50;2025-11-22;6;177.404866;181.160379
50;2025-11-22;7;408.712287;417.364385
50;2025-11-22;8;601.770728;614.509713
50;2025-11-22;9;654.20763;668.05666
50;2025-11-22;10;651.063554;664.846027
50;2025-11-22;11;783.151492;799.730156
50;2025-11-22;12;815.701318;832.969035
50;2025-11-22;13;821.639769;839.033199
50;2025-11-22;14;844.489543;862.366683
50;2025-11-22;15;776.892296;793.338459
50;2025-11-22;16;777.590456;794.051398
50;2025-11-22;17;775.586187;792.0047
50;2025-11-22;18;711.540562;726.603282
50;2025-11-22;19;655.671786;669.551811
50;2025-11-22;20;486.007616;496.295992
50;2025-11-22;21;421.608092;430.533184
50;2025-11-22;22;254.506662;259.894356
50;2025-11-22;23;151.438906;154.644741
50;2025-11-23;0;56.278782;56.317973
50;2025-11-23;1;4.615494;4.618708
50;2025-11-23;2;0.0;0.0
50;2025-11-23;3;0.0;0.0
50;2025-11-23;4;0.0;0.0
50;2025-11-23;5;29.005889;29.026088
50;2025-11-23;6;136.478155;136.573195
50;2025-11-23;7;269.487684;269.67535
50;2025-11-23;8;393.074878;393.348606
50;2025-11-23;9;473.77732;474.107247
50;2025-11-23;10;522.020379;522.383902
50;2025-11-23;11;650.172905;650.625671
50;2025-11-23;12;683.090817;683.566506
50;2025-11-23;13;776.615186;777.156004
50;2025-11-23;14;787.142056;787.690204
50;2025-11-23;15;714.434681;714.932197
50;2025-11-23;16;736.199023;736.711696
50;2025-11-23;17;756.508577;757.035392
50;2025-11-23;18;705.719266;706.210713
50;2025-11-23;19;600.212932;600.630907
50;2025-11-23;20;512.847029;513.204164
50;2025-11-23;21;406.923341;407.206713
50;2025-11-23;22;247.364528;247.536787
50;2025-11-23;23;118.439242;118.521721
50;2025-11-24;0;34.97383;35.819861
50;2025-11-24;1;3.846239;3.939281
50;2025-11-24;2;0.0;0.0
50;2025-11-24;3;0.0;0.0
50;2025-11-24;4;2.13722;2.18892
50;2025-11-24;5;68.109718;69.75732
50;2025-11-24;6;532.163103;545.036344
50;2025-11-24;7;1729.812838;1771.65771
50;2025-11-24;8;2589.430793;2652.070171
50;2025-11-24;9;2039.285599;2088.616743
50;2025-11-24;10;1526.429031;1563.353967
50;2025-11-24;11;1451.947303;1487.070496
50;2025-11-24;12;1307.806747;1339.443121
50;2025-11-24;13;1344.12043;1376.635247
50;2025-11-24;14;1274.349637;1305.17667
50;2025-11-24;15;1503.37823;1539.745557
50;2025-11-24;16;1495.827467;1532.012138
50;2025-11-24;17;2164.114092;2216.464887
50;2025-11-24;18;2386.253794;2443.978238
50;2025-11-24;19;1421.119322;1455.496773
50;2025-11-24;20;868.637592;889.650287
50;2025-11-24;21;583.117073;597.222911
50;2025-11-24;22;265.521808;271.944888
50;2025-11-24;23;127.44782;130.530835
50;2025-11-25;0;36.690557;36.132007
50;2025-11-25;1;2.894073;2.850016
50;2025-11-25;2;0.0;0.0
50;2025-11-25;3;0.0;0.0
50;2025-11-25;4;2.110694;2.078562
50;2025-11-25;5;77.480114;76.300614
50;2025-11-25;6;628.707381;619.136409
50;2025-11-25;7;1943.028288;1913.449077
50;2025-11-25;8;2947.224885;2902.358535
50;2025-11-25;9;2255.208958;2220.877342
50;2025-11-25;10;1745.603813;1719.030045
50;2025-11-25;11;1626.988789;1602.220727
50;2025-11-25;12;1517.942718;1494.834692
50;2025-11-25;13;1508.758804;1485.790587
50;2025-11-25;14;1425.83397;1404.128139
50;2025-11-25;15;1627.46672;1602.691382
50;2025-11-25;16;1683.005414;1657.384597
50;2025-11-25;17;2469.057049;2431.469968
50;2025-11-25;18;2669.267289;2628.632358
50;2025-11-25;19;1574.314785;1550.348593
50;2025-11-25;20;1010.045153;994.66898
50;2025-11-25;21;685.769878;675.330229
50;2025-11-25;22;314.10705;309.325319
50;2025-11-25;23;147.774654;145.525043
50;2025-11-26;0;35.208023;35.718562
50;2025-11-26;1;2.981596;3.024831
50;2025-11-26;2;0.0;0.0
50;2025-11-26;3;0.0;0.0
50;2025-11-26;4;2.383491;2.418053
50;2025-11-26;5;71.757104;72.797628
50;2025-11-26;6;538.135604;545.938914
50;2025-11-26;7;1687.376162;1711.844197
50;2025-11-26;8;2607.156785;2644.962227
50;2025-11-26;9;2070.035698;2100.052542
50;2025-11-26;10;1571.673743;1594.464019
50;2025-11-26;11;1473.311456;1494.675416
50;2025-11-26;12;1361.820531;1381.567801
50;2025-11-26;13;1352.932841;1372.551233
50;2025-11-26;14;1355.524067;1375.180034
50;2025-11-26;15;1510.457246;1532.359843
50;2025-11-26;16;1618.073367;1641.536467
50;2025-11-26;17;2220.184685;2252.378785
50;2025-11-26;18;2353.233365;2387.356756
50;2025-11-26;19;1490.429153;1512.04133
50;2025-11-26;20;904.407552;917.522041
50;2025-11-26;21;631.958453;641.122255
50;2025-11-26;22;304.661973;309.079767
50;2025-11-26;23;145.008159;147.11087
50;2025-11-27;0;41.391017;41.565286
50;2025-11-27;1;2.736847;2.74837
50;2025-11-27;2;0.0;0.0
50;2025-11-27;3;0.0;0.0
50;2025-11-27;4;1.939479;1.947645
50;2025-11-27;5;73.077088;73.384765
50;2025-11-27;6;561.460958;563.824886
50;2025-11-27;7;1805.32072;1812.921692
50;2025-11-27;8;2650.563249;2661.722959
50;2025-11-27;9;2137.205171;2146.203482
50;2025-11-27;10;1651.938067;1658.893249
50;2025-11-27;11;1554.835675;1561.382025
50;2025-11-27;12;1443.206551;1449.282907
50;2025-11-27;13;1397.102149;1402.984392
50;2025-11-27;14;1334.510321;1340.129032
50;2025-11-27;15;1526.158187;1532.583796
50;2025-11-27;16;1689.671306;1696.785357
50;2025-11-27;17;2277.403479;2286.992068
50;2025-11-27;18;2500.652842;2511.181382
50;2025-11-27;19;1504.826409;1511.162204
50;2025-11-27;20;959.359201;963.398407
50;2025-11-27;21;724.737658;727.789033
50;2025-11-27;22;318.0912;319.430465
50;2025-11-27;23;168.434087;169.143248
50;2025-11-28;0;43.203415;43.298382
50;2025-11-28;1;2.96689;2.973411
50;2025-11-28;2;0.0;0.0
50;2025-11-28;3;0.0;0.0
50;2025-11-28;4;2.46984;2.475269
50;2025-11-28;5;71.340155;71.496971
50;2025-11-28;6;563.045031;564.282684
50;2025-11-28;7;1731.385561;1735.191391
50;2025-11-28;8;2659.95394;2665.800896
50;2025-11-28;9;2001.710545;2006.110588
50;2025-11-28;10;1573.130122;1576.588085
50;2025-11-28;11;1546.101457;1549.500007
50;2025-11-28;12;1502.410089;1505.712599
50;2025-11-28;13;1470.792916;1474.025927
50;2025-11-28;14;1392.833974;1395.89562
50;2025-11-28;15;1689.60566;1693.319653
50;2025-11-28;16;2055.229622;2059.747308
50;2025-11-28;17;2090.565949;2095.161308
50;2025-11-28;18;1856.631772;1860.712912
50;2025-11-28;19;1258.056925;1260.822312
50;2025-11-28;20;837.357606;839.198237
50;2025-11-28;21;611.169394;612.512831
50;2025-11-28;22;325.666869;326.382731
50;2025-11-28;23;186.717836;187.128269
50;2025-11-29;0;74.463999;75.548992
50;2025-11-29;1;4.669856;4.737899
50;2025-11-29;2;0.0;0.0
50;2025-11-29;3;0.0;0.0
50;2025-11-29;4;0.74523;0.756089
50;2025-11-29;5;32.944983;33.425014
50;2025-11-29;6;187.503555;190.235614
50;2025-11-29;7;431.978042;438.272266
50;2025-11-29;8;636.026244;645.293594
50;2025-11-29;9;691.448092;701.522977
50;2025-11-29;10;688.125041;698.151507
50;2025-11-29;11;827.732023;839.792661
50;2025-11-29;12;862.134733;874.696642
50;2025-11-29;13;868.411227;881.06459
50;2025-11-29;14;892.561713;905.566966
50;2025-11-29;15;821.116525;833.080771
50;2025-11-29;16;821.854427;833.829425
50;2025-11-29;17;819.736066;831.680197
50;2025-11-29;18;752.044674;763.002494
50;2025-11-29;19;692.995594;703.093028
50;2025-11-29;20;513.673371;521.157954
50;2025-11-29;21;445.607935;452.100756
50;2025-11-29;22;268.994334;272.913771
50;2025-11-29;23;160.059494;162.391674
50;2025-11-30;0;56.169119;56.260398
50;2025-11-30;1;4.6065;4.613986
50;2025-11-30;2;0.0;0.0
50;2025-11-30;3;0.0;0.0
50;2025-11-30;4;0.0;0.0
50;2025-11-30;5;28.949369;28.996414
50;2025-11-30;6;136.212218;136.433572
50;2025-11-30;7;268.962568;269.399652
50;2025-11-30;8;392.308943;392.946473
50;2025-11-30;9;472.854131;473.622552
50;2025-11-30;10;521.003185;521.849853
50;2025-11-30;11;648.905997;649.960515
50;2025-11-30;12;681.759766;682.867675
50;2025-11-30;13;775.101896;776.361492
50;2025-11-30;14;785.608254;786.884923
50;2025-11-30;15;713.042554;714.201299
50;2025-11-30;16;734.764487;735.958532
50;2025-11-30;17;755.034466;756.261451
50;2025-11-30;18;704.344121;705.488731
50;2025-11-30;19;599.043374;600.016863
50;2025-11-30;20;511.847709;512.679499
50;2025-11-30;21;406.130422;406.790413
50;2025-11-30;22;246.88252;247.283722
50;2025-11-30;23;118.208455;118.400552
50;2025-12-01;0;38.524427;38.683215
50;2025-12-01;1;4.236716;4.254178
50;2025-12-01;2;0.0;0.0
50;2025-12-01;3;0.0;0.0
50;2025-12-01;4;2.354194;2.363897
50;2025-12-01;5;75.024322;75.333553
50;2025-12-01;6;586.189123;588.605245
50;2025-12-01;7;1905.426107;1913.279787
50;2025-12-01;8;2852.313804;2864.070314
50;2025-12-01;9;2246.317021;2255.575767
50;2025-12-01;10;1681.394463;1688.324742
50;2025-12-01;11;1599.351235;1605.943353
50;2025-12-01;12;1440.577306;1446.514999
50;2025-12-01;13;1480.577611;1486.680174
50;2025-12-01;14;1403.723579;1409.509369
50;2025-12-01;15;1656.003508;1662.829133
50;2025-12-01;16;1647.68618;1654.477522
50;2025-12-01;17;2383.818295;2393.643786
50;2025-12-01;18;2628.509962;2639.34401
50;2025-12-01;19;1565.393549;1571.845702
50;2025-12-01;20;956.823021;960.766801
50;2025-12-01;21;642.316019;644.963481
50;2025-12-01;22;292.477991;293.683511
50;2025-12-01;23;140.38652;140.965157
50;2025-12-02;0;37.237606;36.801309
50;2025-12-02;1;2.937223;2.902809
50;2025-12-02;2;0.0;0.0
50;2025-12-02;3;0.0;0.0
50;2025-12-02;4;2.142164;2.117065
50;2025-12-02;5;78.635327;77.713991
50;2025-12-02;6;638.081288;630.605167
50;2025-12-02;7;1971.998469;1948.893421
50;2025-12-02;8;2991.167445;2956.121238
50;2025-12-02;9;2288.833693;2262.016425
50;2025-12-02;10;1771.630433;1750.87301
50;2025-12-02;11;1651.246882;1631.89994
50;2025-12-02;12;1540.574954;1522.524708
50;2025-12-02;13;1531.25411;1513.313072
50;2025-12-02;14;1447.092882;1430.137924
50;2025-12-02;15;1651.731938;1632.379313
50;2025-12-02;16;1708.098704;1688.085654
50;2025-12-02;17;2505.870218;2476.510027
50;2025-12-02;18;2709.065554;2677.324612
50;2025-12-02;19;1597.787518;1579.066937
50;2025-12-02;20;1025.104733;1013.094027
50;2025-12-02;21;695.994576;687.83991
50;2025-12-02;22;318.790326;315.055199
50;2025-12-02;23;149.977946;148.22072
50;2025-12-03;0;38.159625;38.058612
50;2025-12-03;1;3.231552;3.222998
50;2025-12-03;2;0.0;0.0
50;2025-12-03;3;0.0;0.0
50;2025-12-03;4;2.583307;2.576469
50;2025-12-03;5;77.772732;77.566859
50;2025-12-03;6;583.249235;581.705314
50;2025-12-03;7;1828.83431;1823.993198
50;2025-12-03;8;2825.723088;2818.24311
50;2025-12-03;9;2243.573421;2237.634452
50;2025-12-03;10;1703.432187;1698.923027
50;2025-12-03;11;1596.823874;1592.596918
50;2025-12-03;12;1475.986308;1472.079221
50;2025-12-03;13;1466.353534;1462.471946
50;2025-12-03;14;1469.161991;1465.272968
50;2025-12-03;15;1637.083714;1632.750186
50;2025-12-03;16;1753.72164;1749.079359
50;2025-12-03;17;2406.309879;2399.94013
50;2025-12-03;18;2550.512455;2543.760987
50;2025-12-03;19;1615.376603;1611.100535
50;2025-12-03;20;980.226934;977.632173
50;2025-12-03;21;684.937554;683.124454
50;2025-12-03;22;330.202762;329.328681
50;2025-12-03;23;157.164657;156.748626
50;2025-12-04;0;44.800562;43.837988
50;2025-12-04;1;2.962292;2.898645
50;2025-12-04;2;0.0;0.0
50;2025-12-04;3;0.0;0.0
50;2025-12-04;4;2.099242;2.054138
50;2025-12-04;5;79.096742;77.397288
50;2025-12-04;6;607.710764;594.653631
50;2025-12-04;7;1954.032279;1912.048391
50;2025-12-04;8;2868.900847;2807.260304
50;2025-12-04;9;2313.255392;2263.553319
50;2025-12-04;10;1788.014877;1749.598001
50;2025-12-04;11;1682.913769;1646.755071
50;2025-12-04;12;1562.089303;1528.526612
50;2025-12-04;13;1512.187095;1479.696592
50;2025-12-04;14;1444.439325;1413.404434
50;2025-12-04;15;1651.874;1616.382216
50;2025-12-04;16;1828.856355;1789.561968
50;2025-12-04;17;2465.0024;2412.039926
50;2025-12-04;18;2706.641715;2648.487435
50;2025-12-04;19;1628.785037;1593.789337
50;2025-12-04;20;1038.385493;1016.074981
50;2025-12-04;21;784.437226;767.582988
50;2025-12-04;22;344.293657;336.896242
50;2025-12-04;23;182.308683;178.391641
50;2025-12-05;0;46.130545;45.602399
50;2025-12-05;1;3.167903;3.131634
50;2025-12-05;2;0.0;0.0
50;2025-12-05;3;0.0;0.0
50;2025-12-05;4;2.637178;2.606985
50;2025-12-05;5;76.173614;75.301506
50;2025-12-05;6;601.192623;594.309603
50;2025-12-05;7;1848.690902;1827.525344
50;2025-12-05;8;2840.171919;2807.65495
50;2025-12-05;9;2137.331024;2112.860841
50;2025-12-05;10;1679.713295;1660.482352
50;2025-12-05;11;1650.853376;1631.952848
50;2025-12-05;12;1604.201817;1585.835401
50;2025-12-05;13;1570.442509;1552.462601
50;2025-12-05;14;1487.201669;1470.174781
50;2025-12-05;15;1804.080318;1783.425504
50;2025-12-05;16;2194.476142;2169.351708
50;2025-12-05;17;2232.206585;2206.650177
50;2025-12-05;18;1982.422832;1959.726184
50;2025-12-05;19;1343.293166;1327.913878
50;2025-12-05;20;894.090504;883.854112
50;2025-12-05;21;652.577522;645.106199
50;2025-12-05;22;347.731546;343.750388
50;2025-12-05;23;199.368398;197.08584
50;2025-12-06;0;75.681009;77.783362
50;2025-12-06;1;4.746179;4.878023
50;2025-12-06;2;0.0;0.0
50;2025-12-06;3;0.0;0.0
50;2025-12-06;4;0.75741;0.77845
50;2025-12-06;5;33.483423;34.413563
50;2025-12-06;6;190.568039;195.861854
50;2025-12-06;7;439.038122;451.234219
50;2025-12-06;8;646.421208;664.378228
50;2025-12-06;9;702.748848;722.270601
50;2025-12-06;10;699.371487;718.799419
50;2025-12-06;11;841.26015;864.629627
50;2025-12-06;12;876.225125;900.565898
50;2025-12-06;13;882.6042;907.122178
50;2025-12-06;14;907.149392;932.349214
50;2025-12-06;15;834.536532;857.719232
50;2025-12-06;16;835.286494;858.490027
50;2025-12-06;17;833.133511;856.277236
50;2025-12-06;18;764.335797;785.568382
50;2025-12-06;19;704.321642;723.887086
50;2025-12-06;20;522.068647;536.571261
50;2025-12-06;21;452.890776;465.471689
50;2025-12-06;22;273.390672;280.985228
50;2025-12-06;23;162.675444;167.194426
50;2025-12-07;0;57.541769;57.874322
50;2025-12-07;1;4.719073;4.746346
50;2025-12-07;2;0.0;0.0
50;2025-12-07;3;0.0;0.0
50;2025-12-07;4;0.0;0.0
50;2025-12-07;5;29.656828;29.828225
50;2025-12-07;6;139.540945;140.347399
50;2025-12-07;7;275.535423;277.127834
50;2025-12-07;8;401.896112;404.218804
50;2025-12-07;9;484.409647;487.209212
50;2025-12-07;10;533.735358;536.819993
50;2025-12-07;11;664.763834;668.605726
50;2025-12-07;12;698.420477;702.456882
50;2025-12-07;13;794.043684;798.632727
50;2025-12-07;14;804.806794;809.458041
50;2025-12-07;15;730.467748;734.689365
50;2025-12-07;16;752.720517;757.07074
50;2025-12-07;17;773.485849;777.956082
50;2025-12-07;18;721.556744;725.726861
50;2025-12-07;19;613.682679;617.229356
50;2025-12-07;20;524.356143;527.386572
50;2025-12-07;21;416.055357;418.45988
50;2025-12-07;22;252.915787;254.377471
50;2025-12-07;23;121.09721;121.797071
50;2025-12-08;0;38.613503;38.385397
50;2025-12-08;1;4.246512;4.221426
50;2025-12-08;2;0.0;0.0
50;2025-12-08;3;0.0;0.0
50;2025-12-08;4;2.359637;2.345698
50;2025-12-08;5;75.197793;74.753568
50;2025-12-08;6;587.544505;584.073633
50;2025-12-08;7;1909.831821;1898.54964
50;2025-12-08;8;2858.908905;2842.020126
50;2025-12-08;9;2251.510941;2238.210317
50;2025-12-08;10;1685.282172;1675.3265
50;2025-12-08;11;1603.049244;1593.579357
50;2025-12-08;12;1443.9082;1435.378426
50;2025-12-08;13;1484.000993;1475.234374
50;2025-12-08;14;1406.969259;1398.657699
50;2025-12-08;15;1659.832509;1650.027179
50;2025-12-08;16;1651.495949;1641.739867
50;2025-12-08;17;2389.330144;2375.215364
50;2025-12-08;18;2634.587586;2619.023967
50;2025-12-08;19;1569.013042;1559.744221
50;2025-12-08;20;959.035381;953.369955
50;2025-12-08;21;643.801177;639.997973
50;2025-12-08;22;293.154257;291.422471
50;2025-12-08;23;140.711121;139.879881
50;2025-12-09;0;37.348796;36.810043
50;2025-12-09;1;2.945993;2.903498
50;2025-12-09;2;0.0;0.0
50;2025-12-09;3;0.0;0.0
50;2025-12-09;4;2.14856;2.117567
50;2025-12-09;5;78.870129;77.732434
50;2025-12-09;6;639.986571;630.75482
50;2025-12-09;7;1977.886771;1949.355927
50;2025-12-09;8;3000.098942;2956.822776
50;2025-12-09;9;2295.668051;2262.55324
50;2025-12-09;10;1776.920444;1751.288522
50;2025-12-09;11;1656.177433;1632.287218
50;2025-12-09;12;1545.175044;1522.886029
50;2025-12-09;13;1535.826368;1513.672207
50;2025-12-09;14;1451.413839;1430.477321
50;2025-12-09;15;1656.663938;1632.766705
50;2025-12-09;16;1713.199012;1688.486266
50;2025-12-09;17;2513.352638;2477.097745
50;2025-12-09;18;2717.154707;2677.959987
50;2025-12-09;19;1602.558443;1579.441677
50;2025-12-09;20;1028.165651;1013.334451
50;2025-12-09;21;698.072785;688.003146
50;2025-12-09;22;319.74222;315.129967
50;2025-12-09;23;150.425774;148.255895
50;2025-12-10;0;37.784898;37.609103
50;2025-12-10;1;3.199819;3.184932
50;2025-12-10;2;0.0;0.0
50;2025-12-10;3;0.0;0.0
50;2025-12-10;4;2.557939;2.546038
50;2025-12-10;5;77.009004;76.65072
50;2025-12-10;6;577.521733;574.834816
50;2025-12-10;7;1810.875176;1802.450086
50;2025-12-10;8;2797.974517;2784.956951
50;2025-12-10;9;2221.541554;2211.20584
50;2025-12-10;10;1686.7045;1678.857114
50;2025-12-10;11;1581.143081;1573.786818
50;2025-12-10;12;1461.492138;1454.692551
50;2025-12-10;13;1451.953958;1445.198747
50;2025-12-10;14;1454.734835;1447.966687
50;2025-12-10;15;1621.007569;1613.465838
50;2025-12-10;16;1736.500112;1728.421051
50;2025-12-10;17;2382.679941;2371.594531
50;2025-12-10;18;2525.466449;2513.716726
50;2025-12-10;19;1599.513621;1592.07189
50;2025-12-10;20;970.601116;966.085397
50;2025-12-10;21;678.211474;675.056098
50;2025-12-10;22;326.960174;325.438993
50;2025-12-10;23;155.621302;154.897274
50;2025-12-11;0;42.752159;42.744496
50;2025-12-11;1;2.826848;2.826341
50;2025-12-11;2;0.0;0.0
50;2025-12-11;3;0.0;0.0
50;2025-12-11;4;2.003259;2.0029
50;2025-12-11;5;75.480225;75.466696
50;2025-12-11;6;579.924582;579.820634
50;2025-12-11;7;1864.688632;1864.354396
50;2025-12-11;8;2737.726932;2737.236208
50;2025-12-11;9;2207.487092;2207.091411
50;2025-12-11;10;1706.261995;1705.956156
50;2025-12-11;11;1605.966394;1605.678533
50;2025-12-11;12;1490.66635;1490.399156
50;2025-12-11;13;1443.045807;1442.787148
50;2025-12-11;14;1378.395648;1378.148577
50;2025-12-11;15;1576.345848;1576.063296
50;2025-12-11;16;1745.23609;1744.923265
50;2025-12-11;17;2352.295815;2351.874178
50;2025-12-11;18;2582.886727;2582.423758
50;2025-12-11;19;1554.312575;1554.033972
50;2025-12-11;20;990.907697;990.730081
50;2025-12-11;21;748.570632;748.436454
50;2025-12-11;22;328.551618;328.492727
50;2025-12-11;23;173.973037;173.941853
50;2025-12-12;0;44.209516;44.401886
50;2025-12-12;1;3.035981;3.049192
50;2025-12-12;2;0.0;0.0
50;2025-12-12;3;0.0;0.0
50;2025-12-12;4;2.527357;2.538354
50;2025-12-12;5;73.001492;73.319145
50;2025-12-12;6;576.15697;578.664014
50;2025-12-12;7;1771.705287;1779.414546
50;2025-12-12;8;2721.897748;2733.741601
50;2025-12-12;9;2048.325477;2057.2384
50;2025-12-12;10;1609.764467;1616.76907
50;2025-12-12;11;1582.106371;1588.990624
50;2025-12-12;12;1537.397537;1544.087248
50;2025-12-12;13;1505.044078;1511.593009
50;2025-12-12;14;1425.269663;1431.47147
50;2025-12-12;15;1728.952435;1736.475663
50;2025-12-12;16;2103.090883;2112.242108
50;2025-12-12;17;2139.250106;2148.558671
50;2025-12-12;18;1899.868176;1908.135113
50;2025-12-12;19;1287.353987;1292.955678
50;2025-12-12;20;856.857613;860.586076
50;2025-12-12;21;625.402032;628.123357
50;2025-12-12;22;333.250853;334.700934
50;2025-12-12;23;191.066037;191.897427
50;2025-12-13;0;75.793412;76.664051
50;2025-12-13;1;4.753228;4.807828
50;2025-12-13;2;0.0;0.0
50;2025-12-13;3;0.0;0.0
50;2025-12-13;4;0.758535;0.767248
50;2025-12-13;5;33.533153;33.918348
50;2025-12-13;6;190.851074;193.043382
50;2025-12-13;7;439.690188;444.740913
50;2025-12-13;8;647.381283;654.817757
50;2025-12-13;9;703.792582;711.877053
50;2025-12-13;10;700.410204;708.455822
50;2025-12-13;11;842.509603;852.187518
50;2025-12-13;12;877.526508;887.606662
50;2025-12-13;13;883.915058;894.068597
50;2025-12-13;14;908.496705;918.932614
50;2025-12-13;15;835.775999;845.376564
50;2025-12-13;16;836.527075;846.136268
50;2025-12-13;17;834.370894;843.955319
50;2025-12-13;18;765.471001;774.263972
50;2025-12-13;19;705.367712;713.470277
50;2025-12-13;20;522.844032;528.849945
50;2025-12-13;21;453.563417;458.773503
50;2025-12-13;22;273.796716;276.941821
50;2025-12-13;23;162.917052;164.788481
50;2025-12-14;0;57.517745;57.549961
50;2025-12-14;1;4.717103;4.719745
50;2025-12-14;2;0.0;0.0
50;2025-12-14;3;0.0;0.0
50;2025-12-14;4;0.0;0.0
50;2025-12-14;5;29.644446;29.66105
50;2025-12-14;6;139.482688;139.560811
50;2025-12-14;7;275.420389;275.57465
50;2025-12-14;8;401.728323;401.953329
50;2025-12-14;9;484.207409;484.478611
50;2025-12-14;10;533.512528;533.811345
50;2025-12-14;11;664.4863;664.858475
50;2025-12-14;12;698.128892;698.51991
50;2025-12-14;13;793.712176;794.15673
50;2025-12-14;14;804.470793;804.921372
50;2025-12-14;15;730.162783;730.571743
50;2025-12-14;16;752.406261;752.82768
50;2025-12-14;17;773.162925;773.595969
50;2025-12-14;18;721.2555;721.659471
50;2025-12-14;19;613.426471;613.770047
50;2025-12-14;20;524.137228;524.430794
50;2025-12-14;21;415.881657;416.11459
50;2025-12-14;22;252.810196;252.951794
50;2025-12-14;23;121.046653;121.11445
50;2025-12-15;0;38.557604;38.362796
50;2025-12-15;1;4.240364;4.21894
50;2025-12-15;2;0.0;0.0
50;2025-12-15;3;0.0;0.0
50;2025-12-15;4;2.356221;2.344317
50;2025-12-15;5;75.088932;74.709554
50;2025-12-15;6;586.693941;583.72974
50;2025-12-15;7;1907.067035;1897.431806
50;2025-12-15;8;2854.770178;2840.346793
50;2025-12-15;9;2248.251519;2236.892497
50;2025-12-15;10;1682.842457;1674.340097
50;2025-12-15;11;1600.728575;1592.641085
50;2025-12-15;12;1441.817912;1434.5333
50;2025-12-15;13;1481.852665;1474.365781
50;2025-12-15;14;1404.932447;1397.834193
50;2025-12-15;15;1657.429637;1649.055672
50;2025-12-15;16;1649.105145;1640.773239
50;2025-12-15;17;2385.871208;2373.816879
50;2025-12-15;18;2630.7736;2617.481931
50;2025-12-15;19;1566.741646;1558.825871
50;2025-12-15;20;957.647024;952.808627
50;2025-12-15;21;642.869173;639.621153
50;2025-12-15;22;292.72987;291.250887
50;2025-12-15;23;140.507419;139.797522
50;2025-12-16;0;36.96925;36.433981
50;2025-12-16;1;2.916056;2.873835
50;2025-12-16;2;0.0;0.0
50;2025-12-16;3;0.0;0.0
50;2025-12-16;4;2.126726;2.095933
50;2025-12-16;5;78.068634;76.938297
50;2025-12-16;6;633.482889;624.310843
50;2025-12-16;7;1957.787057;1929.440732
50;2025-12-16;8;2969.611286;2926.615003
50;2025-12-16;9;2272.338975;2239.438329
50;2025-12-16;10;1758.862994;1733.396842
50;2025-12-16;11;1639.346999;1615.611291
50;2025-12-16;12;1529.47264;1507.327776
50;2025-12-16;13;1520.218968;1498.208085
50;2025-12-16;14;1436.664257;1415.863143
50;2025-12-16;15;1639.82856;1616.085879
50;2025-12-16;16;1695.789113;1671.236192
50;2025-12-16;17;2487.811404;2451.790984
50;2025-12-16;18;2689.542392;2650.601158
50;2025-12-16;19;1586.272896;1563.305635
50;2025-12-16;20;1017.717209;1002.981928
50;2025-12-16;21;690.978818;680.974303
50;2025-12-16;22;316.492931;311.910506
50;2025-12-16;23;148.897114;146.741269
50;2025-12-17;0;38.295109;37.795237
50;2025-12-17;1;3.243026;3.200694
50;2025-12-17;2;0.0;0.0
50;2025-12-17;3;0.0;0.0
50;2025-12-17;4;2.592479;2.558639
50;2025-12-17;5;78.048861;77.030078
50;2025-12-17;6;585.320037;577.679774
50;2025-12-17;7;1835.327509;1811.370727
50;2025-12-17;8;2835.755699;2798.74019
50;2025-12-17;9;2251.539134;2222.149484
50;2025-12-17;10;1709.480151;1687.166072
50;2025-12-17;11;1602.49333;1581.575765
50;2025-12-17;12;1481.226735;1461.892079
50;2025-12-17;13;1471.55976;1452.351289
50;2025-12-17;14;1474.378188;1455.132927
50;2025-12-17;15;1642.896111;1621.451162
50;2025-12-17;16;1759.948154;1736.975309
50;2025-12-17;17;2414.85338;2383.331967
50;2025-12-17;18;2559.567942;2526.15755
50;2025-12-17;19;1621.111929;1599.951333
50;2025-12-17;20;983.707188;970.866723
50;2025-12-17;21;687.369396;678.397069
50;2025-12-17;22;331.375133;327.049648
50;2025-12-17;23;157.722663;155.663888
50;2025-12-18;0;45.081651;44.322723
50;2025-12-18;1;2.980878;2.930696
50;2025-12-18;2;0.0;0.0
50;2025-12-18;3;0.0;0.0
50;2025-12-18;4;2.112413;2.076851
50;2025-12-18;5;79.593013;78.253103
50;2025-12-18;6;611.523677;601.228967
50;2025-12-18;7;1966.292312;1933.190718
50;2025-12-18;8;2886.90097;2838.301368
50;2025-12-18;9;2327.769271;2288.582385
50;2025-12-18;10;1799.23328;1768.944045
50;2025-12-18;11;1693.472744;1664.963938
50;2025-12-18;12;1571.890199;1545.428176
50;2025-12-18;13;1521.674894;1496.058222
50;2025-12-18;14;1453.502059;1429.033044
50;2025-12-18;15;1662.238226;1634.255237
50;2025-12-18;16;1840.331007;1809.349911
50;2025-12-18;17;2480.468374;2438.710871
50;2025-12-18;18;2723.623788;2677.77288
50;2025-12-18;19;1639.004397;1611.412539
50;2025-12-18;20;1044.900555;1027.310152
50;2025-12-18;21;789.35896;776.070478
50;2025-12-18;22;346.453832;340.621446
50;2025-12-18;23;183.452529;180.364193
50;2025-12-19;0;46.083555;45.550444
50;2025-12-19;1;3.164676;3.128066
50;2025-12-19;2;0.0;0.0
50;2025-12-19;3;0.0;0.0
50;2025-12-19;4;2.634491;2.604015
50;2025-12-19;5;76.09602;75.215715
50;2025-12-19;6;600.580225;593.632503
50;2025-12-19;7;1846.807753;1825.443235
50;2025-12-19;8;2837.278808;2804.456175
50;2025-12-19;9;2135.153854;2110.453648
50;2025-12-19;10;1678.002272;1658.590556
50;2025-12-19;11;1649.171751;1630.093556
50;2025-12-19;12;1602.567714;1584.028651
50;2025-12-19;13;1568.842794;1550.693872
50;2025-12-19;14;1485.686747;1468.499803
50;2025-12-19;15;1802.24261;1781.393638
50;2025-12-19;16;2192.240762;2166.880155
50;2025-12-19;17;2229.932771;2204.13613
50;2025-12-19;18;1980.403458;1957.493459
50;2025-12-19;19;1341.924835;1326.400979
50;2025-12-19;20;893.179748;882.847133
50;2025-12-19;21;651.912781;644.371226
50;2025-12-19;22;347.377333;343.358751
50;2025-12-19;23;199.165313;196.861299
50;2025-12-20;0;76.074519;77.598735
50;2025-12-20;1;4.770857;4.866445
50;2025-12-20;2;0.0;0.0
50;2025-12-20;3;0.0;0.0
50;2025-12-20;4;0.761348;0.776603
50;2025-12-20;5;33.657522;34.331879
50;2025-12-20;6;191.558913;195.396955
50;2025-12-20;7;441.320936;450.163168
50;2025-12-20;8;649.782327;662.801256
50;2025-12-20;9;706.402848;720.556216
50;2025-12-20;10;703.007925;717.093273
50;2025-12-20;11;845.63435;862.577338
50;2025-12-20;12;880.781128;898.42831
50;2025-12-20;13;887.193371;904.969028
50;2025-12-20;14;911.866188;930.136186
50;2025-12-20;15;838.875772;855.683345
50;2025-12-20;16;839.629633;856.452311
50;2025-12-20;17;837.465456;854.244772
50;2025-12-20;18;768.310023;783.703753
50;2025-12-20;19;707.983819;722.168864
50;2025-12-20;20;524.783185;535.297653
50;2025-12-20;21;455.245618;464.366843
50;2025-12-20;22;274.812189;280.31828
50;2025-12-20;23;163.521288;166.797573
50;2025-12-21;0;57.357803;57.308131
50;2025-12-21;1;4.703986;4.699912
50;2025-12-21;2;0.0;0.0
50;2025-12-21;3;0.0;0.0
50;2025-12-21;4;0.0;0.0
50;2025-12-21;5;29.562012;29.536412
50;2025-12-21;6;139.094821;138.974366
50;2025-12-21;7;274.654512;274.416664
50;2025-12-21;8;400.611215;400.26429
50;2025-12-21;9;482.860947;482.442794
50;2025-12-21;10;532.02896;531.568228
50;2025-12-21;11;662.638526;662.064687
50;2025-12-21;12;696.187566;695.584674
50;2025-12-21;13;791.505057;790.819621
50;2025-12-21;14;802.233756;801.53903
50;2025-12-21;15;728.132379;727.501823
50;2025-12-21;16;750.314004;749.664239
50;2025-12-21;17;771.012948;770.345258
50;2025-12-21;18;719.249865;718.627001
50;2025-12-21;19;611.720682;611.190938
50;2025-12-21;20;522.679731;522.227095
50;2025-12-21;21;414.725192;414.366044
50;2025-12-21;22;252.107193;251.88887
50;2025-12-21;23;120.710052;120.605518
50;2025-12-22;0;37.896831;37.732343
50;2025-12-22;1;4.167696;4.149606
50;2025-12-22;2;0.0;0.0
50;2025-12-22;3;0.0;0.0
50;2025-12-22;4;2.315842;2.30579
50;2025-12-22;5;73.802111;73.48178
50;2025-12-22;6;576.639593;574.136745
50;2025-12-22;7;1874.385062;1866.249476
50;2025-12-22;8;2805.847137;2793.66863
50;2025-12-22;9;2209.722568;2200.131481
50;2025-12-22;10;1654.003088;1646.824048
50;2025-12-22;11;1573.296415;1566.467675
50;2025-12-22;12;1417.109052;1410.958228
50;2025-12-22;13;1456.457717;1450.136103
50;2025-12-22;14;1380.855703;1374.862233
50;2025-12-22;15;1629.025774;1621.955146
50;2025-12-22;16;1620.843942;1613.808826
50;2025-12-22;17;2344.983826;2334.805652
50;2025-12-22;18;2585.689254;2574.466321
50;2025-12-22;19;1539.89193;1533.208179
50;2025-12-22;20;941.235544;937.150202
50;2025-12-22;21;631.852133;629.10964
50;2025-12-22;22;287.713271;286.46448
50;2025-12-22;23;138.099502;137.500094
50;2025-12-23;0;37.639797;37.019051
50;2025-12-23;1;2.968947;2.919984
50;2025-12-23;2;0.0;0.0
50;2025-12-23;3;0.0;0.0
50;2025-12-23;4;2.1653;2.129591
50;2025-12-23;5;79.484641;78.173801
50;2025-12-23;6;644.97299;634.336264
50;2025-12-23;7;1993.297365;1960.424425
50;2025-12-23;8;3023.474044;2973.6117
50;2025-12-23;9;2313.55462;2275.400082
50;2025-12-23;10;1790.76522;1761.232388
50;2025-12-23;11;1669.081447;1641.555391
50;2025-12-23;12;1557.214189;1531.533019
50;2025-12-23;13;1547.792673;1522.266881
50;2025-12-23;14;1462.722448;1438.599612
50;2025-12-23;15;1669.571742;1642.037601
50;2025-12-23;16;1726.547306;1698.073539
50;2025-12-23;17;2532.935283;2491.162776
50;2025-12-23;18;2738.325265;2693.16552
50;2025-12-23;19;1615.044687;1588.409792
50;2025-12-23;20;1036.176546;1019.088193
50;2025-12-23;21;703.51178;691.909648
50;2025-12-23;22;322.233474;316.919284
50;2025-12-23;23;151.597808;149.097696
50;2025-12-24;0;38.25089;37.884339
50;2025-12-24;1;3.239281;3.20824
50;2025-12-24;2;0.0;0.0
50;2025-12-24;3;0.0;0.0
50;2025-12-24;4;2.589485;2.564671
50;2025-12-24;5;77.958739;77.211674
50;2025-12-24;6;584.644176;579.041638
50;2025-12-24;7;1833.208283;1815.640984
50;2025-12-24;8;2832.481293;2805.338143
50;2025-12-24;9;2248.939314;2227.38814
50;2025-12-24;10;1707.506239;1691.143519
50;2025-12-24;11;1600.642954;1585.304286
50;2025-12-24;12;1479.516384;1465.33845
50;2025-12-24;13;1469.860572;1455.775167
50;2025-12-24;14;1472.675745;1458.563363
50;2025-12-24;15;1640.999083;1625.273689
50;2025-12-24;16;1757.915968;1741.070181
50;2025-12-24;17;2412.064984;2388.950607
50;2025-12-24;18;2556.612446;2532.112897
50;2025-12-24;19;1619.240055;1603.723174
50;2025-12-24;20;982.571316;973.155515
50;2025-12-24;21;686.5757;679.996371
50;2025-12-24;22;330.992499;327.820658
50;2025-12-24;23;157.540543;156.030861
50;2025-12-25;0;44.279694;43.724974
50;2025-12-25;1;2.927851;2.891172
50;2025-12-25;2;0.0;0.0
50;2025-12-25;3;0.0;0.0
50;2025-12-25;4;2.074835;2.048842
50;2025-12-25;5;78.177134;77.197759
50;2025-12-25;6;600.64529;593.120625
50;2025-12-25;7;1931.313963;1907.119168
50;2025-12-25;8;2835.545925;2800.023242
50;2025-12-25;9;2286.360613;2257.717923
50;2025-12-25;10;1767.226742;1745.087571
50;2025-12-25;11;1663.347579;1642.509768
50;2025-12-25;12;1543.927864;1524.5861
50;2025-12-25;13;1494.605839;1475.881963
50;2025-12-25;14;1427.645729;1409.760705
50;2025-12-25;15;1632.668691;1612.215214
50;2025-12-25;16;1807.593382;1784.948513
50;2025-12-25;17;2436.343354;2405.821734
50;2025-12-25;18;2675.173279;2641.659686
50;2025-12-25;19;1609.848169;1589.680579
50;2025-12-25;20;1026.312832;1013.45556
50;2025-12-25;21;775.317063;765.604174
50;2025-12-25;22;340.290769;336.02773
50;2025-12-25;23;180.189094;177.931751
50;2025-12-26;0;45.036649;44.028864
50;2025-12-26;1;3.092783;3.023576
50;2025-12-26;2;0.0;0.0
50;2025-12-26;3;0.0;0.0
50;2025-12-26;4;2.574642;2.517029
50;2025-12-26;5;74.367306;72.703188
50;2025-12-26;6;586.936516;573.802638
50;2025-12-26;7;1804.852814;1764.465623
50;2025-12-26;8;2772.822797;2710.775342
50;2025-12-26;9;2086.648399;2039.955469
50;2025-12-26;10;1639.88218;1603.186536
50;2025-12-26;11;1611.706617;1575.641459
50;2025-12-26;12;1566.161309;1531.115318
50;2025-12-26;13;1533.202536;1498.894064
50;2025-12-26;14;1451.935591;1419.445628
50;2025-12-26;15;1761.300082;1721.887471
50;2025-12-26;16;2142.438433;2094.497088
50;2025-12-26;17;2179.274172;2130.508555
50;2025-12-26;18;1935.413552;1892.104804
50;2025-12-26;19;1311.439596;1282.093513
50;2025-12-26;20;872.888897;853.356262
50;2025-12-26;21;637.102923;622.846471
50;2025-12-26;22;339.485773;331.8891
50;2025-12-26;23;194.640766;190.28529
50;2025-12-27;0;75.69291;76.698619
50;2025-12-27;1;4.746925;4.809996
50;2025-12-27;2;0.0;0.0
50;2025-12-27;3;0.0;0.0
50;2025-12-27;4;0.757529;0.767594
50;2025-12-27;5;33.488688;33.933642
50;2025-12-27;6;190.598006;193.130426
50;2025-12-27;7;439.107161;444.941449
50;2025-12-27;8;646.522858;655.113018
50;2025-12-27;9;702.859356;712.198042
50;2025-12-27;10;699.481463;708.775268
50;2025-12-27;11;841.392439;852.571774
50;2025-12-27;12;876.362912;888.006889
50;2025-12-27;13;882.74299;894.471737
50;2025-12-27;14;907.292042;919.346965
50;2025-12-27;15;834.667764;845.757749
50;2025-12-27;16;835.417843;846.517795
50;2025-12-27;17;833.264522;844.335863
50;2025-12-27;18;764.45599;774.613092
50;2025-12-27;19;704.432398;713.791984
50;2025-12-27;20;522.150743;529.088407
50;2025-12-27;21;452.961994;458.980367
50;2025-12-27;22;273.433663;277.066696
50;2025-12-27;23;162.701025;164.862785
50;2025-12-28;0;56.876459;57.044479
50;2025-12-28;1;4.66451;4.67829
50;2025-12-28;2;0.0;0.0
50;2025-12-28;3;0.0;0.0
50;2025-12-28;4;0.0;0.0
50;2025-12-28;5;29.313929;29.400526
50;2025-12-28;6;137.927544;138.334999
50;2025-12-28;7;272.349625;273.15418
50;2025-12-28;8;397.249306;398.422831
50;2025-12-28;9;478.808802;480.223264
50;2025-12-28;10;527.5642;529.122691
50;2025-12-28;11;657.077697;659.018787
50;2025-12-28;12;690.345195;692.384562
50;2025-12-28;13;784.862787;787.18137
50;2025-12-28;14;795.501451;797.851463
50;2025-12-28;15;722.021929;724.154873
50;2025-12-28;16;744.017407;746.215328
50;2025-12-28;17;764.542646;766.801202
50;2025-12-28;18;713.213956;715.32088
50;2025-12-28;19;606.587153;608.379088
50;2025-12-28;20;518.293429;519.824533
50;2025-12-28;21;411.244839;412.459708
50;2025-12-28;22;249.991522;250.730028
50;2025-12-28;23;119.697059;120.050659
50;2025-12-29;0;38.144131;38.005081
50;2025-12-29;1;4.194893;4.179601
50;2025-12-29;2;0.0;0.0
50;2025-12-29;3;0.0;0.0
50;2025-12-29;4;2.330954;2.322457
50;2025-12-29;5;74.283715;74.012922
50;2025-12-29;6;580.402522;578.28673
50;2025-12-29;7;1886.616578;1879.739131
50;2025-12-29;8;2824.157016;2813.861871
50;2025-12-29;9;2224.142367;2216.034508
50;2025-12-29;10;1664.796476;1658.727649
50;2025-12-29;11;1583.563143;1577.790442
50;2025-12-29;12;1426.356561;1421.156939
50;2025-12-29;13;1465.962;1460.618001
50;2025-12-29;14;1389.866637;1384.800035
50;2025-12-29;15;1639.65617;1633.678989
50;2025-12-29;16;1631.420946;1625.473786
50;2025-12-29;17;2360.286289;2351.682132
50;2025-12-29;18;2602.562468;2593.075121
50;2025-12-29;19;1549.940673;1544.290539
50;2025-12-29;20;947.377685;943.924127
50;2025-12-29;21;635.975357;633.656981
50;2025-12-29;22;289.590777;288.535107
50;2025-12-29;23;139.000686;138.493974
50;2025-12-30;0;36.675858;36.154262
50;2025-12-30;1;2.892913;2.851771
50;2025-12-30;2;0.0;0.0
50;2025-12-30;3;0.0;0.0
50;2025-12-30;4;2.109848;2.079842
50;2025-12-30;5;77.449073;76.34761
50;2025-12-30;6;628.455508;619.517756
50;2025-12-30;7;1942.24987;1914.627634
50;2025-12-30;8;2946.044165;2904.146193
50;2025-12-30;9;2254.305474;2222.245253
50;2025-12-30;10;1744.904488;1720.088852
50;2025-12-30;11;1626.336984;1603.207588
50;2025-12-30;12;1517.334598;1495.75541
50;2025-12-30;13;1508.154364;1486.705735
50;2025-12-30;14;1425.262751;1404.992988
50;2025-12-30;15;1626.814722;1603.678533
50;2025-12-30;16;1682.331167;1658.405435
50;2025-12-30;17;2468.067893;2432.967591
50;2025-12-30;18;2668.197924;2630.251419
50;2025-12-30;19;1573.684082;1551.303504
50;2025-12-30;20;1009.640507;995.281629
50;2025-12-30;21;685.495144;675.746188
50;2025-12-30;22;313.981212;309.515843
50;2025-12-30;23;147.715453;145.614677
50;2025-12-31;0;54.239874;52.165374
50;2025-12-31;1;4.379832;4.212318
50;2025-12-31;2;0.0;0.0
50;2025-12-31;3;0.0;0.0
50;2025-12-31;4;0.381668;0.367071
50;2025-12-31;5;30.985916;29.800805
50;2025-12-31;6;162.153769;155.951909
50;2025-12-31;7;308.210786;296.422715
50;2025-12-31;8;454.2214;436.848893
50;2025-12-31;9;533.882705;513.463409
50;2025-12-31;10;545.796462;524.921504
50;2025-12-31;11;678.187077;652.248603
50;2025-12-31;12;717.473388;690.03234
50;2025-12-31;13;792.30141;761.998431
50;2025-12-31;14;806.600664;775.750785
50;2025-12-31;15;717.045075;689.620408
50;2025-12-31;16;743.004576;714.587042
50;2025-12-31;17;759.513884;730.464922
50;2025-12-31;18;717.692809;690.243368
50;2025-12-31;19;665.070191;639.633396
50;2025-12-31;20;508.215551;488.777942
50;2025-12-31;21;423.421731;407.227212
50;2025-12-31;22;238.546174;229.422551
50;2025-12-31;23;153.236577;147.375771
