route;date;hour;weather_coefficient
1;2025-11-01;0;1.0004545417
1;2025-11-01;1;1.0004545417
1;2025-11-01;2;1.0004545417
1;2025-11-01;3;1.0004545417
1;2025-11-01;4;1.0004545417
1;2025-11-01;5;1.0004545417
1;2025-11-01;6;1.0004545417
1;2025-11-01;7;1.0004545417
1;2025-11-01;8;1.0004545417
1;2025-11-01;9;1.0004545417
1;2025-11-01;10;1.0004545417
1;2025-11-01;11;1.0004545417
1;2025-11-01;12;1.0004545417
1;2025-11-01;13;1.0004545417
1;2025-11-01;14;1.0004545417
1;2025-11-01;15;1.0004545417
1;2025-11-01;16;1.0004545417
1;2025-11-01;17;1.0004545417
1;2025-11-01;18;1.0004545417
1;2025-11-01;19;1.0004545417
1;2025-11-01;20;1.0004545417
1;2025-11-01;21;1.0004545417
1;2025-11-01;22;1.0004545417
1;2025-11-01;23;1.0004545417
1;2025-11-02;0;1.0114952875
1;2025-11-02;1;1.0114952875
1;2025-11-02;2;1.0114952875
1;2025-11-02;3;1.0114952875
1;2025-11-02;4;1.0114952875
1;2025-11-02;5;1.0114952875
1;2025-11-02;6;1.0114952875
1;2025-11-02;7;1.0114952875
1;2025-11-02;8;1.0114952875
1;2025-11-02;9;1.0114952875
1;2025-11-02;10;1.0114952875
1;2025-11-02;11;1.0114952875
1;2025-11-02;12;1.0114952875
1;2025-11-02;13;1.0114952875
1;2025-11-02;14;1.0114952875
1;2025-11-02;15;1.0114952875
1;2025-11-02;16;1.0114952875
1;2025-11-02;17;1.0114952875
1;2025-11-02;18;1.0114952875
1;2025-11-02;19;1.0114952875
1;2025-11-02;20;1.0114952875
1;2025-11-02;21;1.0114952875
1;2025-11-02;22;1.0114952875
1;2025-11-02;23;1.0114952875
1;2025-11-03;0;0.9777539411
1;2025-11-03;1;0.9777539411
1;2025-11-03;2;0.9777539411
1;2025-11-03;3;0.9777539411
1;2025-11-03;4;0.9777539411
1;2025-11-03;5;0.9777539411
1;2025-11-03;6;0.9777539411
1;2025-11-03;7;0.9777539411
1;2025-11-03;8;0.9777539411
1;2025-11-03;9;0.9777539411
1;2025-11-03;10;0.9777539411
1;2025-11-03;11;0.9777539411
1;2025-11-03;12;0.9777539411
1;2025-11-03;13;0.9777539411
1;2025-11-03;14;0.9777539411
1;2025-11-03;15;0.9777539411
1;2025-11-03;16;0.9777539411
1;2025-11-03;17;0.9777539411
1;2025-11-03;18;0.9777539411
1;2025-11-03;19;0.9777539411
1;2025-11-03;20;0.9777539411
1;2025-11-03;21;0.9777539411
1;2025-11-03;22;0.9777539411
1;2025-11-03;23;0.9777539411
1;2025-11-04;0;0.9702815975
1;2025-11-04;1;0.9702815975
1;2025-11-04;2;0.9702815975
1;2025-11-04;3;0.9702815975
1;2025-11-04;4;0.9702815975
1;2025-11-04;5;0.9702815975
1;2025-11-04;6;0.9702815975
1;2025-11-04;7;0.9702815975
1;2025-11-04;8;0.9702815975
1;2025-11-04;9;0.9702815975
1;2025-11-04;10;0.9702815975
1;2025-11-04;11;0.9702815975
1;2025-11-04;12;0.9702815975
1;2025-11-04;13;0.9702815975
1;2025-11-04;14;0.9702815975
1;2025-11-04;15;0.9702815975
1;2025-11-04;16;0.9702815975
1;2025-11-04;17;0.9702815975
1;2025-11-04;18;0.9702815975
1;2025-11-04;19;0.9702815975
1;2025-11-04;20;0.9702815975
1;2025-11-04;21;0.9702815975
1;2025-11-04;22;0.9702815975
1;2025-11-04;23;0.9702815975
1;2025-11-05;0;1.007585738
1;2025-11-05;1;1.007585738
1;2025-11-05;2;1.007585738
1;2025-11-05;3;1.007585738
1;2025-11-05;4;1.007585738
1;2025-11-05;5;1.007585738
1;2025-11-05;6;1.007585738
1;2025-11-05;7;1.007585738
1;2025-11-05;8;1.007585738
1;2025-11-05;9;1.007585738
1;2025-11-05;10;1.007585738
1;2025-11-05;11;1.007585738
1;2025-11-05;12;1.007585738
1;2025-11-05;13;1.007585738
1;2025-11-05;14;1.007585738
1;2025-11-05;15;1.007585738
1;2025-11-05;16;1.007585738
1;2025-11-05;17;1.007585738
1;2025-11-05;18;1.007585738
1;2025-11-05;19;1.007585738
1;2025-11-05;20;1.007585738
1;2025-11-05;21;1.007585738
1;2025-11-05;22;1.007585738
1;2025-11-05;23;1.007585738
1;2025-11-06;0;0.9928384021
1;2025-11-06;1;0.9928384021
1;2025-11-06;2;0.9928384021
1;2025-11-06;3;0.9928384021
1;2025-11-06;4;0.9928384021
1;2025-11-06;5;0.9928384021
1;2025-11-06;6;0.9928384021
1;2025-11-06;7;0.9928384021
1;2025-11-06;8;0.9928384021
1;2025-11-06;9;0.9928384021
1;2025-11-06;10;0.9928384021
1;2025-11-06;11;0.9928384021
1;2025-11-06;12;0.9928384021
1;2025-11-06;13;0.9928384021
1;2025-11-06;14;0.9928384021
1;2025-11-06;15;0.9928384021
1;2025-11-06;16;0.9928384021
1;2025-11-06;17;0.9928384021
1;2025-11-06;18;0.9928384021
1;2025-11-06;19;0.9928384021
1;2025-11-06;20;0.9928384021
1;2025-11-06;21;0.9928384021
1;2025-11-06;22;0.9928384021
1;2025-11-06;23;0.9928384021
1;2025-11-07;0;0.992600916
1;2025-11-07;1;0.992600916
1;2025-11-07;2;0.992600916
1;2025-11-07;3;0.992600916
1;2025-11-07;4;0.992600916
1;2025-11-07;5;0.992600916
1;2025-11-07;6;0.992600916
1;2025-11-07;7;0.992600916
1;2025-11-07;8;0.992600916
1;2025-11-07;9;0.992600916
1;2025-11-07;10;0.992600916
1;2025-11-07;11;0.992600916
1;2025-11-07;12;0.992600916
1;2025-11-07;13;0.992600916
1;2025-11-07;14;0.992600916
1;2025-11-07;15;0.992600916
1;2025-11-07;16;0.992600916
1;2025-11-07;17;0.992600916
1;2025-11-07;18;0.992600916
1;2025-11-07;19;0.992600916
1;2025-11-07;20;0.992600916
1;2025-11-07;21;0.992600916
1;2025-11-07;22;0.992600916
1;2025-11-07;23;0.992600916
1;2025-11-08;0;1.014655219
1;2025-11-08;1;1.014655219
1;2025-11-08;2;1.014655219
1;2025-11-08;3;1.014655219
1;2025-11-08;4;1.014655219
1;2025-11-08;5;1.014655219
1;2025-11-08;6;1.014655219
1;2025-11-08;7;1.014655219
1;2025-11-08;8;1.014655219
1;2025-11-08;9;1.014655219
1;2025-11-08;10;1.014655219
1;2025-11-08;11;1.014655219
1;2025-11-08;12;1.014655219
1;2025-11-08;13;1.014655219
1;2025-11-08;14;1.014655219
1;2025-11-08;15;1.014655219
1;2025-11-08;16;1.014655219
1;2025-11-08;17;1.014655219
1;2025-11-08;18;1.014655219
1;2025-11-08;19;1.014655219
1;2025-11-08;20;1.014655219
1;2025-11-08;21;1.014655219
1;2025-11-08;22;1.014655219
1;2025-11-08;23;1.014655219
1;2025-11-09;0;1.007584692
1;2025-11-09;1;1.007584692
1;2025-11-09;2;1.007584692
1;2025-11-09;3;1.007584692
1;2025-11-09;4;1.007584692
1;2025-11-09;5;1.007584692
1;2025-11-09;6;1.007584692
1;2025-11-09;7;1.007584692
1;2025-11-09;8;1.007584692
1;2025-11-09;9;1.007584692
1;2025-11-09;10;1.007584692
1;2025-11-09;11;1.007584692
1;2025-11-09;12;1.007584692
1;2025-11-09;13;1.007584692
1;2025-11-09;14;1.007584692
1;2025-11-09;15;1.007584692
1;2025-11-09;16;1.007584692
1;2025-11-09;17;1.007584692
1;2025-11-09;18;1.007584692
1;2025-11-09;19;1.007584692
1;2025-11-09;20;1.007584692
1;2025-11-09;21;1.007584692
1;2025-11-09;22;1.007584692
1;2025-11-09;23;1.007584692
1;2025-11-10;0;1.0110334409
1;2025-11-10;1;1.0110334409
1;2025-11-10;2;1.0110334409
1;2025-11-10;3;1.0110334409
1;2025-11-10;4;1.0110334409
1;2025-11-10;5;1.0110334409
1;2025-11-10;6;1.0110334409
1;2025-11-10;7;1.0110334409
1;2025-11-10;8;1.0110334409
1;2025-11-10;9;1.0110334409
1;2025-11-10;10;1.0110334409
1;2025-11-10;11;1.0110334409
1;2025-11-10;12;1.0110334409
1;2025-11-10;13;1.0110334409
1;2025-11-10;14;1.0110334409
1;2025-11-10;15;1.0110334409
1;2025-11-10;16;1.0110334409
1;2025-11-10;17;1.0110334409
1;2025-11-10;18;1.0110334409
1;2025-11-10;19;1.0110334409
1;2025-11-10;20;1.0110334409
1;2025-11-10;21;1.0110334409
1;2025-11-10;22;1.0110334409
1;2025-11-10;23;1.0110334409
1;2025-11-11;0;1.0099990176
1;2025-11-11;1;1.0099990176
1;2025-11-11;2;1.0099990176
1;2025-11-11;3;1.0099990176
1;2025-11-11;4;1.0099990176
1;2025-11-11;5;1.0099990176
1;2025-11-11;6;1.0099990176
1;2025-11-11;7;1.0099990176
1;2025-11-11;8;1.0099990176
1;2025-11-11;9;1.0099990176
1;2025-11-11;10;1.0099990176
1;2025-11-11;11;1.0099990176
1;2025-11-11;12;1.0099990176
1;2025-11-11;13;1.0099990176
1;2025-11-11;14;1.0099990176
1;2025-11-11;15;1.0099990176
1;2025-11-11;16;1.0099990176
1;2025-11-11;17;1.0099990176
1;2025-11-11;18;1.0099990176
1;2025-11-11;19;1.0099990176
1;2025-11-11;20;1.0099990176
1;2025-11-11;21;1.0099990176
1;2025-11-11;22;1.0099990176
1;2025-11-11;23;1.0099990176
1;2025-11-12;0;0.9954264571
1;2025-11-12;1;0.9954264571
1;2025-11-12;2;0.9954264571
1;2025-11-12;3;0.9954264571
1;2025-11-12;4;0.9954264571
1;2025-11-12;5;0.9954264571
1;2025-11-12;6;0.9954264571
1;2025-11-12;7;0.9954264571
1;2025-11-12;8;0.9954264571
1;2025-11-12;9;0.9954264571
1;2025-11-12;10;0.9954264571
1;2025-11-12;11;0.9954264571
1;2025-11-12;12;0.9954264571
1;2025-11-12;13;0.9954264571
1;2025-11-12;14;0.9954264571
1;2025-11-12;15;0.9954264571
1;2025-11-12;16;0.9954264571
1;2025-11-12;17;0.9954264571
1;2025-11-12;18;0.9954264571
1;2025-11-12;19;0.9954264571
1;2025-11-12;20;0.9954264571
1;2025-11-12;21;0.9954264571
1;2025-11-12;22;0.9954264571
1;2025-11-12;23;0.9954264571
1;2025-11-13;0;1.0058668411
1;2025-11-13;1;1.0058668411
1;2025-11-13;2;1.0058668411
1;2025-11-13;3;1.0058668411
1;2025-11-13;4;1.0058668411
1;2025-11-13;5;1.0058668411
1;2025-11-13;6;1.0058668411
1;2025-11-13;7;1.0058668411
1;2025-11-13;8;1.0058668411
1;2025-11-13;9;1.0058668411
1;2025-11-13;10;1.0058668411
1;2025-11-13;11;1.0058668411
1;2025-11-13;12;1.0058668411
1;2025-11-13;13;1.0058668411
1;2025-11-13;14;1.0058668411
1;2025-11-13;15;1.0058668411
1;2025-11-13;16;1.0058668411
1;2025-11-13;17;1.0058668411
1;2025-11-13;18;1.0058668411
1;2025-11-13;19;1.0058668411
1;2025-11-13;20;1.0058668411
1;2025-11-13;21;1.0058668411
1;2025-11-13;22;1.0058668411
1;2025-11-13;23;1.0058668411
1;2025-11-14;0;1.0011164521
1;2025-11-14;1;1.0011164521
1;2025-11-14;2;1.0011164521
1;2025-11-14;3;1.0011164521
1;2025-11-14;4;1.0011164521
1;2025-11-14;5;1.0011164521
1;2025-11-14;6;1.0011164521
1;2025-11-14;7;1.0011164521
1;2025-11-14;8;1.0011164521
1;2025-11-14;9;1.0011164521
1;2025-11-14;10;1.0011164521
1;2025-11-14;11;1.0011164521
1;2025-11-14;12;1.0011164521
1;2025-11-14;13;1.0011164521
1;2025-11-14;14;1.0011164521
1;2025-11-14;15;1.0011164521
1;2025-11-14;16;1.0011164521
1;2025-11-14;17;1.0011164521
1;2025-11-14;18;1.0011164521
1;2025-11-14;19;1.0011164521
1;2025-11-14;20;1.0011164521
1;2025-11-14;21;1.0011164521
1;2025-11-14;22;1.0011164521
1;2025-11-14;23;1.0011164521
1;2025-11-15;0;0.9153065245
1;2025-11-15;1;0.9153065245
1;2025-11-15;2;0.9153065245
1;2025-11-15;3;0.9153065245
1;2025-11-15;4;0.9153065245
1;2025-11-15;5;0.9153065245
1;2025-11-15;6;0.9153065245
1;2025-11-15;7;0.9153065245
1;2025-11-15;8;0.9153065245
1;2025-11-15;9;0.9153065245
1;2025-11-15;10;0.9153065245
1;2025-11-15;11;0.9153065245
1;2025-11-15;12;0.9153065245
1;2025-11-15;13;0.9153065245
1;2025-11-15;14;0.9153065245
1;2025-11-15;15;0.9153065245
1;2025-11-15;16;0.9153065245
1;2025-11-15;17;0.9153065245
1;2025-11-15;18;0.9153065245
1;2025-11-15;19;0.9153065245
1;2025-11-15;20;0.9153065245
1;2025-11-15;21;0.9153065245
1;2025-11-15;22;0.9153065245
1;2025-11-15;23;0.9153065245
1;2025-11-16;0;1.0060810351
1;2025-11-16;1;1.0060810351
1;2025-11-16;2;1.0060810351
1;2025-11-16;3;1.0060810351
1;2025-11-16;4;1.0060810351
1;2025-11-16;5;1.0060810351
1;2025-11-16;6;1.0060810351
1;2025-11-16;7;1.0060810351
1;2025-11-16;8;1.0060810351
1;2025-11-16;9;1.0060810351
1;2025-11-16;10;1.0060810351
1;2025-11-16;11;1.0060810351
1;2025-11-16;12;1.0060810351
1;2025-11-16;13;1.0060810351
1;2025-11-16;14;1.0060810351
1;2025-11-16;15;1.0060810351
1;2025-11-16;16;1.0060810351
1;2025-11-16;17;1.0060810351
1;2025-11-16;18;1.0060810351
1;2025-11-16;19;1.0060810351
1;2025-11-16;20;1.0060810351
1;2025-11-16;21;1.0060810351
1;2025-11-16;22;1.0060810351
1;2025-11-16;23;1.0060810351
1;2025-11-17;0;0.9826851979
1;2025-11-17;1;0.9826851979
1;2025-11-17;2;0.9826851979
1;2025-11-17;3;0.9826851979
1;2025-11-17;4;0.9826851979
1;2025-11-17;5;0.9826851979
1;2025-11-17;6;0.9826851979
1;2025-11-17;7;0.9826851979
1;2025-11-17;8;0.9826851979
1;2025-11-17;9;0.9826851979
1;2025-11-17;10;0.9826851979
1;2025-11-17;11;0.9826851979
1;2025-11-17;12;0.9826851979
1;2025-11-17;13;0.9826851979
1;2025-11-17;14;0.9826851979
1;2025-11-17;15;0.9826851979
1;2025-11-17;16;0.9826851979
1;2025-11-17;17;0.9826851979
1;2025-11-17;18;0.9826851979
1;2025-11-17;19;0.9826851979
1;2025-11-17;20;0.9826851979
1;2025-11-17;21;0.9826851979
1;2025-11-17;22;0.9826851979
1;2025-11-17;23;0.9826851979
1;2025-11-18;0;0.9485383746
1;2025-11-18;1;0.9485383746
1;2025-11-18;2;0.9485383746
1;2025-11-18;3;0.9485383746
1;2025-11-18;4;0.9485383746
1;2025-11-18;5;0.9485383746
1;2025-11-18;6;0.9485383746
1;2025-11-18;7;0.9485383746
1;2025-11-18;8;0.9485383746
1;2025-11-18;9;0.9485383746
1;2025-11-18;10;0.9485383746
1;2025-11-18;11;0.9485383746
1;2025-11-18;12;0.9485383746
1;2025-11-18;13;0.9485383746
1;2025-11-18;14;0.9485383746
1;2025-11-18;15;0.9485383746
1;2025-11-18;16;0.9485383746
1;2025-11-18;17;0.9485383746
1;2025-11-18;18;0.9485383746
1;2025-11-18;19;0.9485383746
1;2025-11-18;20;0.9485383746
1;2025-11-18;21;0.9485383746
1;2025-11-18;22;0.9485383746
1;2025-11-18;23;0.9485383746
1;2025-11-19;0;1.0156731707
1;2025-11-19;1;1.0156731707
1;2025-11-19;2;1.0156731707
1;2025-11-19;3;1.0156731707
1;2025-11-19;4;1.0156731707
1;2025-11-19;5;1.0156731707
1;2025-11-19;6;1.0156731707
1;2025-11-19;7;1.0156731707
1;2025-11-19;8;1.0156731707
1;2025-11-19;9;1.0156731707
1;2025-11-19;10;1.0156731707
1;2025-11-19;11;1.0156731707
1;2025-11-19;12;1.0156731707
1;2025-11-19;13;1.0156731707
1;2025-11-19;14;1.0156731707
1;2025-11-19;15;1.0156731707
1;2025-11-19;16;1.0156731707
1;2025-11-19;17;1.0156731707
1;2025-11-19;18;1.0156731707
1;2025-11-19;19;1.0156731707
1;2025-11-19;20;1.0156731707
1;2025-11-19;21;1.0156731707
1;2025-11-19;22;1.0156731707
1;2025-11-19;23;1.0156731707
1;2025-11-20;0;1.0074784054
1;2025-11-20;1;1.0074784054
1;2025-11-20;2;1.0074784054
1;2025-11-20;3;1.0074784054
1;2025-11-20;4;1.0074784054
1;2025-11-20;5;1.0074784054
1;2025-11-20;6;1.0074784054
1;2025-11-20;7;1.0074784054
1;2025-11-20;8;1.0074784054
1;2025-11-20;9;1.0074784054
1;2025-11-20;10;1.0074784054
1;2025-11-20;11;1.0074784054
1;2025-11-20;12;1.0074784054
1;2025-11-20;13;1.0074784054
1;2025-11-20;14;1.0074784054
1;2025-11-20;15;1.0074784054
1;2025-11-20;16;1.0074784054
1;2025-11-20;17;1.0074784054
1;2025-11-20;18;1.0074784054
1;2025-11-20;19;1.0074784054
1;2025-11-20;20;1.0074784054
1;2025-11-20;21;1.0074784054
1;2025-11-20;22;1.0074784054
1;2025-11-20;23;1.0074784054
1;2025-11-21;0;1.0041067013
1;2025-11-21;1;1.0041067013
1;2025-11-21;2;1.0041067013
1;2025-11-21;3;1.0041067013
1;2025-11-21;4;1.0041067013
1;2025-11-21;5;1.0041067013
1;2025-11-21;6;1.0041067013
1;2025-11-21;7;1.0041067013
1;2025-11-21;8;1.0041067013
1;2025-11-21;9;1.0041067013
1;2025-11-21;10;1.0041067013
1;2025-11-21;11;1.0041067013
1;2025-11-21;12;1.0041067013
1;2025-11-21;13;1.0041067013
1;2025-11-21;14;1.0041067013
1;2025-11-21;15;1.0041067013
1;2025-11-21;16;1.0041067013
1;2025-11-21;17;1.0041067013
1;2025-11-21;18;1.0041067013
1;2025-11-21;19;1.0041067013
1;2025-11-21;20;1.0041067013
1;2025-11-21;21;1.0041067013
1;2025-11-21;22;1.0041067013
1;2025-11-21;23;1.0041067013
1;2025-11-22;0;0.9661149118
1;2025-11-22;1;0.9661149118
1;2025-11-22;2;0.9661149118
1;2025-11-22;3;0.9661149118
1;2025-11-22;4;0.9661149118
1;2025-11-22;5;0.9661149118
1;2025-11-22;6;0.9661149118
1;2025-11-22;7;0.9661149118
1;2025-11-22;8;0.9661149118
1;2025-11-22;9;0.9661149118
1;2025-11-22;10;0.9661149118
1;2025-11-22;11;0.9661149118
1;2025-11-22;12;0.9661149118
1;2025-11-22;13;0.9661149118
1;2025-11-22;14;0.9661149118
1;2025-11-22;15;0.9661149118
1;2025-11-22;16;0.9661149118
1;2025-11-22;17;0.9661149118
1;2025-11-22;18;0.9661149118
1;2025-11-22;19;0.9661149118
1;2025-11-22;20;0.9661149118
1;2025-11-22;21;0.9661149118
1;2025-11-22;22;0.9661149118
1;2025-11-22;23;0.9661149118
1;2025-11-23;0;1.0147998449
1;2025-11-23;1;1.0147998449
1;2025-11-23;2;1.0147998449
1;2025-11-23;3;1.0147998449
1;2025-11-23;4;1.0147998449
1;2025-11-23;5;1.0147998449
1;2025-11-23;6;1.0147998449
1;2025-11-23;7;1.0147998449
1;2025-11-23;8;1.0147998449
1;2025-11-23;9;1.0147998449
1;2025-11-23;10;1.0147998449
1;2025-11-23;11;1.0147998449
1;2025-11-23;12;1.0147998449
1;2025-11-23;13;1.0147998449
1;2025-11-23;14;1.0147998449
1;2025-11-23;15;1.0147998449
1;2025-11-23;16;1.0147998449
1;2025-11-23;17;1.0147998449
1;2025-11-23;18;1.0147998449
1;2025-11-23;19;1.0147998449
1;2025-11-23;20;1.0147998449
1;2025-11-23;21;1.0147998449
1;2025-11-23;22;1.0147998449
1;2025-11-23;23;1.0147998449
1;2025-11-24;0;0.9485939398
1;2025-11-24;1;0.9485939398
1;2025-11-24;2;0.9485939398
1;2025-11-24;3;0.9485939398
1;2025-11-24;4;0.9485939398
1;2025-11-24;5;0.9485939398
1;2025-11-24;6;0.9485939398
1;2025-11-24;7;0.9485939398
1;2025-11-24;8;0.9485939398
1;2025-11-24;9;0.9485939398
1;2025-11-24;10;0.9485939398
1;2025-11-24;11;0.9485939398
1;2025-11-24;12;0.9485939398
1;2025-11-24;13;0.9485939398
1;2025-11-24;14;0.9485939398
1;2025-11-24;15;0.9485939398
1;2025-11-24;16;0.9485939398
1;2025-11-24;17;0.9485939398
1;2025-11-24;18;0.9485939398
1;2025-11-24;19;0.9485939398
1;2025-11-24;20;0.9485939398
1;2025-11-24;21;0.9485939398
1;2025-11-24;22;0.9485939398
1;2025-11-24;23;0.9485939398
1;2025-11-25;0;1.0143714391
1;2025-11-25;1;1.0143714391
1;2025-11-25;2;1.0143714391
1;2025-11-25;3;1.0143714391
1;2025-11-25;4;1.0143714391
1;2025-11-25;5;1.0143714391
1;2025-11-25;6;1.0143714391
1;2025-11-25;7;1.0143714391
1;2025-11-25;8;1.0143714391
1;2025-11-25;9;1.0143714391
1;2025-11-25;10;1.0143714391
1;2025-11-25;11;1.0143714391
1;2025-11-25;12;1.0143714391
1;2025-11-25;13;1.0143714391
1;2025-11-25;14;1.0143714391
1;2025-11-25;15;1.0143714391
1;2025-11-25;16;1.0143714391
1;2025-11-25;17;1.0143714391
1;2025-11-25;18;1.0143714391
1;2025-11-25;19;1.0143714391
1;2025-11-25;20;1.0143714391
1;2025-11-25;21;1.0143714391
1;2025-11-25;22;1.0143714391
1;2025-11-25;23;1.0143714391
1;2025-11-26;0;0.9647323304
1;2025-11-26;1;0.9647323304
1;2025-11-26;2;0.9647323304
1;2025-11-26;3;0.9647323304
1;2025-11-26;4;0.9647323304
1;2025-11-26;5;0.9647323304
1;2025-11-26;6;0.9647323304
1;2025-11-26;7;0.9647323304
1;2025-11-26;8;0.9647323304
1;2025-11-26;9;0.9647323304
1;2025-11-26;10;0.9647323304
1;2025-11-26;11;0.9647323304
1;2025-11-26;12;0.9647323304
1;2025-11-26;13;0.9647323304
1;2025-11-26;14;0.9647323304
1;2025-11-26;15;0.9647323304
1;2025-11-26;16;0.9647323304
1;2025-11-26;17;0.9647323304
1;2025-11-26;18;0.9647323304
1;2025-11-26;19;0.9647323304
1;2025-11-26;20;0.9647323304
1;2025-11-26;21;0.9647323304
1;2025-11-26;22;0.9647323304
1;2025-11-26;23;0.9647323304
1;2025-11-27;0;0.9592047721
1;2025-11-27;1;0.9592047721
1;2025-11-27;2;0.9592047721
1;2025-11-27;3;0.9592047721
1;2025-11-27;4;0.9592047721
1;2025-11-27;5;0.9592047721
1;2025-11-27;6;0.9592047721
1;2025-11-27;7;0.9592047721
1;2025-11-27;8;0.9592047721
1;2025-11-27;9;0.9592047721
1;2025-11-27;10;0.9592047721
1;2025-11-27;11;0.9592047721
1;2025-11-27;12;0.9592047721
1;2025-11-27;13;0.9592047721
1;2025-11-27;14;0.9592047721
1;2025-11-27;15;0.9592047721
1;2025-11-27;16;0.9592047721
1;2025-11-27;17;0.9592047721
1;2025-11-27;18;0.9592047721
1;2025-11-27;19;0.9592047721
1;2025-11-27;20;0.9592047721
1;2025-11-27;21;0.9592047721
1;2025-11-27;22;0.9592047721
1;2025-11-27;23;0.9592047721
1;2025-11-28;0;0.9674063619
1;2025-11-28;1;0.9674063619
1;2025-11-28;2;0.9674063619
1;2025-11-28;3;0.9674063619
1;2025-11-28;4;0.9674063619
1;2025-11-28;5;0.9674063619
1;2025-11-28;6;0.9674063619
1;2025-11-28;7;0.9674063619
1;2025-11-28;8;0.9674063619
1;2025-11-28;9;0.9674063619
1;2025-11-28;10;0.9674063619
1;2025-11-28;11;0.9674063619
1;2025-11-28;12;0.9674063619
1;2025-11-28;13;0.9674063619
1;2025-11-28;14;0.9674063619
1;2025-11-28;15;0.9674063619
1;2025-11-28;16;0.9674063619
1;2025-11-28;17;0.9674063619
1;2025-11-28;18;0.9674063619
1;2025-11-28;19;0.9674063619
1;2025-11-28;20;0.9674063619
1;2025-11-28;21;0.9674063619
1;2025-11-28;22;0.9674063619
1;2025-11-28;23;0.9674063619
1;2025-11-29;0;1.0116328052
1;2025-11-29;1;1.0116328052
1;2025-11-29;2;1.0116328052
1;2025-11-29;3;1.0116328052
1;2025-11-29;4;1.0116328052
1;2025-11-29;5;1.0116328052
1;2025-11-29;6;1.0116328052
1;2025-11-29;7;1.0116328052
1;2025-11-29;8;1.0116328052
1;2025-11-29;9;1.0116328052
1;2025-11-29;10;1.0116328052
1;2025-11-29;11;1.0116328052
1;2025-11-29;12;1.0116328052
1;2025-11-29;13;1.0116328052
1;2025-11-29;14;1.0116328052
1;2025-11-29;15;1.0116328052
1;2025-11-29;16;1.0116328052
1;2025-11-29;17;1.0116328052
1;2025-11-29;18;1.0116328052
1;2025-11-29;19;1.0116328052
1;2025-11-29;20;1.0116328052
1;2025-11-29;21;1.0116328052
1;2025-11-29;22;1.0116328052
1;2025-11-29;23;1.0116328052
1;2025-11-30;0;1.008689682
1;2025-11-30;1;1.008689682
1;2025-11-30;2;1.008689682
1;2025-11-30;3;1.008689682
1;2025-11-30;4;1.008689682
1;2025-11-30;5;1.008689682
1;2025-11-30;6;1.008689682
1;2025-11-30;7;1.008689682
1;2025-11-30;8;1.008689682
1;2025-11-30;9;1.008689682
1;2025-11-30;10;1.008689682
1;2025-11-30;11;1.008689682
1;2025-11-30;12;1.008689682
1;2025-11-30;13;1.008689682
1;2025-11-30;14;1.008689682
1;2025-11-30;15;1.008689682
1;2025-11-30;16;1.008689682
1;2025-11-30;17;1.008689682
1;2025-11-30;18;1.008689682
1;2025-11-30;19;1.008689682
1;2025-11-30;20;1.008689682
1;2025-11-30;21;1.008689682
1;2025-11-30;22;1.008689682
1;2025-11-30;23;1.008689682
1;2025-12-01;0;1.0127532695
1;2025-12-01;1;1.0127532695
1;2025-12-01;2;1.0127532695
1;2025-12-01;3;1.0127532695
1;2025-12-01;4;1.0127532695
1;2025-12-01;5;1.0127532695
1;2025-12-01;6;1.0127532695
1;2025-12-01;7;1.0127532695
1;2025-12-01;8;1.0127532695
1;2025-12-01;9;1.0127532695
1;2025-12-01;10;1.0127532695
1;2025-12-01;11;1.0127532695
1;2025-12-01;12;1.0127532695
1;2025-12-01;13;1.0127532695
1;2025-12-01;14;1.0127532695
1;2025-12-01;15;1.0127532695
1;2025-12-01;16;1.0127532695
1;2025-12-01;17;1.0127532695
1;2025-12-01;18;1.0127532695
1;2025-12-01;19;1.0127532695
1;2025-12-01;20;1.0127532695
1;2025-12-01;21;1.0127532695
1;2025-12-01;22;1.0127532695
1;2025-12-01;23;1.0127532695
1;2025-12-02;0;1.0146730445
1;2025-12-02;1;1.0146730445
1;2025-12-02;2;1.0146730445
1;2025-12-02;3;1.0146730445
1;2025-12-02;4;1.0146730445
1;2025-12-02;5;1.0146730445
1;2025-12-02;6;1.0146730445
1;2025-12-02;7;1.0146730445
1;2025-12-02;8;1.0146730445
1;2025-12-02;9;1.0146730445
1;2025-12-02;10;1.0146730445
1;2025-12-02;11;1.0146730445
1;2025-12-02;12;1.0146730445
1;2025-12-02;13;1.0146730445
1;2025-12-02;14;1.0146730445
1;2025-12-02;15;1.0146730445
1;2025-12-02;16;1.0146730445
1;2025-12-02;17;1.0146730445
1;2025-12-02;18;1.0146730445
1;2025-12-02;19;1.0146730445
1;2025-12-02;20;1.0146730445
1;2025-12-02;21;1.0146730445
1;2025-12-02;22;1.0146730445
1;2025-12-02;23;1.0146730445
1;2025-12-03;0;1.0126587648
1;2025-12-03;1;1.0126587648
1;2025-12-03;2;1.0126587648
1;2025-12-03;3;1.0126587648
1;2025-12-03;4;1.0126587648
1;2025-12-03;5;1.0126587648
1;2025-12-03;6;1.0126587648
1;2025-12-03;7;1.0126587648
1;2025-12-03;8;1.0126587648
1;2025-12-03;9;1.0126587648
1;2025-12-03;10;1.0126587648
1;2025-12-03;11;1.0126587648
1;2025-12-03;12;1.0126587648
1;2025-12-03;13;1.0126587648
1;2025-12-03;14;1.0126587648
1;2025-12-03;15;1.0126587648
1;2025-12-03;16;1.0126587648
1;2025-12-03;17;1.0126587648
1;2025-12-03;18;1.0126587648
1;2025-12-03;19;1.0126587648
1;2025-12-03;20;1.0126587648
1;2025-12-03;21;1.0126587648
1;2025-12-03;22;1.0126587648
1;2025-12-03;23;1.0126587648
1;2025-12-04;0;1.0049917982
1;2025-12-04;1;1.0049917982
1;2025-12-04;2;1.0049917982
1;2025-12-04;3;1.0049917982
1;2025-12-04;4;1.0049917982
1;2025-12-04;5;1.0049917982
1;2025-12-04;6;1.0049917982
1;2025-12-04;7;1.0049917982
1;2025-12-04;8;1.0049917982
1;2025-12-04;9;1.0049917982
1;2025-12-04;10;1.0049917982
1;2025-12-04;11;1.0049917982
1;2025-12-04;12;1.0049917982
1;2025-12-04;13;1.0049917982
1;2025-12-04;14;1.0049917982
1;2025-12-04;15;1.0049917982
1;2025-12-04;16;1.0049917982
1;2025-12-04;17;1.0049917982
1;2025-12-04;18;1.0049917982
1;2025-12-04;19;1.0049917982
1;2025-12-04;20;1.0049917982
1;2025-12-04;21;1.0049917982
1;2025-12-04;22;1.0049917982
1;2025-12-04;23;1.0049917982
1;2025-12-05;0;1.0035198339
1;2025-12-05;1;1.0035198339
1;2025-12-05;2;1.0035198339
1;2025-12-05;3;1.0035198339
1;2025-12-05;4;1.0035198339
1;2025-12-05;5;1.0035198339
1;2025-12-05;6;1.0035198339
1;2025-12-05;7;1.0035198339
1;2025-12-05;8;1.0035198339
1;2025-12-05;9;1.0035198339
1;2025-12-05;10;1.0035198339
1;2025-12-05;11;1.0035198339
1;2025-12-05;12;1.0035198339
1;2025-12-05;13;1.0035198339
1;2025-12-05;14;1.0035198339
1;2025-12-05;15;1.0035198339
1;2025-12-05;16;1.0035198339
1;2025-12-05;17;1.0035198339
1;2025-12-05;18;1.0035198339
1;2025-12-05;19;1.0035198339
1;2025-12-05;20;1.0035198339
1;2025-12-05;21;1.0035198339
1;2025-12-05;22;1.0035198339
1;2025-12-05;23;1.0035198339
1;2025-12-06;0;1.0126669057
1;2025-12-06;1;1.0126669057
1;2025-12-06;2;1.0126669057
1;2025-12-06;3;1.0126669057
1;2025-12-06;4;1.0126669057
1;2025-12-06;5;1.0126669057
1;2025-12-06;6;1.0126669057
1;2025-12-06;7;1.0126669057
1;2025-12-06;8;1.0126669057
1;2025-12-06;9;1.0126669057
1;2025-12-06;10;1.0126669057
1;2025-12-06;11;1.0126669057
1;2025-12-06;12;1.0126669057
1;2025-12-06;13;1.0126669057
1;2025-12-06;14;1.0126669057
1;2025-12-06;15;1.0126669057
1;2025-12-06;16;1.0126669057
1;2025-12-06;17;1.0126669057
1;2025-12-06;18;1.0126669057
1;2025-12-06;19;1.0126669057
1;2025-12-06;20;1.0126669057
1;2025-12-06;21;1.0126669057
1;2025-12-06;22;1.0126669057
1;2025-12-06;23;1.0126669057
1;2025-12-07;0;1.0122410552
1;2025-12-07;1;1.0122410552
1;2025-12-07;2;1.0122410552
1;2025-12-07;3;1.0122410552
1;2025-12-07;4;1.0122410552
1;2025-12-07;5;1.0122410552
1;2025-12-07;6;1.0122410552
1;2025-12-07;7;1.0122410552
1;2025-12-07;8;1.0122410552
1;2025-12-07;9;1.0122410552
1;2025-12-07;10;1.0122410552
1;2025-12-07;11;1.0122410552
1;2025-12-07;12;1.0122410552
1;2025-12-07;13;1.0122410552
1;2025-12-07;14;1.0122410552
1;2025-12-07;15;1.0122410552
1;2025-12-07;16;1.0122410552
1;2025-12-07;17;1.0122410552
1;2025-12-07;18;1.0122410552
1;2025-12-07;19;1.0122410552
1;2025-12-07;20;1.0122410552
1;2025-12-07;21;1.0122410552
1;2025-12-07;22;1.0122410552
1;2025-12-07;23;1.0122410552
1;2025-12-08;0;1.0149361205
1;2025-12-08;1;1.0149361205
1;2025-12-08;2;1.0149361205
1;2025-12-08;3;1.0149361205
1;2025-12-08;4;1.0149361205
1;2025-12-08;5;1.0149361205
1;2025-12-08;6;1.0149361205
1;2025-12-08;7;1.0149361205
1;2025-12-08;8;1.0149361205
1;2025-12-08;9;1.0149361205
1;2025-12-08;10;1.0149361205
1;2025-12-08;11;1.0149361205
1;2025-12-08;12;1.0149361205
1;2025-12-08;13;1.0149361205
1;2025-12-08;14;1.0149361205
1;2025-12-08;15;1.0149361205
1;2025-12-08;16;1.0149361205
1;2025-12-08;17;1.0149361205
1;2025-12-08;18;1.0149361205
1;2025-12-08;19;1.0149361205
1;2025-12-08;20;1.0149361205
1;2025-12-08;21;1.0149361205
1;2025-12-08;22;1.0149361205
1;2025-12-08;23;1.0149361205
1;2025-12-09;0;1.0188853216
1;2025-12-09;1;1.0188853216
1;2025-12-09;2;1.0188853216
1;2025-12-09;3;1.0188853216
1;2025-12-09;4;1.0188853216
1;2025-12-09;5;1.0188853216
1;2025-12-09;6;1.0188853216
1;2025-12-09;7;1.0188853216
1;2025-12-09;8;1.0188853216
1;2025-12-09;9;1.0188853216
1;2025-12-09;10;1.0188853216
1;2025-12-09;11;1.0188853216
1;2025-12-09;12;1.0188853216
1;2025-12-09;13;1.0188853216
1;2025-12-09;14;1.0188853216
1;2025-12-09;15;1.0188853216
1;2025-12-09;16;1.0188853216
1;2025-12-09;17;1.0188853216
1;2025-12-09;18;1.0188853216
1;2025-12-09;19;1.0188853216
1;2025-12-09;20;1.0188853216
1;2025-12-09;21;1.0188853216
1;2025-12-09;22;1.0188853216
1;2025-12-09;23;1.0188853216
1;2025-12-10;0;1.0113747857
1;2025-12-10;1;1.0113747857
1;2025-12-10;2;1.0113747857
1;2025-12-10;3;1.0113747857
1;2025-12-10;4;1.0113747857
1;2025-12-10;5;1.0113747857
1;2025-12-10;6;1.0113747857
1;2025-12-10;7;1.0113747857
1;2025-12-10;8;1.0113747857
1;2025-12-10;9;1.0113747857
1;2025-12-10;10;1.0113747857
1;2025-12-10;11;1.0113747857
1;2025-12-10;12;1.0113747857
1;2025-12-10;13;1.0113747857
1;2025-12-10;14;1.0113747857
1;2025-12-10;15;1.0113747857
1;2025-12-10;16;1.0113747857
1;2025-12-10;17;1.0113747857
1;2025-12-10;18;1.0113747857
1;2025-12-10;19;1.0113747857
1;2025-12-10;20;1.0113747857
1;2025-12-10;21;1.0113747857
1;2025-12-10;22;1.0113747857
1;2025-12-10;23;1.0113747857
1;2025-12-11;0;0.9723874576
1;2025-12-11;1;0.9723874576
1;2025-12-11;2;0.9723874576
1;2025-12-11;3;0.9723874576
1;2025-12-11;4;0.9723874576
1;2025-12-11;5;0.9723874576
1;2025-12-11;6;0.9723874576
1;2025-12-11;7;0.9723874576
1;2025-12-11;8;0.9723874576
1;2025-12-11;9;0.9723874576
1;2025-12-11;10;0.9723874576
1;2025-12-11;11;0.9723874576
1;2025-12-11;12;0.9723874576
1;2025-12-11;13;0.9723874576
1;2025-12-11;14;0.9723874576
1;2025-12-11;15;0.9723874576
1;2025-12-11;16;0.9723874576
1;2025-12-11;17;0.9723874576
1;2025-12-11;18;0.9723874576
1;2025-12-11;19;0.9723874576
1;2025-12-11;20;0.9723874576
1;2025-12-11;21;0.9723874576
1;2025-12-11;22;0.9723874576
1;2025-12-11;23;0.9723874576
1;2025-12-12;0;0.9751194032
1;2025-12-12;1;0.9751194032
1;2025-12-12;2;0.9751194032
1;2025-12-12;3;0.9751194032
1;2025-12-12;4;0.9751194032
1;2025-12-12;5;0.9751194032
1;2025-12-12;6;0.9751194032
1;2025-12-12;7;0.9751194032
1;2025-12-12;8;0.9751194032
1;2025-12-12;9;0.9751194032
1;2025-12-12;10;0.9751194032
1;2025-12-12;11;0.9751194032
1;2025-12-12;12;0.9751194032
1;2025-12-12;13;0.9751194032
1;2025-12-12;14;0.9751194032
1;2025-12-12;15;0.9751194032
1;2025-12-12;16;0.9751194032
1;2025-12-12;17;0.9751194032
1;2025-12-12;18;0.9751194032
1;2025-12-12;19;0.9751194032
1;2025-12-12;20;0.9751194032
1;2025-12-12;21;0.9751194032
1;2025-12-12;22;0.9751194032
1;2025-12-12;23;0.9751194032
1;2025-12-13;0;0.9981903019
1;2025-12-13;1;0.9981903019
1;2025-12-13;2;0.9981903019
1;2025-12-13;3;0.9981903019
1;2025-12-13;4;0.9981903019
1;2025-12-13;5;0.9981903019
1;2025-12-13;6;0.9981903019
1;2025-12-13;7;0.9981903019
1;2025-12-13;8;0.9981903019
1;2025-12-13;9;0.9981903019
1;2025-12-13;10;0.9981903019
1;2025-12-13;11;0.9981903019
1;2025-12-13;12;0.9981903019
1;2025-12-13;13;0.9981903019
1;2025-12-13;14;0.9981903019
1;2025-12-13;15;0.9981903019
1;2025-12-13;16;0.9981903019
1;2025-12-13;17;0.9981903019
1;2025-12-13;18;0.9981903019
1;2025-12-13;19;0.9981903019
1;2025-12-13;20;0.9981903019
1;2025-12-13;21;0.9981903019
1;2025-12-13;22;0.9981903019
1;2025-12-13;23;0.9981903019
1;2025-12-14;0;1.0032696823
1;2025-12-14;1;1.0032696823
1;2025-12-14;2;1.0032696823
1;2025-12-14;3;1.0032696823
1;2025-12-14;4;1.0032696823
1;2025-12-14;5;1.0032696823
1;2025-12-14;6;1.0032696823
1;2025-12-14;7;1.0032696823
1;2025-12-14;8;1.0032696823
1;2025-12-14;9;1.0032696823
1;2025-12-14;10;1.0032696823
1;2025-12-14;11;1.0032696823
1;2025-12-14;12;1.0032696823
1;2025-12-14;13;1.0032696823
1;2025-12-14;14;1.0032696823
1;2025-12-14;15;1.0032696823
1;2025-12-14;16;1.0032696823
1;2025-12-14;17;1.0032696823
1;2025-12-14;18;1.0032696823
1;2025-12-14;19;1.0032696823
1;2025-12-14;20;1.0032696823
1;2025-12-14;21;1.0032696823
1;2025-12-14;22;1.0032696823
1;2025-12-14;23;1.0032696823
1;2025-12-15;0;1.0124603232
1;2025-12-15;1;1.0124603232
1;2025-12-15;2;1.0124603232
1;2025-12-15;3;1.0124603232
1;2025-12-15;4;1.0124603232
1;2025-12-15;5;1.0124603232
1;2025-12-15;6;1.0124603232
1;2025-12-15;7;1.0124603232
1;2025-12-15;8;1.0124603232
1;2025-12-15;9;1.0124603232
1;2025-12-15;10;1.0124603232
1;2025-12-15;11;1.0124603232
1;2025-12-15;12;1.0124603232
1;2025-12-15;13;1.0124603232
1;2025-12-15;14;1.0124603232
1;2025-12-15;15;1.0124603232
1;2025-12-15;16;1.0124603232
1;2025-12-15;17;1.0124603232
1;2025-12-15;18;1.0124603232
1;2025-12-15;19;1.0124603232
1;2025-12-15;20;1.0124603232
1;2025-12-15;21;1.0124603232
1;2025-12-15;22;1.0124603232
1;2025-12-15;23;1.0124603232
1;2025-12-16;0;1.0047393939
1;2025-12-16;1;1.0047393939
1;2025-12-16;2;1.0047393939
1;2025-12-16;3;1.0047393939
1;2025-12-16;4;1.0047393939
1;2025-12-16;5;1.0047393939
1;2025-12-16;6;1.0047393939
1;2025-12-16;7;1.0047393939
1;2025-12-16;8;1.0047393939
1;2025-12-16;9;1.0047393939
1;2025-12-16;10;1.0047393939
1;2025-12-16;11;1.0047393939
1;2025-12-16;12;1.0047393939
1;2025-12-16;13;1.0047393939
1;2025-12-16;14;1.0047393939
1;2025-12-16;15;1.0047393939
1;2025-12-16;16;1.0047393939
1;2025-12-16;17;1.0047393939
1;2025-12-16;18;1.0047393939
1;2025-12-16;19;1.0047393939
1;2025-12-16;20;1.0047393939
1;2025-12-16;21;1.0047393939
1;2025-12-16;22;1.0047393939
1;2025-12-16;23;1.0047393939
1;2025-12-17;0;1.0105616
1;2025-12-17;1;1.0105616
1;2025-12-17;2;1.0105616
1;2025-12-17;3;1.0105616
1;2025-12-17;4;1.0105616
1;2025-12-17;5;1.0105616
1;2025-12-17;6;1.0105616
1;2025-12-17;7;1.0105616
1;2025-12-17;8;1.0105616
1;2025-12-17;9;1.0105616
1;2025-12-17;10;1.0105616
1;2025-12-17;11;1.0105616
1;2025-12-17;12;1.0105616
1;2025-12-17;13;1.0105616
1;2025-12-17;14;1.0105616
1;2025-12-17;15;1.0105616
1;2025-12-17;16;1.0105616
1;2025-12-17;17;1.0105616
1;2025-12-17;18;1.0105616
1;2025-12-17;19;1.0105616
1;2025-12-17;20;1.0105616
1;2025-12-17;21;1.0105616
1;2025-12-17;22;1.0105616
1;2025-12-17;23;1.0105616
1;2025-12-18;0;1.0087554223
1;2025-12-18;1;1.0087554223
1;2025-12-18;2;1.0087554223
1;2025-12-18;3;1.0087554223
1;2025-12-18;4;1.0087554223
1;2025-12-18;5;1.0087554223
1;2025-12-18;6;1.0087554223
1;2025-12-18;7;1.0087554223
1;2025-12-18;8;1.0087554223
1;2025-12-18;9;1.0087554223
1;2025-12-18;10;1.0087554223
1;2025-12-18;11;1.0087554223
1;2025-12-18;12;1.0087554223
1;2025-12-18;13;1.0087554223
1;2025-12-18;14;1.0087554223
1;2025-12-18;15;1.0087554223
1;2025-12-18;16;1.0087554223
1;2025-12-18;17;1.0087554223
1;2025-12-18;18;1.0087554223
1;2025-12-18;19;1.0087554223
1;2025-12-18;20;1.0087554223
1;2025-12-18;21;1.0087554223
1;2025-12-18;22;1.0087554223
1;2025-12-18;23;1.0087554223
1;2025-12-19;0;1.00338414
1;2025-12-19;1;1.00338414
1;2025-12-19;2;1.00338414
1;2025-12-19;3;1.00338414
1;2025-12-19;4;1.00338414
1;2025-12-19;5;1.00338414
1;2025-12-19;6;1.00338414
1;2025-12-19;7;1.00338414
1;2025-12-19;8;1.00338414
1;2025-12-19;9;1.00338414
1;2025-12-19;10;1.00338414
1;2025-12-19;11;1.00338414
1;2025-12-19;12;1.00338414
1;2025-12-19;13;1.00338414
1;2025-12-19;14;1.00338414
1;2025-12-19;15;1.00338414
1;2025-12-19;16;1.00338414
1;2025-12-19;17;1.00338414
1;2025-12-19;18;1.00338414
1;2025-12-19;19;1.00338414
1;2025-12-19;20;1.00338414
1;2025-12-19;21;1.00338414
1;2025-12-19;22;1.00338414
1;2025-12-19;23;1.00338414
1;2025-12-20;0;1.0123971143
1;2025-12-20;1;1.0123971143
1;2025-12-20;2;1.0123971143
1;2025-12-20;3;1.0123971143
1;2025-12-20;4;1.0123971143
1;2025-12-20;5;1.0123971143
1;2025-12-20;6;1.0123971143
1;2025-12-20;7;1.0123971143
1;2025-12-20;8;1.0123971143
1;2025-12-20;9;1.0123971143
1;2025-12-20;10;1.0123971143
1;2025-12-20;11;1.0123971143
1;2025-12-20;12;1.0123971143
1;2025-12-20;13;1.0123971143
1;2025-12-20;14;1.0123971143
1;2025-12-20;15;1.0123971143
1;2025-12-20;16;1.0123971143
1;2025-12-20;17;1.0123971143
1;2025-12-20;18;1.0123971143
1;2025-12-20;19;1.0123971143
1;2025-12-20;20;1.0123971143
1;2025-12-20;21;1.0123971143
1;2025-12-20;22;1.0123971143
1;2025-12-20;23;1.0123971143
1;2025-12-21;0;1.0010650789
1;2025-12-21;1;1.0010650789
1;2025-12-21;2;1.0010650789
1;2025-12-21;3;1.0010650789
1;2025-12-21;4;1.0010650789
1;2025-12-21;5;1.0010650789
1;2025-12-21;6;1.0010650789
1;2025-12-21;7;1.0010650789
1;2025-12-21;8;1.0010650789
1;2025-12-21;9;1.0010650789
1;2025-12-21;10;1.0010650789
1;2025-12-21;11;1.0010650789
1;2025-12-21;12;1.0010650789
1;2025-12-21;13;1.0010650789
1;2025-12-21;14;1.0010650789
1;2025-12-21;15;1.0010650789
1;2025-12-21;16;1.0010650789
1;2025-12-21;17;1.0010650789
1;2025-12-21;18;1.0010650789
1;2025-12-21;19;1.0010650789
1;2025-12-21;20;1.0010650789
1;2025-12-21;21;1.0010650789
1;2025-12-21;22;1.0010650789
1;2025-12-21;23;1.0010650789
1;2025-12-22;0;0.9962214703
1;2025-12-22;1;0.9962214703
1;2025-12-22;2;0.9962214703
1;2025-12-22;3;0.9962214703
1;2025-12-22;4;0.9962214703
1;2025-12-22;5;0.9962214703
1;2025-12-22;6;0.9962214703
1;2025-12-22;7;0.9962214703
1;2025-12-22;8;0.9962214703
1;2025-12-22;9;0.9962214703
1;2025-12-22;10;0.9962214703
1;2025-12-22;11;0.9962214703
1;2025-12-22;12;0.9962214703
1;2025-12-22;13;0.9962214703
1;2025-12-22;14;0.9962214703
1;2025-12-22;15;0.9962214703
1;2025-12-22;16;0.9962214703
1;2025-12-22;17;0.9962214703
1;2025-12-22;18;0.9962214703
1;2025-12-22;19;0.9962214703
1;2025-12-22;20;0.9962214703
1;2025-12-22;21;0.9962214703
1;2025-12-22;22;0.9962214703
1;2025-12-22;23;0.9962214703
1;2025-12-23;0;1.0176798198
1;2025-12-23;1;1.0176798198
1;2025-12-23;2;1.0176798198
1;2025-12-23;3;1.0176798198
1;2025-12-23;4;1.0176798198
1;2025-12-23;5;1.0176798198
1;2025-12-23;6;1.0176798198
1;2025-12-23;7;1.0176798198
1;2025-12-23;8;1.0176798198
1;2025-12-23;9;1.0176798198
1;2025-12-23;10;1.0176798198
1;2025-12-23;11;1.0176798198
1;2025-12-23;12;1.0176798198
1;2025-12-23;13;1.0176798198
1;2025-12-23;14;1.0176798198
1;2025-12-23;15;1.0176798198
1;2025-12-23;16;1.0176798198
1;2025-12-23;17;1.0176798198
1;2025-12-23;18;1.0176798198
1;2025-12-23;19;1.0176798198
1;2025-12-23;20;1.0176798198
1;2025-12-23;21;1.0176798198
1;2025-12-23;22;1.0176798198
1;2025-12-23;23;1.0176798198
1;2025-12-24;0;1.0136235588
1;2025-12-24;1;1.0136235588
1;2025-12-24;2;1.0136235588
1;2025-12-24;3;1.0136235588
1;2025-12-24;4;1.0136235588
1;2025-12-24;5;1.0136235588
1;2025-12-24;6;1.0136235588
1;2025-12-24;7;1.0136235588
1;2025-12-24;8;1.0136235588
1;2025-12-24;9;1.0136235588
1;2025-12-24;10;1.0136235588
1;2025-12-24;11;1.0136235588
1;2025-12-24;12;1.0136235588
1;2025-12-24;13;1.0136235588
1;2025-12-24;14;1.0136235588
1;2025-12-24;15;1.0136235588
1;2025-12-24;16;1.0136235588
1;2025-12-24;17;1.0136235588
1;2025-12-24;18;1.0136235588
1;2025-12-24;19;1.0136235588
1;2025-12-24;20;1.0136235588
1;2025-12-24;21;1.0136235588
1;2025-12-24;22;1.0136235588
1;2025-12-24;23;1.0136235588
1;2025-12-25;0;1.0061525163
1;2025-12-25;1;1.0061525163
1;2025-12-25;2;1.0061525163
1;2025-12-25;3;1.0061525163
1;2025-12-25;4;1.0061525163
1;2025-12-25;5;1.0061525163
1;2025-12-25;6;1.0061525163
1;2025-12-25;7;1.0061525163
1;2025-12-25;8;1.0061525163
1;2025-12-25;9;1.0061525163
1;2025-12-25;10;1.0061525163
1;2025-12-25;11;1.0061525163
1;2025-12-25;12;1.0061525163
1;2025-12-25;13;1.0061525163
1;2025-12-25;14;1.0061525163
1;2025-12-25;15;1.0061525163
1;2025-12-25;16;1.0061525163
1;2025-12-25;17;1.0061525163
1;2025-12-25;18;1.0061525163
1;2025-12-25;19;1.0061525163
1;2025-12-25;20;1.0061525163
1;2025-12-25;21;1.0061525163
1;2025-12-25;22;1.0061525163
1;2025-12-25;23;1.0061525163
1;2025-12-26;0;0.9639496845
1;2025-12-26;1;0.9639496845
1;2025-12-26;2;0.9639496845
1;2025-12-26;3;0.9639496845
1;2025-12-26;4;0.9639496845
1;2025-12-26;5;0.9639496845
1;2025-12-26;6;0.9639496845
1;2025-12-26;7;0.9639496845
1;2025-12-26;8;0.9639496845
1;2025-12-26;9;0.9639496845
1;2025-12-26;10;0.9639496845
1;2025-12-26;11;0.9639496845
1;2025-12-26;12;0.9639496845
1;2025-12-26;13;0.9639496845
1;2025-12-26;14;0.9639496845
1;2025-12-26;15;0.9639496845
1;2025-12-26;16;0.9639496845
1;2025-12-26;17;0.9639496845
1;2025-12-26;18;0.9639496845
1;2025-12-26;19;0.9639496845
1;2025-12-26;20;0.9639496845
1;2025-12-26;21;0.9639496845
1;2025-12-26;22;0.9639496845
1;2025-12-26;23;0.9639496845
1;2025-12-27;0;1.0045422285
1;2025-12-27;1;1.0045422285
1;2025-12-27;2;1.0045422285
1;2025-12-27;3;1.0045422285
1;2025-12-27;4;1.0045422285
1;2025-12-27;5;1.0045422285
1;2025-12-27;6;1.0045422285
1;2025-12-27;7;1.0045422285
1;2025-12-27;8;1.0045422285
1;2025-12-27;9;1.0045422285
1;2025-12-27;10;1.0045422285
1;2025-12-27;11;1.0045422285
1;2025-12-27;12;1.0045422285
1;2025-12-27;13;1.0045422285
1;2025-12-27;14;1.0045422285
1;2025-12-27;15;1.0045422285
1;2025-12-27;16;1.0045422285
1;2025-12-27;17;1.0045422285
1;2025-12-27;18;1.0045422285
1;2025-12-27;19;1.0045422285
1;2025-12-27;20;1.0045422285
1;2025-12-27;21;1.0045422285
1;2025-12-27;22;1.0045422285
1;2025-12-27;23;1.0045422285
1;2025-12-28;0;0.9928809937
1;2025-12-28;1;0.9928809937
1;2025-12-28;2;0.9928809937
1;2025-12-28;3;0.9928809937
1;2025-12-28;4;0.9928809937
1;2025-12-28;5;0.9928809937
1;2025-12-28;6;0.9928809937
1;2025-12-28;7;0.9928809937
1;2025-12-28;8;0.9928809937
1;2025-12-28;9;0.9928809937
1;2025-12-28;10;0.9928809937
1;2025-12-28;11;0.9928809937
1;2025-12-28;12;0.9928809937
1;2025-12-28;13;0.9928809937
1;2025-12-28;14;0.9928809937
1;2025-12-28;15;0.9928809937
1;2025-12-28;16;0.9928809937
1;2025-12-28;17;0.9928809937
1;2025-12-28;18;0.9928809937
1;2025-12-28;19;0.9928809937
1;2025-12-28;20;0.9928809937
1;2025-12-28;21;0.9928809937
1;2025-12-28;22;0.9928809937
1;2025-12-28;23;0.9928809937
1;2025-12-29;0;1.0016325293
1;2025-12-29;1;1.0016325293
1;2025-12-29;2;1.0016325293
1;2025-12-29;3;1.0016325293
1;2025-12-29;4;1.0016325293
1;2025-12-29;5;1.0016325293
1;2025-12-29;6;1.0016325293
1;2025-12-29;7;1.0016325293
1;2025-12-29;8;1.0016325293
1;2025-12-29;9;1.0016325293
1;2025-12-29;10;1.0016325293
1;2025-12-29;11;1.0016325293
1;2025-12-29;12;1.0016325293
1;2025-12-29;13;1.0016325293
1;2025-12-29;14;1.0016325293
1;2025-12-29;15;1.0016325293
1;2025-12-29;16;1.0016325293
1;2025-12-29;17;1.0016325293
1;2025-12-29;18;1.0016325293
1;2025-12-29;19;1.0016325293
1;2025-12-29;20;1.0016325293
1;2025-12-29;21;1.0016325293
1;2025-12-29;22;1.0016325293
1;2025-12-29;23;1.0016325293
1;2025-12-30;0;1.0036089571
1;2025-12-30;1;1.0036089571
1;2025-12-30;2;1.0036089571
1;2025-12-30;3;1.0036089571
1;2025-12-30;4;1.0036089571
1;2025-12-30;5;1.0036089571
1;2025-12-30;6;1.0036089571
1;2025-12-30;7;1.0036089571
1;2025-12-30;8;1.0036089571
1;2025-12-30;9;1.0036089571
1;2025-12-30;10;1.0036089571
1;2025-12-30;11;1.0036089571
1;2025-12-30;12;1.0036089571
1;2025-12-30;13;1.0036089571
1;2025-12-30;14;1.0036089571
1;2025-12-30;15;1.0036089571
1;2025-12-30;16;1.0036089571
1;2025-12-30;17;1.0036089571
1;2025-12-30;18;1.0036089571
1;2025-12-30;19;1.0036089571
1;2025-12-30;20;1.0036089571
1;2025-12-30;21;1.0036089571
1;2025-12-30;22;1.0036089571
1;2025-12-30;23;1.0036089571
1;2025-12-31;0;0.9940573057
1;2025-12-31;1;0.9940573057
1;2025-12-31;2;0.9940573057
1;2025-12-31;3;0.9940573057
1;2025-12-31;4;0.9940573057
1;2025-12-31;5;0.9940573057
1;2025-12-31;6;0.9940573057
1;2025-12-31;7;0.9940573057
1;2025-12-31;8;0.9940573057
1;2025-12-31;9;0.9940573057
1;2025-12-31;10;0.9940573057
1;2025-12-31;11;0.9940573057
1;2025-12-31;12;0.9940573057
1;2025-12-31;13;0.9940573057
1;2025-12-31;14;0.9940573057
1;2025-12-31;15;0.9940573057
1;2025-12-31;16;0.9940573057
1;2025-12-31;17;0.9940573057
1;2025-12-31;18;0.9940573057
1;2025-12-31;19;0.9940573057
1;2025-12-31;20;0.9940573057
1;2025-12-31;21;0.9940573057
1;2025-12-31;22;0.9940573057
1;2025-12-31;23;0.9940573057
5;2025-11-01;0;1.0
5;2025-11-01;1;1.0
5;2025-11-01;2;1.0
5;2025-11-01;3;1.0
5;2025-11-01;4;1.0
5;2025-11-01;5;1.0
5;2025-11-01;6;1.0
5;2025-11-01;7;1.0
5;2025-11-01;8;1.0
5;2025-11-01;9;1.0
5;2025-11-01;10;1.0
5;2025-11-01;11;1.0
5;2025-11-01;12;1.0
5;2025-11-01;13;1.0
5;2025-11-01;14;1.0
5;2025-11-01;15;1.0
5;2025-11-01;16;1.0
5;2025-11-01;17;1.0
5;2025-11-01;18;1.0
5;2025-11-01;19;1.0
5;2025-11-01;20;1.0
5;2025-11-01;21;1.0
5;2025-11-01;22;1.0
5;2025-11-01;23;1.0
5;2025-11-02;0;1.0
5;2025-11-02;1;1.0
5;2025-11-02;2;1.0
5;2025-11-02;3;1.0
5;2025-11-02;4;1.0
5;2025-11-02;5;1.0
5;2025-11-02;6;1.0
5;2025-11-02;7;1.0
5;2025-11-02;8;1.0
5;2025-11-02;9;1.0
5;2025-11-02;10;1.0
5;2025-11-02;11;1.0
5;2025-11-02;12;1.0
5;2025-11-02;13;1.0
5;2025-11-02;14;1.0
5;2025-11-02;15;1.0
5;2025-11-02;16;1.0
5;2025-11-02;17;1.0
5;2025-11-02;18;1.0
5;2025-11-02;19;1.0
5;2025-11-02;20;1.0
5;2025-11-02;21;1.0
5;2025-11-02;22;1.0
5;2025-11-02;23;1.0
5;2025-11-03;0;1.0
5;2025-11-03;1;1.0
5;2025-11-03;2;1.0
5;2025-11-03;3;1.0
5;2025-11-03;4;1.0
5;2025-11-03;5;1.0
5;2025-11-03;6;1.0
5;2025-11-03;7;1.0
5;2025-11-03;8;1.0
5;2025-11-03;9;1.0
5;2025-11-03;10;1.0
5;2025-11-03;11;1.0
5;2025-11-03;12;1.0
5;2025-11-03;13;1.0
5;2025-11-03;14;1.0
5;2025-11-03;15;1.0
5;2025-11-03;16;1.0
5;2025-11-03;17;1.0
5;2025-11-03;18;1.0
5;2025-11-03;19;1.0
5;2025-11-03;20;1.0
5;2025-11-03;21;1.0
5;2025-11-03;22;1.0
5;2025-11-03;23;1.0
5;2025-11-04;0;1.0
5;2025-11-04;1;1.0
5;2025-11-04;2;1.0
5;2025-11-04;3;1.0
5;2025-11-04;4;1.0
5;2025-11-04;5;1.0
5;2025-11-04;6;1.0
5;2025-11-04;7;1.0
5;2025-11-04;8;1.0
5;2025-11-04;9;1.0
5;2025-11-04;10;1.0
5;2025-11-04;11;1.0
5;2025-11-04;12;1.0
5;2025-11-04;13;1.0
5;2025-11-04;14;1.0
5;2025-11-04;15;1.0
5;2025-11-04;16;1.0
5;2025-11-04;17;1.0
5;2025-11-04;18;1.0
5;2025-11-04;19;1.0
5;2025-11-04;20;1.0
5;2025-11-04;21;1.0
5;2025-11-04;22;1.0
5;2025-11-04;23;1.0
5;2025-11-05;0;1.0
5;2025-11-05;1;1.0
5;2025-11-05;2;1.0
5;2025-11-05;3;1.0
5;2025-11-05;4;1.0
5;2025-11-05;5;1.0
5;2025-11-05;6;1.0
5;2025-11-05;7;1.0
5;2025-11-05;8;1.0
5;2025-11-05;9;1.0
5;2025-11-05;10;1.0
5;2025-11-05;11;1.0
5;2025-11-05;12;1.0
5;2025-11-05;13;1.0
5;2025-11-05;14;1.0
5;2025-11-05;15;1.0
5;2025-11-05;16;1.0
5;2025-11-05;17;1.0
5;2025-11-05;18;1.0
5;2025-11-05;19;1.0
5;2025-11-05;20;1.0
5;2025-11-05;21;1.0
5;2025-11-05;22;1.0
5;2025-11-05;23;1.0
5;2025-11-06;0;1.0
5;2025-11-06;1;1.0
5;2025-11-06;2;1.0
5;2025-11-06;3;1.0
5;2025-11-06;4;1.0
5;2025-11-06;5;1.0
5;2025-11-06;6;1.0
5;2025-11-06;7;1.0
5;2025-11-06;8;1.0
5;2025-11-06;9;1.0
5;2025-11-06;10;1.0
5;2025-11-06;11;1.0
5;2025-11-06;12;1.0
5;2025-11-06;13;1.0
5;2025-11-06;14;1.0
5;2025-11-06;15;1.0
5;2025-11-06;16;1.0
5;2025-11-06;17;1.0
5;2025-11-06;18;1.0
5;2025-11-06;19;1.0
5;2025-11-06;20;1.0
5;2025-11-06;21;1.0
5;2025-11-06;22;1.0
5;2025-11-06;23;1.0
5;2025-11-07;0;1.0
5;2025-11-07;1;1.0
5;2025-11-07;2;1.0
5;2025-11-07;3;1.0
5;2025-11-07;4;1.0
5;2025-11-07;5;1.0
5;2025-11-07;6;1.0
5;2025-11-07;7;1.0
5;2025-11-07;8;1.0
5;2025-11-07;9;1.0
5;2025-11-07;10;1.0
5;2025-11-07;11;1.0
5;2025-11-07;12;1.0
5;2025-11-07;13;1.0
5;2025-11-07;14;1.0
5;2025-11-07;15;1.0
5;2025-11-07;16;1.0
5;2025-11-07;17;1.0
5;2025-11-07;18;1.0
5;2025-11-07;19;1.0
5;2025-11-07;20;1.0
5;2025-11-07;21;1.0
5;2025-11-07;22;1.0
5;2025-11-07;23;1.0
5;2025-11-08;0;1.0
5;2025-11-08;1;1.0
5;2025-11-08;2;1.0
5;2025-11-08;3;1.0
5;2025-11-08;4;1.0
5;2025-11-08;5;1.0
5;2025-11-08;6;1.0
5;2025-11-08;7;1.0
5;2025-11-08;8;1.0
5;2025-11-08;9;1.0
5;2025-11-08;10;1.0
5;2025-11-08;11;1.0
5;2025-11-08;12;1.0
5;2025-11-08;13;1.0
5;2025-11-08;14;1.0
5;2025-11-08;15;1.0
5;2025-11-08;16;1.0
5;2025-11-08;17;1.0
5;2025-11-08;18;1.0
5;2025-11-08;19;1.0
5;2025-11-08;20;1.0
5;2025-11-08;21;1.0
5;2025-11-08;22;1.0
5;2025-11-08;23;1.0
5;2025-11-09;0;1.0
5;2025-11-09;1;1.0
5;2025-11-09;2;1.0
5;2025-11-09;3;1.0
5;2025-11-09;4;1.0
5;2025-11-09;5;1.0
5;2025-11-09;6;1.0
5;2025-11-09;7;1.0
5;2025-11-09;8;1.0
5;2025-11-09;9;1.0
5;2025-11-09;10;1.0
5;2025-11-09;11;1.0
5;2025-11-09;12;1.0
5;2025-11-09;13;1.0
5;2025-11-09;14;1.0
5;2025-11-09;15;1.0
5;2025-11-09;16;1.0
5;2025-11-09;17;1.0
5;2025-11-09;18;1.0
5;2025-11-09;19;1.0
5;2025-11-09;20;1.0
5;2025-11-09;21;1.0
5;2025-11-09;22;1.0
5;2025-11-09;23;1.0
5;2025-11-10;0;1.0
5;2025-11-10;1;1.0
5;2025-11-10;2;1.0
5;2025-11-10;3;1.0
5;2025-11-10;4;1.0
5;2025-11-10;5;1.0
5;2025-11-10;6;1.0
5;2025-11-10;7;1.0
5;2025-11-10;8;1.0
5;2025-11-10;9;1.0
5;2025-11-10;10;1.0
5;2025-11-10;11;1.0
5;2025-11-10;12;1.0
5;2025-11-10;13;1.0
5;2025-11-10;14;1.0
5;2025-11-10;15;1.0
5;2025-11-10;16;1.0
5;2025-11-10;17;1.0
5;2025-11-10;18;1.0
5;2025-11-10;19;1.0
5;2025-11-10;20;1.0
5;2025-11-10;21;1.0
5;2025-11-10;22;1.0
5;2025-11-10;23;1.0
5;2025-11-11;0;1.0
5;2025-11-11;1;1.0
5;2025-11-11;2;1.0
5;2025-11-11;3;1.0
5;2025-11-11;4;1.0
5;2025-11-11;5;1.0
5;2025-11-11;6;1.0
5;2025-11-11;7;1.0
5;2025-11-11;8;1.0
5;2025-11-11;9;1.0
5;2025-11-11;10;1.0
5;2025-11-11;11;1.0
5;2025-11-11;12;1.0
5;2025-11-11;13;1.0
5;2025-11-11;14;1.0
5;2025-11-11;15;1.0
5;2025-11-11;16;1.0
5;2025-11-11;17;1.0
5;2025-11-11;18;1.0
5;2025-11-11;19;1.0
5;2025-11-11;20;1.0
5;2025-11-11;21;1.0
5;2025-11-11;22;1.0
5;2025-11-11;23;1.0
5;2025-11-12;0;1.0
5;2025-11-12;1;1.0
5;2025-11-12;2;1.0
5;2025-11-12;3;1.0
5;2025-11-12;4;1.0
5;2025-11-12;5;1.0
5;2025-11-12;6;1.0
5;2025-11-12;7;1.0
5;2025-11-12;8;1.0
5;2025-11-12;9;1.0
5;2025-11-12;10;1.0
5;2025-11-12;11;1.0
5;2025-11-12;12;1.0
5;2025-11-12;13;1.0
5;2025-11-12;14;1.0
5;2025-11-12;15;1.0
5;2025-11-12;16;1.0
5;2025-11-12;17;1.0
5;2025-11-12;18;1.0
5;2025-11-12;19;1.0
5;2025-11-12;20;1.0
5;2025-11-12;21;1.0
5;2025-11-12;22;1.0
5;2025-11-12;23;1.0
5;2025-11-13;0;1.0
5;2025-11-13;1;1.0
5;2025-11-13;2;1.0
5;2025-11-13;3;1.0
5;2025-11-13;4;1.0
5;2025-11-13;5;1.0
5;2025-11-13;6;1.0
5;2025-11-13;7;1.0
5;2025-11-13;8;1.0
5;2025-11-13;9;1.0
5;2025-11-13;10;1.0
5;2025-11-13;11;1.0
5;2025-11-13;12;1.0
5;2025-11-13;13;1.0
5;2025-11-13;14;1.0
5;2025-11-13;15;1.0
5;2025-11-13;16;1.0
5;2025-11-13;17;1.0
5;2025-11-13;18;1.0
5;2025-11-13;19;1.0
5;2025-11-13;20;1.0
5;2025-11-13;21;1.0
5;2025-11-13;22;1.0
5;2025-11-13;23;1.0
5;2025-11-14;0;1.0
5;2025-11-14;1;1.0
5;2025-11-14;2;1.0
5;2025-11-14;3;1.0
5;2025-11-14;4;1.0
5;2025-11-14;5;1.0
5;2025-11-14;6;1.0
5;2025-11-14;7;1.0
5;2025-11-14;8;1.0
5;2025-11-14;9;1.0
5;2025-11-14;10;1.0
5;2025-11-14;11;1.0
5;2025-11-14;12;1.0
5;2025-11-14;13;1.0
5;2025-11-14;14;1.0
5;2025-11-14;15;1.0
5;2025-11-14;16;1.0
5;2025-11-14;17;1.0
5;2025-11-14;18;1.0
5;2025-11-14;19;1.0
5;2025-11-14;20;1.0
5;2025-11-14;21;1.0
5;2025-11-14;22;1.0
5;2025-11-14;23;1.0
5;2025-11-15;0;1.0
5;2025-11-15;1;1.0
5;2025-11-15;2;1.0
5;2025-11-15;3;1.0
5;2025-11-15;4;1.0
5;2025-11-15;5;1.0
5;2025-11-15;6;1.0
5;2025-11-15;7;1.0
5;2025-11-15;8;1.0
5;2025-11-15;9;1.0
5;2025-11-15;10;1.0
5;2025-11-15;11;1.0
5;2025-11-15;12;1.0
5;2025-11-15;13;1.0
5;2025-11-15;14;1.0
5;2025-11-15;15;1.0
5;2025-11-15;16;1.0
5;2025-11-15;17;1.0
5;2025-11-15;18;1.0
5;2025-11-15;19;1.0
5;2025-11-15;20;1.0
5;2025-11-15;21;1.0
5;2025-11-15;22;1.0
5;2025-11-15;23;1.0
5;2025-11-16;0;1.0
5;2025-11-16;1;1.0
5;2025-11-16;2;1.0
5;2025-11-16;3;1.0
5;2025-11-16;4;1.0
5;2025-11-16;5;1.0
5;2025-11-16;6;1.0
5;2025-11-16;7;1.0
5;2025-11-16;8;1.0
5;2025-11-16;9;1.0
5;2025-11-16;10;1.0
5;2025-11-16;11;1.0
5;2025-11-16;12;1.0
5;2025-11-16;13;1.0
5;2025-11-16;14;1.0
5;2025-11-16;15;1.0
5;2025-11-16;16;1.0
5;2025-11-16;17;1.0
5;2025-11-16;18;1.0
5;2025-11-16;19;1.0
5;2025-11-16;20;1.0
5;2025-11-16;21;1.0
5;2025-11-16;22;1.0
5;2025-11-16;23;1.0
5;2025-11-17;0;1.0
5;2025-11-17;1;1.0
5;2025-11-17;2;1.0
5;2025-11-17;3;1.0
5;2025-11-17;4;1.0
5;2025-11-17;5;1.0
5;2025-11-17;6;1.0
5;2025-11-17;7;1.0
5;2025-11-17;8;1.0
5;2025-11-17;9;1.0
5;2025-11-17;10;1.0
5;2025-11-17;11;1.0
5;2025-11-17;12;1.0
5;2025-11-17;13;1.0
5;2025-11-17;14;1.0
5;2025-11-17;15;1.0
5;2025-11-17;16;1.0
5;2025-11-17;17;1.0
5;2025-11-17;18;1.0
5;2025-11-17;19;1.0
5;2025-11-17;20;1.0
5;2025-11-17;21;1.0
5;2025-11-17;22;1.0
5;2025-11-17;23;1.0
5;2025-11-18;0;1.0
5;2025-11-18;1;1.0
5;2025-11-18;2;1.0
5;2025-11-18;3;1.0
5;2025-11-18;4;1.0
5;2025-11-18;5;1.0
5;2025-11-18;6;1.0
5;2025-11-18;7;1.0
5;2025-11-18;8;1.0
5;2025-11-18;9;1.0
5;2025-11-18;10;1.0
5;2025-11-18;11;1.0
5;2025-11-18;12;1.0
5;2025-11-18;13;1.0
5;2025-11-18;14;1.0
5;2025-11-18;15;1.0
5;2025-11-18;16;1.0
5;2025-11-18;17;1.0
5;2025-11-18;18;1.0
5;2025-11-18;19;1.0
5;2025-11-18;20;1.0
5;2025-11-18;21;1.0
5;2025-11-18;22;1.0
5;2025-11-18;23;1.0
5;2025-11-19;0;1.0
5;2025-11-19;1;1.0
5;2025-11-19;2;1.0
5;2025-11-19;3;1.0
5;2025-11-19;4;1.0
5;2025-11-19;5;1.0
5;2025-11-19;6;1.0
5;2025-11-19;7;1.0
5;2025-11-19;8;1.0
5;2025-11-19;9;1.0
5;2025-11-19;10;1.0
5;2025-11-19;11;1.0
5;2025-11-19;12;1.0
5;2025-11-19;13;1.0
5;2025-11-19;14;1.0
5;2025-11-19;15;1.0
5;2025-11-19;16;1.0
5;2025-11-19;17;1.0
5;2025-11-19;18;1.0
5;2025-11-19;19;1.0
5;2025-11-19;20;1.0
5;2025-11-19;21;1.0
5;2025-11-19;22;1.0
5;2025-11-19;23;1.0
5;2025-11-20;0;1.0
5;2025-11-20;1;1.0
5;2025-11-20;2;1.0
5;2025-11-20;3;1.0
5;2025-11-20;4;1.0
5;2025-11-20;5;1.0
5;2025-11-20;6;1.0
5;2025-11-20;7;1.0
5;2025-11-20;8;1.0
5;2025-11-20;9;1.0
5;2025-11-20;10;1.0
5;2025-11-20;11;1.0
5;2025-11-20;12;1.0
5;2025-11-20;13;1.0
5;2025-11-20;14;1.0
5;2025-11-20;15;1.0
5;2025-11-20;16;1.0
5;2025-11-20;17;1.0
5;2025-11-20;18;1.0
5;2025-11-20;19;1.0
5;2025-11-20;20;1.0
5;2025-11-20;21;1.0
5;2025-11-20;22;1.0
5;2025-11-20;23;1.0
5;2025-11-21;0;1.0
5;2025-11-21;1;1.0
5;2025-11-21;2;1.0
5;2025-11-21;3;1.0
5;2025-11-21;4;1.0
5;2025-11-21;5;1.0
5;2025-11-21;6;1.0
5;2025-11-21;7;1.0
5;2025-11-21;8;1.0
5;2025-11-21;9;1.0
5;2025-11-21;10;1.0
5;2025-11-21;11;1.0
5;2025-11-21;12;1.0
5;2025-11-21;13;1.0
5;2025-11-21;14;1.0
5;2025-11-21;15;1.0
5;2025-11-21;16;1.0
5;2025-11-21;17;1.0
5;2025-11-21;18;1.0
5;2025-11-21;19;1.0
5;2025-11-21;20;1.0
5;2025-11-21;21;1.0
5;2025-11-21;22;1.0
5;2025-11-21;23;1.0
5;2025-11-22;0;1.0
5;2025-11-22;1;1.0
5;2025-11-22;2;1.0
5;2025-11-22;3;1.0
5;2025-11-22;4;1.0
5;2025-11-22;5;1.0
5;2025-11-22;6;1.0
5;2025-11-22;7;1.0
5;2025-11-22;8;1.0
5;2025-11-22;9;1.0
5;2025-11-22;10;1.0
5;2025-11-22;11;1.0
5;2025-11-22;12;1.0
5;2025-11-22;13;1.0
5;2025-11-22;14;1.0
5;2025-11-22;15;1.0
5;2025-11-22;16;1.0
5;2025-11-22;17;1.0
5;2025-11-22;18;1.0
5;2025-11-22;19;1.0
5;2025-11-22;20;1.0
5;2025-11-22;21;1.0
5;2025-11-22;22;1.0
5;2025-11-22;23;1.0
5;2025-11-23;0;1.0
5;2025-11-23;1;1.0
5;2025-11-23;2;1.0
5;2025-11-23;3;1.0
5;2025-11-23;4;1.0
5;2025-11-23;5;1.0
5;2025-11-23;6;1.0
5;2025-11-23;7;1.0
5;2025-11-23;8;1.0
5;2025-11-23;9;1.0
5;2025-11-23;10;1.0
5;2025-11-23;11;1.0
5;2025-11-23;12;1.0
5;2025-11-23;13;1.0
5;2025-11-23;14;1.0
5;2025-11-23;15;1.0
5;2025-11-23;16;1.0
5;2025-11-23;17;1.0
5;2025-11-23;18;1.0
5;2025-11-23;19;1.0
5;2025-11-23;20;1.0
5;2025-11-23;21;1.0
5;2025-11-23;22;1.0
5;2025-11-23;23;1.0
5;2025-11-24;0;1.0
5;2025-11-24;1;1.0
5;2025-11-24;2;1.0
5;2025-11-24;3;1.0
5;2025-11-24;4;1.0
5;2025-11-24;5;1.0
5;2025-11-24;6;1.0
5;2025-11-24;7;1.0
5;2025-11-24;8;1.0
5;2025-11-24;9;1.0
5;2025-11-24;10;1.0
5;2025-11-24;11;1.0
5;2025-11-24;12;1.0
5;2025-11-24;13;1.0
5;2025-11-24;14;1.0
5;2025-11-24;15;1.0
5;2025-11-24;16;1.0
5;2025-11-24;17;1.0
5;2025-11-24;18;1.0
5;2025-11-24;19;1.0
5;2025-11-24;20;1.0
5;2025-11-24;21;1.0
5;2025-11-24;22;1.0
5;2025-11-24;23;1.0
5;2025-11-25;0;1.0
5;2025-11-25;1;1.0
5;2025-11-25;2;1.0
5;2025-11-25;3;1.0
5;2025-11-25;4;1.0
5;2025-11-25;5;1.0
5;2025-11-25;6;1.0
5;2025-11-25;7;1.0
5;2025-11-25;8;1.0
5;2025-11-25;9;1.0
5;2025-11-25;10;1.0
5;2025-11-25;11;1.0
5;2025-11-25;12;1.0
5;2025-11-25;13;1.0
5;2025-11-25;14;1.0
5;2025-11-25;15;1.0
5;2025-11-25;16;1.0
5;2025-11-25;17;1.0
5;2025-11-25;18;1.0
5;2025-11-25;19;1.0
5;2025-11-25;20;1.0
5;2025-11-25;21;1.0
5;2025-11-25;22;1.0
5;2025-11-25;23;1.0
5;2025-11-26;0;1.0
5;2025-11-26;1;1.0
5;2025-11-26;2;1.0
5;2025-11-26;3;1.0
5;2025-11-26;4;1.0
5;2025-11-26;5;1.0
5;2025-11-26;6;1.0
5;2025-11-26;7;1.0
5;2025-11-26;8;1.0
5;2025-11-26;9;1.0
5;2025-11-26;10;1.0
5;2025-11-26;11;1.0
5;2025-11-26;12;1.0
5;2025-11-26;13;1.0
5;2025-11-26;14;1.0
5;2025-11-26;15;1.0
5;2025-11-26;16;1.0
5;2025-11-26;17;1.0
5;2025-11-26;18;1.0
5;2025-11-26;19;1.0
5;2025-11-26;20;1.0
5;2025-11-26;21;1.0
5;2025-11-26;22;1.0
5;2025-11-26;23;1.0
5;2025-11-27;0;1.0
5;2025-11-27;1;1.0
5;2025-11-27;2;1.0
5;2025-11-27;3;1.0
5;2025-11-27;4;1.0
5;2025-11-27;5;1.0
5;2025-11-27;6;1.0
5;2025-11-27;7;1.0
5;2025-11-27;8;1.0
5;2025-11-27;9;1.0
5;2025-11-27;10;1.0
5;2025-11-27;11;1.0
5;2025-11-27;12;1.0
5;2025-11-27;13;1.0
5;2025-11-27;14;1.0
5;2025-11-27;15;1.0
5;2025-11-27;16;1.0
5;2025-11-27;17;1.0
5;2025-11-27;18;1.0
5;2025-11-27;19;1.0
5;2025-11-27;20;1.0
5;2025-11-27;21;1.0
5;2025-11-27;22;1.0
5;2025-11-27;23;1.0
5;2025-11-28;0;1.0
5;2025-11-28;1;1.0
5;2025-11-28;2;1.0
5;2025-11-28;3;1.0
5;2025-11-28;4;1.0
5;2025-11-28;5;1.0
5;2025-11-28;6;1.0
5;2025-11-28;7;1.0
5;2025-11-28;8;1.0
5;2025-11-28;9;1.0
5;2025-11-28;10;1.0
5;2025-11-28;11;1.0
5;2025-11-28;12;1.0
5;2025-11-28;13;1.0
5;2025-11-28;14;1.0
5;2025-11-28;15;1.0
5;2025-11-28;16;1.0
5;2025-11-28;17;1.0
5;2025-11-28;18;1.0
5;2025-11-28;19;1.0
5;2025-11-28;20;1.0
5;2025-11-28;21;1.0
5;2025-11-28;22;1.0
5;2025-11-28;23;1.0
5;2025-11-29;0;1.0
5;2025-11-29;1;1.0
5;2025-11-29;2;1.0
5;2025-11-29;3;1.0
5;2025-11-29;4;1.0
5;2025-11-29;5;1.0
5;2025-11-29;6;1.0
5;2025-11-29;7;1.0
5;2025-11-29;8;1.0
5;2025-11-29;9;1.0
5;2025-11-29;10;1.0
5;2025-11-29;11;1.0
5;2025-11-29;12;1.0
5;2025-11-29;13;1.0
5;2025-11-29;14;1.0
5;2025-11-29;15;1.0
5;2025-11-29;16;1.0
5;2025-11-29;17;1.0
5;2025-11-29;18;1.0
5;2025-11-29;19;1.0
5;2025-11-29;20;1.0
5;2025-11-29;21;1.0
5;2025-11-29;22;1.0
5;2025-11-29;23;1.0
5;2025-11-30;0;1.0
5;2025-11-30;1;1.0
5;2025-11-30;2;1.0
5;2025-11-30;3;1.0
5;2025-11-30;4;1.0
5;2025-11-30;5;1.0
5;2025-11-30;6;1.0
5;2025-11-30;7;1.0
5;2025-11-30;8;1.0
5;2025-11-30;9;1.0
5;2025-11-30;10;1.0
5;2025-11-30;11;1.0
5;2025-11-30;12;1.0
5;2025-11-30;13;1.0
5;2025-11-30;14;1.0
5;2025-11-30;15;1.0
5;2025-11-30;16;1.0
5;2025-11-30;17;1.0
5;2025-11-30;18;1.0
5;2025-11-30;19;1.0
5;2025-11-30;20;1.0
5;2025-11-30;21;1.0
5;2025-11-30;22;1.0
5;2025-11-30;23;1.0
5;2025-12-01;0;1.0
5;2025-12-01;1;1.0
5;2025-12-01;2;1.0
5;2025-12-01;3;1.0
5;2025-12-01;4;1.0
5;2025-12-01;5;1.0
5;2025-12-01;6;1.0
5;2025-12-01;7;1.0
5;2025-12-01;8;1.0
5;2025-12-01;9;1.0
5;2025-12-01;10;1.0
5;2025-12-01;11;1.0
5;2025-12-01;12;1.0
5;2025-12-01;13;1.0
5;2025-12-01;14;1.0
5;2025-12-01;15;1.0
5;2025-12-01;16;1.0
5;2025-12-01;17;1.0
5;2025-12-01;18;1.0
5;2025-12-01;19;1.0
5;2025-12-01;20;1.0
5;2025-12-01;21;1.0
5;2025-12-01;22;1.0
5;2025-12-01;23;1.0
5;2025-12-02;0;1.0
5;2025-12-02;1;1.0
5;2025-12-02;2;1.0
5;2025-12-02;3;1.0
5;2025-12-02;4;1.0
5;2025-12-02;5;1.0
5;2025-12-02;6;1.0
5;2025-12-02;7;1.0
5;2025-12-02;8;1.0
5;2025-12-02;9;1.0
5;2025-12-02;10;1.0
5;2025-12-02;11;1.0
5;2025-12-02;12;1.0
5;2025-12-02;13;1.0
5;2025-12-02;14;1.0
5;2025-12-02;15;1.0
5;2025-12-02;16;1.0
5;2025-12-02;17;1.0
5;2025-12-02;18;1.0
5;2025-12-02;19;1.0
5;2025-12-02;20;1.0
5;2025-12-02;21;1.0
5;2025-12-02;22;1.0
5;2025-12-02;23;1.0
5;2025-12-03;0;1.0
5;2025-12-03;1;1.0
5;2025-12-03;2;1.0
5;2025-12-03;3;1.0
5;2025-12-03;4;1.0
5;2025-12-03;5;1.0
5;2025-12-03;6;1.0
5;2025-12-03;7;1.0
5;2025-12-03;8;1.0
5;2025-12-03;9;1.0
5;2025-12-03;10;1.0
5;2025-12-03;11;1.0
5;2025-12-03;12;1.0
5;2025-12-03;13;1.0
5;2025-12-03;14;1.0
5;2025-12-03;15;1.0
5;2025-12-03;16;1.0
5;2025-12-03;17;1.0
5;2025-12-03;18;1.0
5;2025-12-03;19;1.0
5;2025-12-03;20;1.0
5;2025-12-03;21;1.0
5;2025-12-03;22;1.0
5;2025-12-03;23;1.0
5;2025-12-04;0;1.0
5;2025-12-04;1;1.0
5;2025-12-04;2;1.0
5;2025-12-04;3;1.0
5;2025-12-04;4;1.0
5;2025-12-04;5;1.0
5;2025-12-04;6;1.0
5;2025-12-04;7;1.0
5;2025-12-04;8;1.0
5;2025-12-04;9;1.0
5;2025-12-04;10;1.0
5;2025-12-04;11;1.0
5;2025-12-04;12;1.0
5;2025-12-04;13;1.0
5;2025-12-04;14;1.0
5;2025-12-04;15;1.0
5;2025-12-04;16;1.0
5;2025-12-04;17;1.0
5;2025-12-04;18;1.0
5;2025-12-04;19;1.0
5;2025-12-04;20;1.0
5;2025-12-04;21;1.0
5;2025-12-04;22;1.0
5;2025-12-04;23;1.0
5;2025-12-05;0;1.0
5;2025-12-05;1;1.0
5;2025-12-05;2;1.0
5;2025-12-05;3;1.0
5;2025-12-05;4;1.0
5;2025-12-05;5;1.0
5;2025-12-05;6;1.0
5;2025-12-05;7;1.0
5;2025-12-05;8;1.0
5;2025-12-05;9;1.0
5;2025-12-05;10;1.0
5;2025-12-05;11;1.0
5;2025-12-05;12;1.0
5;2025-12-05;13;1.0
5;2025-12-05;14;1.0
5;2025-12-05;15;1.0
5;2025-12-05;16;1.0
5;2025-12-05;17;1.0
5;2025-12-05;18;1.0
5;2025-12-05;19;1.0
5;2025-12-05;20;1.0
5;2025-12-05;21;1.0
5;2025-12-05;22;1.0
5;2025-12-05;23;1.0
5;2025-12-06;0;1.0
5;2025-12-06;1;1.0
5;2025-12-06;2;1.0
5;2025-12-06;3;1.0
5;2025-12-06;4;1.0
5;2025-12-06;5;1.0
5;2025-12-06;6;1.0
5;2025-12-06;7;1.0
5;2025-12-06;8;1.0
5;2025-12-06;9;1.0
5;2025-12-06;10;1.0
5;2025-12-06;11;1.0
5;2025-12-06;12;1.0
5;2025-12-06;13;1.0
5;2025-12-06;14;1.0
5;2025-12-06;15;1.0
5;2025-12-06;16;1.0
5;2025-12-06;17;1.0
5;2025-12-06;18;1.0
5;2025-12-06;19;1.0
5;2025-12-06;20;1.0
5;2025-12-06;21;1.0
5;2025-12-06;22;1.0
5;2025-12-06;23;1.0
5;2025-12-07;0;1.0
5;2025-12-07;1;1.0
5;2025-12-07;2;1.0
5;2025-12-07;3;1.0
5;2025-12-07;4;1.0
5;2025-12-07;5;1.0
5;2025-12-07;6;1.0
5;2025-12-07;7;1.0
5;2025-12-07;8;1.0
5;2025-12-07;9;1.0
5;2025-12-07;10;1.0
5;2025-12-07;11;1.0
5;2025-12-07;12;1.0
5;2025-12-07;13;1.0
5;2025-12-07;14;1.0
5;2025-12-07;15;1.0
5;2025-12-07;16;1.0
5;2025-12-07;17;1.0
5;2025-12-07;18;1.0
5;2025-12-07;19;1.0
5;2025-12-07;20;1.0
5;2025-12-07;21;1.0
5;2025-12-07;22;1.0
5;2025-12-07;23;1.0
5;2025-12-08;0;1.0
5;2025-12-08;1;1.0
5;2025-12-08;2;1.0
5;2025-12-08;3;1.0
5;2025-12-08;4;1.0
5;2025-12-08;5;1.0
5;2025-12-08;6;1.0
5;2025-12-08;7;1.0
5;2025-12-08;8;1.0
5;2025-12-08;9;1.0
5;2025-12-08;10;1.0
5;2025-12-08;11;1.0
5;2025-12-08;12;1.0
5;2025-12-08;13;1.0
5;2025-12-08;14;1.0
5;2025-12-08;15;1.0
5;2025-12-08;16;1.0
5;2025-12-08;17;1.0
5;2025-12-08;18;1.0
5;2025-12-08;19;1.0
5;2025-12-08;20;1.0
5;2025-12-08;21;1.0
5;2025-12-08;22;1.0
5;2025-12-08;23;1.0
5;2025-12-09;0;1.0
5;2025-12-09;1;1.0
5;2025-12-09;2;1.0
5;2025-12-09;3;1.0
5;2025-12-09;4;1.0
5;2025-12-09;5;1.0
5;2025-12-09;6;1.0
5;2025-12-09;7;1.0
5;2025-12-09;8;1.0
5;2025-12-09;9;1.0
5;2025-12-09;10;1.0
5;2025-12-09;11;1.0
5;2025-12-09;12;1.0
5;2025-12-09;13;1.0
5;2025-12-09;14;1.0
5;2025-12-09;15;1.0
5;2025-12-09;16;1.0
5;2025-12-09;17;1.0
5;2025-12-09;18;1.0
5;2025-12-09;19;1.0
5;2025-12-09;20;1.0
5;2025-12-09;21;1.0
5;2025-12-09;22;1.0
5;2025-12-09;23;1.0
5;2025-12-10;0;1.0
5;2025-12-10;1;1.0
5;2025-12-10;2;1.0
5;2025-12-10;3;1.0
5;2025-12-10;4;1.0
5;2025-12-10;5;1.0
5;2025-12-10;6;1.0
5;2025-12-10;7;1.0
5;2025-12-10;8;1.0
5;2025-12-10;9;1.0
5;2025-12-10;10;1.0
5;2025-12-10;11;1.0
5;2025-12-10;12;1.0
5;2025-12-10;13;1.0
5;2025-12-10;14;1.0
5;2025-12-10;15;1.0
5;2025-12-10;16;1.0
5;2025-12-10;17;1.0
5;2025-12-10;18;1.0
5;2025-12-10;19;1.0
5;2025-12-10;20;1.0
5;2025-12-10;21;1.0
5;2025-12-10;22;1.0
5;2025-12-10;23;1.0
5;2025-12-11;0;1.0
5;2025-12-11;1;1.0
5;2025-12-11;2;1.0
5;2025-12-11;3;1.0
5;2025-12-11;4;1.0
5;2025-12-11;5;1.0
5;2025-12-11;6;1.0
5;2025-12-11;7;1.0
5;2025-12-11;8;1.0
5;2025-12-11;9;1.0
5;2025-12-11;10;1.0
5;2025-12-11;11;1.0
5;2025-12-11;12;1.0
5;2025-12-11;13;1.0
5;2025-12-11;14;1.0
5;2025-12-11;15;1.0
5;2025-12-11;16;1.0
5;2025-12-11;17;1.0
5;2025-12-11;18;1.0
5;2025-12-11;19;1.0
5;2025-12-11;20;1.0
5;2025-12-11;21;1.0
5;2025-12-11;22;1.0
5;2025-12-11;23;1.0
5;2025-12-12;0;1.0
5;2025-12-12;1;1.0
5;2025-12-12;2;1.0
5;2025-12-12;3;1.0
5;2025-12-12;4;1.0
5;2025-12-12;5;1.0
5;2025-12-12;6;1.0
5;2025-12-12;7;1.0
5;2025-12-12;8;1.0
5;2025-12-12;9;1.0
5;2025-12-12;10;1.0
5;2025-12-12;11;1.0
5;2025-12-12;12;1.0
5;2025-12-12;13;1.0
5;2025-12-12;14;1.0
5;2025-12-12;15;1.0
5;2025-12-12;16;1.0
5;2025-12-12;17;1.0
5;2025-12-12;18;1.0
5;2025-12-12;19;1.0
5;2025-12-12;20;1.0
5;2025-12-12;21;1.0
5;2025-12-12;22;1.0
5;2025-12-12;23;1.0
5;2025-12-13;0;1.0
5;2025-12-13;1;1.0
5;2025-12-13;2;1.0
5;2025-12-13;3;1.0
5;2025-12-13;4;1.0
5;2025-12-13;5;1.0
5;2025-12-13;6;1.0
5;2025-12-13;7;1.0
5;2025-12-13;8;1.0
5;2025-12-13;9;1.0
5;2025-12-13;10;1.0
5;2025-12-13;11;1.0
5;2025-12-13;12;1.0
5;2025-12-13;13;1.0
5;2025-12-13;14;1.0
5;2025-12-13;15;1.0
5;2025-12-13;16;1.0
5;2025-12-13;17;1.0
5;2025-12-13;18;1.0
5;2025-12-13;19;1.0
5;2025-12-13;20;1.0
5;2025-12-13;21;1.0
5;2025-12-13;22;1.0
5;2025-12-13;23;1.0
5;2025-12-14;0;1.0
5;2025-12-14;1;1.0
5;2025-12-14;2;1.0
5;2025-12-14;3;1.0
5;2025-12-14;4;1.0
5;2025-12-14;5;1.0
5;2025-12-14;6;1.0
5;2025-12-14;7;1.0
5;2025-12-14;8;1.0
5;2025-12-14;9;1.0
5;2025-12-14;10;1.0
5;2025-12-14;11;1.0
5;2025-12-14;12;1.0
5;2025-12-14;13;1.0
5;2025-12-14;14;1.0
5;2025-12-14;15;1.0
5;2025-12-14;16;1.0
5;2025-12-14;17;1.0
5;2025-12-14;18;1.0
5;2025-12-14;19;1.0
5;2025-12-14;20;1.0
5;2025-12-14;21;1.0
5;2025-12-14;22;1.0
5;2025-12-14;23;1.0
5;2025-12-15;0;1.0
5;2025-12-15;1;1.0
5;2025-12-15;2;1.0
5;2025-12-15;3;1.0
5;2025-12-15;4;1.0
5;2025-12-15;5;1.0
5;2025-12-15;6;1.0
5;2025-12-15;7;1.0
5;2025-12-15;8;1.0
5;2025-12-15;9;1.0
5;2025-12-15;10;1.0
5;2025-12-15;11;1.0
5;2025-12-15;12;1.0
5;2025-12-15;13;1.0
5;2025-12-15;14;1.0
5;2025-12-15;15;1.0
5;2025-12-15;16;1.0
5;2025-12-15;17;1.0
5;2025-12-15;18;1.0
5;2025-12-15;19;1.0
5;2025-12-15;20;1.0
5;2025-12-15;21;1.0
5;2025-12-15;22;1.0
5;2025-12-15;23;1.0
5;2025-12-16;0;1.0
5;2025-12-16;1;1.0
5;2025-12-16;2;1.0
5;2025-12-16;3;1.0
5;2025-12-16;4;1.0
5;2025-12-16;5;1.0
5;2025-12-16;6;1.0
5;2025-12-16;7;1.0
5;2025-12-16;8;1.0
5;2025-12-16;9;1.0
5;2025-12-16;10;1.0
5;2025-12-16;11;1.0
5;2025-12-16;12;1.0
5;2025-12-16;13;1.0
5;2025-12-16;14;1.0
5;2025-12-16;15;1.0
5;2025-12-16;16;1.0
5;2025-12-16;17;1.0
5;2025-12-16;18;1.0
5;2025-12-16;19;1.0
5;2025-12-16;20;1.0
5;2025-12-16;21;1.0
5;2025-12-16;22;1.0
5;2025-12-16;23;1.0
5;2025-12-17;0;1.0
5;2025-12-17;1;1.0
5;2025-12-17;2;1.0
5;2025-12-17;3;1.0
5;2025-12-17;4;1.0
5;2025-12-17;5;1.0
5;2025-12-17;6;1.0
5;2025-12-17;7;1.0
5;2025-12-17;8;1.0
5;2025-12-17;9;1.0
5;2025-12-17;10;1.0
5;2025-12-17;11;1.0
5;2025-12-17;12;1.0
5;2025-12-17;13;1.0
5;2025-12-17;14;1.0
5;2025-12-17;15;1.0
5;2025-12-17;16;1.0
5;2025-12-17;17;1.0
5;2025-12-17;18;1.0
5;2025-12-17;19;1.0
5;2025-12-17;20;1.0
5;2025-12-17;21;1.0
5;2025-12-17;22;1.0
5;2025-12-17;23;1.0
5;2025-12-18;0;1.0
5;2025-12-18;1;1.0
5;2025-12-18;2;1.0
5;2025-12-18;3;1.0
5;2025-12-18;4;1.0
5;2025-12-18;5;1.0
5;2025-12-18;6;1.0
5;2025-12-18;7;1.0
5;2025-12-18;8;1.0
5;2025-12-18;9;1.0
5;2025-12-18;10;1.0
5;2025-12-18;11;1.0
5;2025-12-18;12;1.0
5;2025-12-18;13;1.0
5;2025-12-18;14;1.0
5;2025-12-18;15;1.0
5;2025-12-18;16;1.0
5;2025-12-18;17;1.0
5;2025-12-18;18;1.0
5;2025-12-18;19;1.0
5;2025-12-18;20;1.0
5;2025-12-18;21;1.0
5;2025-12-18;22;1.0
5;2025-12-18;23;1.0
5;2025-12-19;0;1.0
5;2025-12-19;1;1.0
5;2025-12-19;2;1.0
5;2025-12-19;3;1.0
5;2025-12-19;4;1.0
5;2025-12-19;5;1.0
5;2025-12-19;6;1.0
5;2025-12-19;7;1.0
5;2025-12-19;8;1.0
5;2025-12-19;9;1.0
5;2025-12-19;10;1.0
5;2025-12-19;11;1.0
5;2025-12-19;12;1.0
5;2025-12-19;13;1.0
5;2025-12-19;14;1.0
5;2025-12-19;15;1.0
5;2025-12-19;16;1.0
5;2025-12-19;17;1.0
5;2025-12-19;18;1.0
5;2025-12-19;19;1.0
5;2025-12-19;20;1.0
5;2025-12-19;21;1.0
5;2025-12-19;22;1.0
5;2025-12-19;23;1.0
5;2025-12-20;0;1.0
5;2025-12-20;1;1.0
5;2025-12-20;2;1.0
5;2025-12-20;3;1.0
5;2025-12-20;4;1.0
5;2025-12-20;5;1.0
5;2025-12-20;6;1.0
5;2025-12-20;7;1.0
5;2025-12-20;8;1.0
5;2025-12-20;9;1.0
5;2025-12-20;10;1.0
5;2025-12-20;11;1.0
5;2025-12-20;12;1.0
5;2025-12-20;13;1.0
5;2025-12-20;14;1.0
5;2025-12-20;15;1.0
5;2025-12-20;16;1.0
5;2025-12-20;17;1.0
5;2025-12-20;18;1.0
5;2025-12-20;19;1.0
5;2025-12-20;20;1.0
5;2025-12-20;21;1.0
5;2025-12-20;22;1.0
5;2025-12-20;23;1.0
5;2025-12-21;0;1.0
5;2025-12-21;1;1.0
5;2025-12-21;2;1.0
5;2025-12-21;3;1.0
5;2025-12-21;4;1.0
5;2025-12-21;5;1.0
5;2025-12-21;6;1.0
5;2025-12-21;7;1.0
5;2025-12-21;8;1.0
5;2025-12-21;9;1.0
5;2025-12-21;10;1.0
5;2025-12-21;11;1.0
5;2025-12-21;12;1.0
5;2025-12-21;13;1.0
5;2025-12-21;14;1.0
5;2025-12-21;15;1.0
5;2025-12-21;16;1.0
5;2025-12-21;17;1.0
5;2025-12-21;18;1.0
5;2025-12-21;19;1.0
5;2025-12-21;20;1.0
5;2025-12-21;21;1.0
5;2025-12-21;22;1.0
5;2025-12-21;23;1.0
5;2025-12-22;0;1.0
5;2025-12-22;1;1.0
5;2025-12-22;2;1.0
5;2025-12-22;3;1.0
5;2025-12-22;4;1.0
5;2025-12-22;5;1.0
5;2025-12-22;6;1.0
5;2025-12-22;7;1.0
5;2025-12-22;8;1.0
5;2025-12-22;9;1.0
5;2025-12-22;10;1.0
5;2025-12-22;11;1.0
5;2025-12-22;12;1.0
5;2025-12-22;13;1.0
5;2025-12-22;14;1.0
5;2025-12-22;15;1.0
5;2025-12-22;16;1.0
5;2025-12-22;17;1.0
5;2025-12-22;18;1.0
5;2025-12-22;19;1.0
5;2025-12-22;20;1.0
5;2025-12-22;21;1.0
5;2025-12-22;22;1.0
5;2025-12-22;23;1.0
5;2025-12-23;0;1.0
5;2025-12-23;1;1.0
5;2025-12-23;2;1.0
5;2025-12-23;3;1.0
5;2025-12-23;4;1.0
5;2025-12-23;5;1.0
5;2025-12-23;6;1.0
5;2025-12-23;7;1.0
5;2025-12-23;8;1.0
5;2025-12-23;9;1.0
5;2025-12-23;10;1.0
5;2025-12-23;11;1.0
5;2025-12-23;12;1.0
5;2025-12-23;13;1.0
5;2025-12-23;14;1.0
5;2025-12-23;15;1.0
5;2025-12-23;16;1.0
5;2025-12-23;17;1.0
5;2025-12-23;18;1.0
5;2025-12-23;19;1.0
5;2025-12-23;20;1.0
5;2025-12-23;21;1.0
5;2025-12-23;22;1.0
5;2025-12-23;23;1.0
5;2025-12-24;0;1.0
5;2025-12-24;1;1.0
5;2025-12-24;2;1.0
5;2025-12-24;3;1.0
5;2025-12-24;4;1.0
5;2025-12-24;5;1.0
5;2025-12-24;6;1.0
5;2025-12-24;7;1.0
5;2025-12-24;8;1.0
5;2025-12-24;9;1.0
5;2025-12-24;10;1.0
5;2025-12-24;11;1.0
5;2025-12-24;12;1.0
5;2025-12-24;13;1.0
5;2025-12-24;14;1.0
5;2025-12-24;15;1.0
5;2025-12-24;16;1.0
5;2025-12-24;17;1.0
5;2025-12-24;18;1.0
5;2025-12-24;19;1.0
5;2025-12-24;20;1.0
5;2025-12-24;21;1.0
5;2025-12-24;22;1.0
5;2025-12-24;23;1.0
5;2025-12-25;0;1.0
5;2025-12-25;1;1.0
5;2025-12-25;2;1.0
5;2025-12-25;3;1.0
5;2025-12-25;4;1.0
5;2025-12-25;5;1.0
5;2025-12-25;6;1.0
5;2025-12-25;7;1.0
5;2025-12-25;8;1.0
5;2025-12-25;9;1.0
5;2025-12-25;10;1.0
5;2025-12-25;11;1.0
5;2025-12-25;12;1.0
5;2025-12-25;13;1.0
5;2025-12-25;14;1.0
5;2025-12-25;15;1.0
5;2025-12-25;16;1.0
5;2025-12-25;17;1.0
5;2025-12-25;18;1.0
5;2025-12-25;19;1.0
5;2025-12-25;20;1.0
5;2025-12-25;21;1.0
5;2025-12-25;22;1.0
5;2025-12-25;23;1.0
5;2025-12-26;0;1.0
5;2025-12-26;1;1.0
5;2025-12-26;2;1.0
5;2025-12-26;3;1.0
5;2025-12-26;4;1.0
5;2025-12-26;5;1.0
5;2025-12-26;6;1.0
5;2025-12-26;7;1.0
5;2025-12-26;8;1.0
5;2025-12-26;9;1.0
5;2025-12-26;10;1.0
5;2025-12-26;11;1.0
5;2025-12-26;12;1.0
5;2025-12-26;13;1.0
5;2025-12-26;14;1.0
5;2025-12-26;15;1.0
5;2025-12-26;16;1.0
5;2025-12-26;17;1.0
5;2025-12-26;18;1.0
5;2025-12-26;19;1.0
5;2025-12-26;20;1.0
5;2025-12-26;21;1.0
5;2025-12-26;22;1.0
5;2025-12-26;23;1.0
5;2025-12-27;0;1.0
5;2025-12-27;1;1.0
5;2025-12-27;2;1.0
5;2025-12-27;3;1.0
5;2025-12-27;4;1.0
5;2025-12-27;5;1.0
5;2025-12-27;6;1.0
5;2025-12-27;7;1.0
5;2025-12-27;8;1.0
5;2025-12-27;9;1.0
5;2025-12-27;10;1.0
5;2025-12-27;11;1.0
5;2025-12-27;12;1.0
5;2025-12-27;13;1.0
5;2025-12-27;14;1.0
5;2025-12-27;15;1.0
5;2025-12-27;16;1.0
5;2025-12-27;17;1.0
5;2025-12-27;18;1.0
5;2025-12-27;19;1.0
5;2025-12-27;20;1.0
5;2025-12-27;21;1.0
5;2025-12-27;22;1.0
5;2025-12-27;23;1.0
5;2025-12-28;0;1.0
5;2025-12-28;1;1.0
5;2025-12-28;2;1.0
5;2025-12-28;3;1.0
5;2025-12-28;4;1.0
5;2025-12-28;5;1.0
5;2025-12-28;6;1.0
5;2025-12-28;7;1.0
5;2025-12-28;8;1.0
5;2025-12-28;9;1.0
5;2025-12-28;10;1.0
5;2025-12-28;11;1.0
5;2025-12-28;12;1.0
5;2025-12-28;13;1.0
5;2025-12-28;14;1.0
5;2025-12-28;15;1.0
5;2025-12-28;16;1.0
5;2025-12-28;17;1.0
5;2025-12-28;18;1.0
5;2025-12-28;19;1.0
5;2025-12-28;20;1.0
5;2025-12-28;21;1.0
5;2025-12-28;22;1.0
5;2025-12-28;23;1.0
5;2025-12-29;0;1.0
5;2025-12-29;1;1.0
5;2025-12-29;2;1.0
5;2025-12-29;3;1.0
5;2025-12-29;4;1.0
5;2025-12-29;5;1.0
5;2025-12-29;6;1.0
5;2025-12-29;7;1.0
5;2025-12-29;8;1.0
5;2025-12-29;9;1.0
5;2025-12-29;10;1.0
5;2025-12-29;11;1.0
5;2025-12-29;12;1.0
5;2025-12-29;13;1.0
5;2025-12-29;14;1.0
5;2025-12-29;15;1.0
5;2025-12-29;16;1.0
5;2025-12-29;17;1.0
5;2025-12-29;18;1.0
5;2025-12-29;19;1.0
5;2025-12-29;20;1.0
5;2025-12-29;21;1.0
5;2025-12-29;22;1.0
5;2025-12-29;23;1.0
5;2025-12-30;0;1.0
5;2025-12-30;1;1.0
5;2025-12-30;2;1.0
5;2025-12-30;3;1.0
5;2025-12-30;4;1.0
5;2025-12-30;5;1.0
5;2025-12-30;6;1.0
5;2025-12-30;7;1.0
5;2025-12-30;8;1.0
5;2025-12-30;9;1.0
5;2025-12-30;10;1.0
5;2025-12-30;11;1.0
5;2025-12-30;12;1.0
5;2025-12-30;13;1.0
5;2025-12-30;14;1.0
5;2025-12-30;15;1.0
5;2025-12-30;16;1.0
5;2025-12-30;17;1.0
5;2025-12-30;18;1.0
5;2025-12-30;19;1.0
5;2025-12-30;20;1.0
5;2025-12-30;21;1.0
5;2025-12-30;22;1.0
5;2025-12-30;23;1.0
5;2025-12-31;0;1.0
5;2025-12-31;1;1.0
5;2025-12-31;2;1.0
5;2025-12-31;3;1.0
5;2025-12-31;4;1.0
5;2025-12-31;5;1.0
5;2025-12-31;6;1.0
5;2025-12-31;7;1.0
5;2025-12-31;8;1.0
5;2025-12-31;9;1.0
5;2025-12-31;10;1.0
5;2025-12-31;11;1.0
5;2025-12-31;12;1.0
5;2025-12-31;13;1.0
5;2025-12-31;14;1.0
5;2025-12-31;15;1.0
5;2025-12-31;16;1.0
5;2025-12-31;17;1.0
5;2025-12-31;18;1.0
5;2025-12-31;19;1.0
5;2025-12-31;20;1.0
5;2025-12-31;21;1.0
5;2025-12-31;22;1.0
5;2025-12-31;23;1.0
7;2025-11-01;0;1.0087986951
7;2025-11-01;1;1.0087986951
7;2025-11-01;2;1.0087986951
7;2025-11-01;3;1.0087986951
7;2025-11-01;4;1.0087986951
7;2025-11-01;5;1.0087986951
7;2025-11-01;6;1.0087986951
7;2025-11-01;7;1.0087986951
7;2025-11-01;8;1.0087986951
7;2025-11-01;9;1.0087986951
7;2025-11-01;10;1.0087986951
7;2025-11-01;11;1.0087986951
7;2025-11-01;12;1.0087986951
7;2025-11-01;13;1.0087986951
7;2025-11-01;14;1.0087986951
7;2025-11-01;15;1.0087986951
7;2025-11-01;16;1.0087986951
7;2025-11-01;17;1.0087986951
7;2025-11-01;18;1.0087986951
7;2025-11-01;19;1.0087986951
7;2025-11-01;20;1.0087986951
7;2025-11-01;21;1.0087986951
7;2025-11-01;22;1.0087986951
7;2025-11-01;23;1.0087986951
7;2025-11-02;0;1.0111819894
7;2025-11-02;1;1.0111819894
7;2025-11-02;2;1.0111819894
7;2025-11-02;3;1.0111819894
7;2025-11-02;4;1.0111819894
7;2025-11-02;5;1.0111819894
7;2025-11-02;6;1.0111819894
7;2025-11-02;7;1.0111819894
7;2025-11-02;8;1.0111819894
7;2025-11-02;9;1.0111819894
7;2025-11-02;10;1.0111819894
7;2025-11-02;11;1.0111819894
7;2025-11-02;12;1.0111819894
7;2025-11-02;13;1.0111819894
7;2025-11-02;14;1.0111819894
7;2025-11-02;15;1.0111819894
7;2025-11-02;16;1.0111819894
7;2025-11-02;17;1.0111819894
7;2025-11-02;18;1.0111819894
7;2025-11-02;19;1.0111819894
7;2025-11-02;20;1.0111819894
7;2025-11-02;21;1.0111819894
7;2025-11-02;22;1.0111819894
7;2025-11-02;23;1.0111819894
7;2025-11-03;0;0.9811854658
7;2025-11-03;1;0.9811854658
7;2025-11-03;2;0.9811854658
7;2025-11-03;3;0.9811854658
7;2025-11-03;4;0.9811854658
7;2025-11-03;5;0.9811854658
7;2025-11-03;6;0.9811854658
7;2025-11-03;7;0.9811854658
7;2025-11-03;8;0.9811854658
7;2025-11-03;9;0.9811854658
7;2025-11-03;10;0.9811854658
7;2025-11-03;11;0.9811854658
7;2025-11-03;12;0.9811854658
7;2025-11-03;13;0.9811854658
7;2025-11-03;14;0.9811854658
7;2025-11-03;15;0.9811854658
7;2025-11-03;16;0.9811854658
7;2025-11-03;17;0.9811854658
7;2025-11-03;18;0.9811854658
7;2025-11-03;19;0.9811854658
7;2025-11-03;20;0.9811854658
7;2025-11-03;21;0.9811854658
7;2025-11-03;22;0.9811854658
7;2025-11-03;23;0.9811854658
7;2025-11-04;0;0.9728454841
7;2025-11-04;1;0.9728454841
7;2025-11-04;2;0.9728454841
7;2025-11-04;3;0.9728454841
7;2025-11-04;4;0.9728454841
7;2025-11-04;5;0.9728454841
7;2025-11-04;6;0.9728454841
7;2025-11-04;7;0.9728454841
7;2025-11-04;8;0.9728454841
7;2025-11-04;9;0.9728454841
7;2025-11-04;10;0.9728454841
7;2025-11-04;11;0.9728454841
7;2025-11-04;12;0.9728454841
7;2025-11-04;13;0.9728454841
7;2025-11-04;14;0.9728454841
7;2025-11-04;15;0.9728454841
7;2025-11-04;16;0.9728454841
7;2025-11-04;17;0.9728454841
7;2025-11-04;18;0.9728454841
7;2025-11-04;19;0.9728454841
7;2025-11-04;20;0.9728454841
7;2025-11-04;21;0.9728454841
7;2025-11-04;22;0.9728454841
7;2025-11-04;23;0.9728454841
7;2025-11-05;0;1.012796266
7;2025-11-05;1;1.012796266
7;2025-11-05;2;1.012796266
7;2025-11-05;3;1.012796266
7;2025-11-05;4;1.012796266
7;2025-11-05;5;1.012796266
7;2025-11-05;6;1.012796266
7;2025-11-05;7;1.012796266
7;2025-11-05;8;1.012796266
7;2025-11-05;9;1.012796266
7;2025-11-05;10;1.012796266
7;2025-11-05;11;1.012796266
7;2025-11-05;12;1.012796266
7;2025-11-05;13;1.012796266
7;2025-11-05;14;1.012796266
7;2025-11-05;15;1.012796266
7;2025-11-05;16;1.012796266
7;2025-11-05;17;1.012796266
7;2025-11-05;18;1.012796266
7;2025-11-05;19;1.012796266
7;2025-11-05;20;1.012796266
7;2025-11-05;21;1.012796266
7;2025-11-05;22;1.012796266
7;2025-11-05;23;1.012796266
7;2025-11-06;0;0.9921246126
7;2025-11-06;1;0.9921246126
7;2025-11-06;2;0.9921246126
7;2025-11-06;3;0.9921246126
7;2025-11-06;4;0.9921246126
7;2025-11-06;5;0.9921246126
7;2025-11-06;6;0.9921246126
7;2025-11-06;7;0.9921246126
7;2025-11-06;8;0.9921246126
7;2025-11-06;9;0.9921246126
7;2025-11-06;10;0.9921246126
7;2025-11-06;11;0.9921246126
7;2025-11-06;12;0.9921246126
7;2025-11-06;13;0.9921246126
7;2025-11-06;14;0.9921246126
7;2025-11-06;15;0.9921246126
7;2025-11-06;16;0.9921246126
7;2025-11-06;17;0.9921246126
7;2025-11-06;18;0.9921246126
7;2025-11-06;19;0.9921246126
7;2025-11-06;20;0.9921246126
7;2025-11-06;21;0.9921246126
7;2025-11-06;22;0.9921246126
7;2025-11-06;23;0.9921246126
7;2025-11-07;0;0.9894530069
7;2025-11-07;1;0.9894530069
7;2025-11-07;2;0.9894530069
7;2025-11-07;3;0.9894530069
7;2025-11-07;4;0.9894530069
7;2025-11-07;5;0.9894530069
7;2025-11-07;6;0.9894530069
7;2025-11-07;7;0.9894530069
7;2025-11-07;8;0.9894530069
7;2025-11-07;9;0.9894530069
7;2025-11-07;10;0.9894530069
7;2025-11-07;11;0.9894530069
7;2025-11-07;12;0.9894530069
7;2025-11-07;13;0.9894530069
7;2025-11-07;14;0.9894530069
7;2025-11-07;15;0.9894530069
7;2025-11-07;16;0.9894530069
7;2025-11-07;17;0.9894530069
7;2025-11-07;18;0.9894530069
7;2025-11-07;19;0.9894530069
7;2025-11-07;20;0.9894530069
7;2025-11-07;21;0.9894530069
7;2025-11-07;22;0.9894530069
7;2025-11-07;23;0.9894530069
7;2025-11-08;0;1.0113362332
7;2025-11-08;1;1.0113362332
7;2025-11-08;2;1.0113362332
7;2025-11-08;3;1.0113362332
7;2025-11-08;4;1.0113362332
7;2025-11-08;5;1.0113362332
7;2025-11-08;6;1.0113362332
7;2025-11-08;7;1.0113362332
7;2025-11-08;8;1.0113362332
7;2025-11-08;9;1.0113362332
7;2025-11-08;10;1.0113362332
7;2025-11-08;11;1.0113362332
7;2025-11-08;12;1.0113362332
7;2025-11-08;13;1.0113362332
7;2025-11-08;14;1.0113362332
7;2025-11-08;15;1.0113362332
7;2025-11-08;16;1.0113362332
7;2025-11-08;17;1.0113362332
7;2025-11-08;18;1.0113362332
7;2025-11-08;19;1.0113362332
7;2025-11-08;20;1.0113362332
7;2025-11-08;21;1.0113362332
7;2025-11-08;22;1.0113362332
7;2025-11-08;23;1.0113362332
7;2025-11-09;0;1.0085066638
7;2025-11-09;1;1.0085066638
7;2025-11-09;2;1.0085066638
7;2025-11-09;3;1.0085066638
7;2025-11-09;4;1.0085066638
7;2025-11-09;5;1.0085066638
7;2025-11-09;6;1.0085066638
7;2025-11-09;7;1.0085066638
7;2025-11-09;8;1.0085066638
7;2025-11-09;9;1.0085066638
7;2025-11-09;10;1.0085066638
7;2025-11-09;11;1.0085066638
7;2025-11-09;12;1.0085066638
7;2025-11-09;13;1.0085066638
7;2025-11-09;14;1.0085066638
7;2025-11-09;15;1.0085066638
7;2025-11-09;16;1.0085066638
7;2025-11-09;17;1.0085066638
7;2025-11-09;18;1.0085066638
7;2025-11-09;19;1.0085066638
7;2025-11-09;20;1.0085066638
7;2025-11-09;21;1.0085066638
7;2025-11-09;22;1.0085066638
7;2025-11-09;23;1.0085066638
7;2025-11-10;0;1.0111917146
7;2025-11-10;1;1.0111917146
7;2025-11-10;2;1.0111917146
7;2025-11-10;3;1.0111917146
7;2025-11-10;4;1.0111917146
7;2025-11-10;5;1.0111917146
7;2025-11-10;6;1.0111917146
7;2025-11-10;7;1.0111917146
7;2025-11-10;8;1.0111917146
7;2025-11-10;9;1.0111917146
7;2025-11-10;10;1.0111917146
7;2025-11-10;11;1.0111917146
7;2025-11-10;12;1.0111917146
7;2025-11-10;13;1.0111917146
7;2025-11-10;14;1.0111917146
7;2025-11-10;15;1.0111917146
7;2025-11-10;16;1.0111917146
7;2025-11-10;17;1.0111917146
7;2025-11-10;18;1.0111917146
7;2025-11-10;19;1.0111917146
7;2025-11-10;20;1.0111917146
7;2025-11-10;21;1.0111917146
7;2025-11-10;22;1.0111917146
7;2025-11-10;23;1.0111917146
7;2025-11-11;0;1.0100954342
7;2025-11-11;1;1.0100954342
7;2025-11-11;2;1.0100954342
7;2025-11-11;3;1.0100954342
7;2025-11-11;4;1.0100954342
7;2025-11-11;5;1.0100954342
7;2025-11-11;6;1.0100954342
7;2025-11-11;7;1.0100954342
7;2025-11-11;8;1.0100954342
7;2025-11-11;9;1.0100954342
7;2025-11-11;10;1.0100954342
7;2025-11-11;11;1.0100954342
7;2025-11-11;12;1.0100954342
7;2025-11-11;13;1.0100954342
7;2025-11-11;14;1.0100954342
7;2025-11-11;15;1.0100954342
7;2025-11-11;16;1.0100954342
7;2025-11-11;17;1.0100954342
7;2025-11-11;18;1.0100954342
7;2025-11-11;19;1.0100954342
7;2025-11-11;20;1.0100954342
7;2025-11-11;21;1.0100954342
7;2025-11-11;22;1.0100954342
7;2025-11-11;23;1.0100954342
7;2025-11-12;0;0.9974995778
7;2025-11-12;1;0.9974995778
7;2025-11-12;2;0.9974995778
7;2025-11-12;3;0.9974995778
7;2025-11-12;4;0.9974995778
7;2025-11-12;5;0.9974995778
7;2025-11-12;6;0.9974995778
7;2025-11-12;7;0.9974995778
7;2025-11-12;8;0.9974995778
7;2025-11-12;9;0.9974995778
7;2025-11-12;10;0.9974995778
7;2025-11-12;11;0.9974995778
7;2025-11-12;12;0.9974995778
7;2025-11-12;13;0.9974995778
7;2025-11-12;14;0.9974995778
7;2025-11-12;15;0.9974995778
7;2025-11-12;16;0.9974995778
7;2025-11-12;17;0.9974995778
7;2025-11-12;18;0.9974995778
7;2025-11-12;19;0.9974995778
7;2025-11-12;20;0.9974995778
7;2025-11-12;21;0.9974995778
7;2025-11-12;22;0.9974995778
7;2025-11-12;23;0.9974995778
7;2025-11-13;0;1.0093918149
7;2025-11-13;1;1.0093918149
7;2025-11-13;2;1.0093918149
7;2025-11-13;3;1.0093918149
7;2025-11-13;4;1.0093918149
7;2025-11-13;5;1.0093918149
7;2025-11-13;6;1.0093918149
7;2025-11-13;7;1.0093918149
7;2025-11-13;8;1.0093918149
7;2025-11-13;9;1.0093918149
7;2025-11-13;10;1.0093918149
7;2025-11-13;11;1.0093918149
7;2025-11-13;12;1.0093918149
7;2025-11-13;13;1.0093918149
7;2025-11-13;14;1.0093918149
7;2025-11-13;15;1.0093918149
7;2025-11-13;16;1.0093918149
7;2025-11-13;17;1.0093918149
7;2025-11-13;18;1.0093918149
7;2025-11-13;19;1.0093918149
7;2025-11-13;20;1.0093918149
7;2025-11-13;21;1.0093918149
7;2025-11-13;22;1.0093918149
7;2025-11-13;23;1.0093918149
7;2025-11-14;0;1.0039157435
7;2025-11-14;1;1.0039157435
7;2025-11-14;2;1.0039157435
7;2025-11-14;3;1.0039157435
7;2025-11-14;4;1.0039157435
7;2025-11-14;5;1.0039157435
7;2025-11-14;6;1.0039157435
7;2025-11-14;7;1.0039157435
7;2025-11-14;8;1.0039157435
7;2025-11-14;9;1.0039157435
7;2025-11-14;10;1.0039157435
7;2025-11-14;11;1.0039157435
7;2025-11-14;12;1.0039157435
7;2025-11-14;13;1.0039157435
7;2025-11-14;14;1.0039157435
7;2025-11-14;15;1.0039157435
7;2025-11-14;16;1.0039157435
7;2025-11-14;17;1.0039157435
7;2025-11-14;18;1.0039157435
7;2025-11-14;19;1.0039157435
7;2025-11-14;20;1.0039157435
7;2025-11-14;21;1.0039157435
7;2025-11-14;22;1.0039157435
7;2025-11-14;23;1.0039157435
7;2025-11-15;0;0.9159612845
7;2025-11-15;1;0.9159612845
7;2025-11-15;2;0.9159612845
7;2025-11-15;3;0.9159612845
7;2025-11-15;4;0.9159612845
7;2025-11-15;5;0.9159612845
7;2025-11-15;6;0.9159612845
7;2025-11-15;7;0.9159612845
7;2025-11-15;8;0.9159612845
7;2025-11-15;9;0.9159612845
7;2025-11-15;10;0.9159612845
7;2025-11-15;11;0.9159612845
7;2025-11-15;12;0.9159612845
7;2025-11-15;13;0.9159612845
7;2025-11-15;14;0.9159612845
7;2025-11-15;15;0.9159612845
7;2025-11-15;16;0.9159612845
7;2025-11-15;17;0.9159612845
7;2025-11-15;18;0.9159612845
7;2025-11-15;19;0.9159612845
7;2025-11-15;20;0.9159612845
7;2025-11-15;21;0.9159612845
7;2025-11-15;22;0.9159612845
7;2025-11-15;23;0.9159612845
7;2025-11-16;0;1.0061424493
7;2025-11-16;1;1.0061424493
7;2025-11-16;2;1.0061424493
7;2025-11-16;3;1.0061424493
7;2025-11-16;4;1.0061424493
7;2025-11-16;5;1.0061424493
7;2025-11-16;6;1.0061424493
7;2025-11-16;7;1.0061424493
7;2025-11-16;8;1.0061424493
7;2025-11-16;9;1.0061424493
7;2025-11-16;10;1.0061424493
7;2025-11-16;11;1.0061424493
7;2025-11-16;12;1.0061424493
7;2025-11-16;13;1.0061424493
7;2025-11-16;14;1.0061424493
7;2025-11-16;15;1.0061424493
7;2025-11-16;16;1.0061424493
7;2025-11-16;17;1.0061424493
7;2025-11-16;18;1.0061424493
7;2025-11-16;19;1.0061424493
7;2025-11-16;20;1.0061424493
7;2025-11-16;21;1.0061424493
7;2025-11-16;22;1.0061424493
7;2025-11-16;23;1.0061424493
7;2025-11-17;0;0.9816423366
7;2025-11-17;1;0.9816423366
7;2025-11-17;2;0.9816423366
7;2025-11-17;3;0.9816423366
7;2025-11-17;4;0.9816423366
7;2025-11-17;5;0.9816423366
7;2025-11-17;6;0.9816423366
7;2025-11-17;7;0.9816423366
7;2025-11-17;8;0.9816423366
7;2025-11-17;9;0.9816423366
7;2025-11-17;10;0.9816423366
7;2025-11-17;11;0.9816423366
7;2025-11-17;12;0.9816423366
7;2025-11-17;13;0.9816423366
7;2025-11-17;14;0.9816423366
7;2025-11-17;15;0.9816423366
7;2025-11-17;16;0.9816423366
7;2025-11-17;17;0.9816423366
7;2025-11-17;18;0.9816423366
7;2025-11-17;19;0.9816423366
7;2025-11-17;20;0.9816423366
7;2025-11-17;21;0.9816423366
7;2025-11-17;22;0.9816423366
7;2025-11-17;23;0.9816423366
7;2025-11-18;0;0.9495112604
7;2025-11-18;1;0.9495112604
7;2025-11-18;2;0.9495112604
7;2025-11-18;3;0.9495112604
7;2025-11-18;4;0.9495112604
7;2025-11-18;5;0.9495112604
7;2025-11-18;6;0.9495112604
7;2025-11-18;7;0.9495112604
7;2025-11-18;8;0.9495112604
7;2025-11-18;9;0.9495112604
7;2025-11-18;10;0.9495112604
7;2025-11-18;11;0.9495112604
7;2025-11-18;12;0.9495112604
7;2025-11-18;13;0.9495112604
7;2025-11-18;14;0.9495112604
7;2025-11-18;15;0.9495112604
7;2025-11-18;16;0.9495112604
7;2025-11-18;17;0.9495112604
7;2025-11-18;18;0.9495112604
7;2025-11-18;19;0.9495112604
7;2025-11-18;20;0.9495112604
7;2025-11-18;21;0.9495112604
7;2025-11-18;22;0.9495112604
7;2025-11-18;23;0.9495112604
7;2025-11-19;0;1.0129003839
7;2025-11-19;1;1.0129003839
7;2025-11-19;2;1.0129003839
7;2025-11-19;3;1.0129003839
7;2025-11-19;4;1.0129003839
7;2025-11-19;5;1.0129003839
7;2025-11-19;6;1.0129003839
7;2025-11-19;7;1.0129003839
7;2025-11-19;8;1.0129003839
7;2025-11-19;9;1.0129003839
7;2025-11-19;10;1.0129003839
7;2025-11-19;11;1.0129003839
7;2025-11-19;12;1.0129003839
7;2025-11-19;13;1.0129003839
7;2025-11-19;14;1.0129003839
7;2025-11-19;15;1.0129003839
7;2025-11-19;16;1.0129003839
7;2025-11-19;17;1.0129003839
7;2025-11-19;18;1.0129003839
7;2025-11-19;19;1.0129003839
7;2025-11-19;20;1.0129003839
7;2025-11-19;21;1.0129003839
7;2025-11-19;22;1.0129003839
7;2025-11-19;23;1.0129003839
7;2025-11-20;0;1.0104115618
7;2025-11-20;1;1.0104115618
7;2025-11-20;2;1.0104115618
7;2025-11-20;3;1.0104115618
7;2025-11-20;4;1.0104115618
7;2025-11-20;5;1.0104115618
7;2025-11-20;6;1.0104115618
7;2025-11-20;7;1.0104115618
7;2025-11-20;8;1.0104115618
7;2025-11-20;9;1.0104115618
7;2025-11-20;10;1.0104115618
7;2025-11-20;11;1.0104115618
7;2025-11-20;12;1.0104115618
7;2025-11-20;13;1.0104115618
7;2025-11-20;14;1.0104115618
7;2025-11-20;15;1.0104115618
7;2025-11-20;16;1.0104115618
7;2025-11-20;17;1.0104115618
7;2025-11-20;18;1.0104115618
7;2025-11-20;19;1.0104115618
7;2025-11-20;20;1.0104115618
7;2025-11-20;21;1.0104115618
7;2025-11-20;22;1.0104115618
7;2025-11-20;23;1.0104115618
7;2025-11-21;0;1.0050191904
7;2025-11-21;1;1.0050191904
7;2025-11-21;2;1.0050191904
7;2025-11-21;3;1.0050191904
7;2025-11-21;4;1.0050191904
7;2025-11-21;5;1.0050191904
7;2025-11-21;6;1.0050191904
7;2025-11-21;7;1.0050191904
7;2025-11-21;8;1.0050191904
7;2025-11-21;9;1.0050191904
7;2025-11-21;10;1.0050191904
7;2025-11-21;11;1.0050191904
7;2025-11-21;12;1.0050191904
7;2025-11-21;13;1.0050191904
7;2025-11-21;14;1.0050191904
7;2025-11-21;15;1.0050191904
7;2025-11-21;16;1.0050191904
7;2025-11-21;17;1.0050191904
7;2025-11-21;18;1.0050191904
7;2025-11-21;19;1.0050191904
7;2025-11-21;20;1.0050191904
7;2025-11-21;21;1.0050191904
7;2025-11-21;22;1.0050191904
7;2025-11-21;23;1.0050191904
7;2025-11-22;0;0.9624951792
7;2025-11-22;1;0.9624951792
7;2025-11-22;2;0.9624951792
7;2025-11-22;3;0.9624951792
7;2025-11-22;4;0.9624951792
7;2025-11-22;5;0.9624951792
7;2025-11-22;6;0.9624951792
7;2025-11-22;7;0.9624951792
7;2025-11-22;8;0.9624951792
7;2025-11-22;9;0.9624951792
7;2025-11-22;10;0.9624951792
7;2025-11-22;11;0.9624951792
7;2025-11-22;12;0.9624951792
7;2025-11-22;13;0.9624951792
7;2025-11-22;14;0.9624951792
7;2025-11-22;15;0.9624951792
7;2025-11-22;16;0.9624951792
7;2025-11-22;17;0.9624951792
7;2025-11-22;18;0.9624951792
7;2025-11-22;19;0.9624951792
7;2025-11-22;20;0.9624951792
7;2025-11-22;21;0.9624951792
7;2025-11-22;22;0.9624951792
7;2025-11-22;23;0.9624951792
7;2025-11-23;0;1.0091710844
7;2025-11-23;1;1.0091710844
7;2025-11-23;2;1.0091710844
7;2025-11-23;3;1.0091710844
7;2025-11-23;4;1.0091710844
7;2025-11-23;5;1.0091710844
7;2025-11-23;6;1.0091710844
7;2025-11-23;7;1.0091710844
7;2025-11-23;8;1.0091710844
7;2025-11-23;9;1.0091710844
7;2025-11-23;10;1.0091710844
7;2025-11-23;11;1.0091710844
7;2025-11-23;12;1.0091710844
7;2025-11-23;13;1.0091710844
7;2025-11-23;14;1.0091710844
7;2025-11-23;15;1.0091710844
7;2025-11-23;16;1.0091710844
7;2025-11-23;17;1.0091710844
7;2025-11-23;18;1.0091710844
7;2025-11-23;19;1.0091710844
7;2025-11-23;20;1.0091710844
7;2025-11-23;21;1.0091710844
7;2025-11-23;22;1.0091710844
7;2025-11-23;23;1.0091710844
7;2025-11-24;0;0.949835197
7;2025-11-24;1;0.949835197
7;2025-11-24;2;0.949835197
7;2025-11-24;3;0.949835197
7;2025-11-24;4;0.949835197
7;2025-11-24;5;0.949835197
7;2025-11-24;6;0.949835197
7;2025-11-24;7;0.949835197
7;2025-11-24;8;0.949835197
7;2025-11-24;9;0.949835197
7;2025-11-24;10;0.949835197
7;2025-11-24;11;0.949835197
7;2025-11-24;12;0.949835197
7;2025-11-24;13;0.949835197
7;2025-11-24;14;0.949835197
7;2025-11-24;15;0.949835197
7;2025-11-24;16;0.949835197
7;2025-11-24;17;0.949835197
7;2025-11-24;18;0.949835197
7;2025-11-24;19;0.949835197
7;2025-11-24;20;0.949835197
7;2025-11-24;21;0.949835197
7;2025-11-24;22;0.949835197
7;2025-11-24;23;0.949835197
7;2025-11-25;0;1.0129771835
7;2025-11-25;1;1.0129771835
7;2025-11-25;2;1.0129771835
7;2025-11-25;3;1.0129771835
7;2025-11-25;4;1.0129771835
7;2025-11-25;5;1.0129771835
7;2025-11-25;6;1.0129771835
7;2025-11-25;7;1.0129771835
7;2025-11-25;8;1.0129771835
7;2025-11-25;9;1.0129771835
7;2025-11-25;10;1.0129771835
7;2025-11-25;11;1.0129771835
7;2025-11-25;12;1.0129771835
7;2025-11-25;13;1.0129771835
7;2025-11-25;14;1.0129771835
7;2025-11-25;15;1.0129771835
7;2025-11-25;16;1.0129771835
7;2025-11-25;17;1.0129771835
7;2025-11-25;18;1.0129771835
7;2025-11-25;19;1.0129771835
7;2025-11-25;20;1.0129771835
7;2025-11-25;21;1.0129771835
7;2025-11-25;22;1.0129771835
7;2025-11-25;23;1.0129771835
7;2025-11-26;0;0.9561354896
7;2025-11-26;1;0.9561354896
7;2025-11-26;2;0.9561354896
7;2025-11-26;3;0.9561354896
7;2025-11-26;4;0.9561354896
7;2025-11-26;5;0.9561354896
7;2025-11-26;6;0.9561354896
7;2025-11-26;7;0.9561354896
7;2025-11-26;8;0.9561354896
7;2025-11-26;9;0.9561354896
7;2025-11-26;10;0.9561354896
7;2025-11-26;11;0.9561354896
7;2025-11-26;12;0.9561354896
7;2025-11-26;13;0.9561354896
7;2025-11-26;14;0.9561354896
7;2025-11-26;15;0.9561354896
7;2025-11-26;16;0.9561354896
7;2025-11-26;17;0.9561354896
7;2025-11-26;18;0.9561354896
7;2025-11-26;19;0.9561354896
7;2025-11-26;20;0.9561354896
7;2025-11-26;21;0.9561354896
7;2025-11-26;22;0.9561354896
7;2025-11-26;23;0.9561354896
7;2025-11-27;0;0.9582461349
7;2025-11-27;1;0.9582461349
7;2025-11-27;2;0.9582461349
7;2025-11-27;3;0.9582461349
7;2025-11-27;4;0.9582461349
7;2025-11-27;5;0.9582461349
7;2025-11-27;6;0.9582461349
7;2025-11-27;7;0.9582461349
7;2025-11-27;8;0.9582461349
7;2025-11-27;9;0.9582461349
7;2025-11-27;10;0.9582461349
7;2025-11-27;11;0.9582461349
7;2025-11-27;12;0.9582461349
7;2025-11-27;13;0.9582461349
7;2025-11-27;14;0.9582461349
7;2025-11-27;15;0.9582461349
7;2025-11-27;16;0.9582461349
7;2025-11-27;17;0.9582461349
7;2025-11-27;18;0.9582461349
7;2025-11-27;19;0.9582461349
7;2025-11-27;20;0.9582461349
7;2025-11-27;21;0.9582461349
7;2025-11-27;22;0.9582461349
7;2025-11-27;23;0.9582461349
7;2025-11-28;0;0.9679111079
7;2025-11-28;1;0.9679111079
7;2025-11-28;2;0.9679111079
7;2025-11-28;3;0.9679111079
7;2025-11-28;4;0.9679111079
7;2025-11-28;5;0.9679111079
7;2025-11-28;6;0.9679111079
7;2025-11-28;7;0.9679111079
7;2025-11-28;8;0.9679111079
7;2025-11-28;9;0.9679111079
7;2025-11-28;10;0.9679111079
7;2025-11-28;11;0.9679111079
7;2025-11-28;12;0.9679111079
7;2025-11-28;13;0.9679111079
7;2025-11-28;14;0.9679111079
7;2025-11-28;15;0.9679111079
7;2025-11-28;16;0.9679111079
7;2025-11-28;17;0.9679111079
7;2025-11-28;18;0.9679111079
7;2025-11-28;19;0.9679111079
7;2025-11-28;20;0.9679111079
7;2025-11-28;21;0.9679111079
7;2025-11-28;22;0.9679111079
7;2025-11-28;23;0.9679111079
7;2025-11-29;0;1.009833564
7;2025-11-29;1;1.009833564
7;2025-11-29;2;1.009833564
7;2025-11-29;3;1.009833564
7;2025-11-29;4;1.009833564
7;2025-11-29;5;1.009833564
7;2025-11-29;6;1.009833564
7;2025-11-29;7;1.009833564
7;2025-11-29;8;1.009833564
7;2025-11-29;9;1.009833564
7;2025-11-29;10;1.009833564
7;2025-11-29;11;1.009833564
7;2025-11-29;12;1.009833564
7;2025-11-29;13;1.009833564
7;2025-11-29;14;1.009833564
7;2025-11-29;15;1.009833564
7;2025-11-29;16;1.009833564
7;2025-11-29;17;1.009833564
7;2025-11-29;18;1.009833564
7;2025-11-29;19;1.009833564
7;2025-11-29;20;1.009833564
7;2025-11-29;21;1.009833564
7;2025-11-29;22;1.009833564
7;2025-11-29;23;1.009833564
7;2025-11-30;0;1.0033648418
7;2025-11-30;1;1.0033648418
7;2025-11-30;2;1.0033648418
7;2025-11-30;3;1.0033648418
7;2025-11-30;4;1.0033648418
7;2025-11-30;5;1.0033648418
7;2025-11-30;6;1.0033648418
7;2025-11-30;7;1.0033648418
7;2025-11-30;8;1.0033648418
7;2025-11-30;9;1.0033648418
7;2025-11-30;10;1.0033648418
7;2025-11-30;11;1.0033648418
7;2025-11-30;12;1.0033648418
7;2025-11-30;13;1.0033648418
7;2025-11-30;14;1.0033648418
7;2025-11-30;15;1.0033648418
7;2025-11-30;16;1.0033648418
7;2025-11-30;17;1.0033648418
7;2025-11-30;18;1.0033648418
7;2025-11-30;19;1.0033648418
7;2025-11-30;20;1.0033648418
7;2025-11-30;21;1.0033648418
7;2025-11-30;22;1.0033648418
7;2025-11-30;23;1.0033648418
7;2025-12-01;0;1.0097561789
7;2025-12-01;1;1.0097561789
7;2025-12-01;2;1.0097561789
7;2025-12-01;3;1.0097561789
7;2025-12-01;4;1.0097561789
7;2025-12-01;5;1.0097561789
7;2025-12-01;6;1.0097561789
7;2025-12-01;7;1.0097561789
7;2025-12-01;8;1.0097561789
7;2025-12-01;9;1.0097561789
7;2025-12-01;10;1.0097561789
7;2025-12-01;11;1.0097561789
7;2025-12-01;12;1.0097561789
7;2025-12-01;13;1.0097561789
7;2025-12-01;14;1.0097561789
7;2025-12-01;15;1.0097561789
7;2025-12-01;16;1.0097561789
7;2025-12-01;17;1.0097561789
7;2025-12-01;18;1.0097561789
7;2025-12-01;19;1.0097561789
7;2025-12-01;20;1.0097561789
7;2025-12-01;21;1.0097561789
7;2025-12-01;22;1.0097561789
7;2025-12-01;23;1.0097561789
7;2025-12-02;0;1.0039468375
7;2025-12-02;1;1.0039468375
7;2025-12-02;2;1.0039468375
7;2025-12-02;3;1.0039468375
7;2025-12-02;4;1.0039468375
7;2025-12-02;5;1.0039468375
7;2025-12-02;6;1.0039468375
7;2025-12-02;7;1.0039468375
7;2025-12-02;8;1.0039468375
7;2025-12-02;9;1.0039468375
7;2025-12-02;10;1.0039468375
7;2025-12-02;11;1.0039468375
7;2025-12-02;12;1.0039468375
7;2025-12-02;13;1.0039468375
7;2025-12-02;14;1.0039468375
7;2025-12-02;15;1.0039468375
7;2025-12-02;16;1.0039468375
7;2025-12-02;17;1.0039468375
7;2025-12-02;18;1.0039468375
7;2025-12-02;19;1.0039468375
7;2025-12-02;20;1.0039468375
7;2025-12-02;21;1.0039468375
7;2025-12-02;22;1.0039468375
7;2025-12-02;23;1.0039468375
7;2025-12-03;0;1.0021613756
7;2025-12-03;1;1.0021613756
7;2025-12-03;2;1.0021613756
7;2025-12-03;3;1.0021613756
7;2025-12-03;4;1.0021613756
7;2025-12-03;5;1.0021613756
7;2025-12-03;6;1.0021613756
7;2025-12-03;7;1.0021613756
7;2025-12-03;8;1.0021613756
7;2025-12-03;9;1.0021613756
7;2025-12-03;10;1.0021613756
7;2025-12-03;11;1.0021613756
7;2025-12-03;12;1.0021613756
7;2025-12-03;13;1.0021613756
7;2025-12-03;14;1.0021613756
7;2025-12-03;15;1.0021613756
7;2025-12-03;16;1.0021613756
7;2025-12-03;17;1.0021613756
7;2025-12-03;18;1.0021613756
7;2025-12-03;19;1.0021613756
7;2025-12-03;20;1.0021613756
7;2025-12-03;21;1.0021613756
7;2025-12-03;22;1.0021613756
7;2025-12-03;23;1.0021613756
7;2025-12-04;0;1.0057537229
7;2025-12-04;1;1.0057537229
7;2025-12-04;2;1.0057537229
7;2025-12-04;3;1.0057537229
7;2025-12-04;4;1.0057537229
7;2025-12-04;5;1.0057537229
7;2025-12-04;6;1.0057537229
7;2025-12-04;7;1.0057537229
7;2025-12-04;8;1.0057537229
7;2025-12-04;9;1.0057537229
7;2025-12-04;10;1.0057537229
7;2025-12-04;11;1.0057537229
7;2025-12-04;12;1.0057537229
7;2025-12-04;13;1.0057537229
7;2025-12-04;14;1.0057537229
7;2025-12-04;15;1.0057537229
7;2025-12-04;16;1.0057537229
7;2025-12-04;17;1.0057537229
7;2025-12-04;18;1.0057537229
7;2025-12-04;19;1.0057537229
7;2025-12-04;20;1.0057537229
7;2025-12-04;21;1.0057537229
7;2025-12-04;22;1.0057537229
7;2025-12-04;23;1.0057537229
7;2025-12-05;0;1.0062638722
7;2025-12-05;1;1.0062638722
7;2025-12-05;2;1.0062638722
7;2025-12-05;3;1.0062638722
7;2025-12-05;4;1.0062638722
7;2025-12-05;5;1.0062638722
7;2025-12-05;6;1.0062638722
7;2025-12-05;7;1.0062638722
7;2025-12-05;8;1.0062638722
7;2025-12-05;9;1.0062638722
7;2025-12-05;10;1.0062638722
7;2025-12-05;11;1.0062638722
7;2025-12-05;12;1.0062638722
7;2025-12-05;13;1.0062638722
7;2025-12-05;14;1.0062638722
7;2025-12-05;15;1.0062638722
7;2025-12-05;16;1.0062638722
7;2025-12-05;17;1.0062638722
7;2025-12-05;18;1.0062638722
7;2025-12-05;19;1.0062638722
7;2025-12-05;20;1.0062638722
7;2025-12-05;21;1.0062638722
7;2025-12-05;22;1.0062638722
7;2025-12-05;23;1.0062638722
7;2025-12-06;0;1.0081070564
7;2025-12-06;1;1.0081070564
7;2025-12-06;2;1.0081070564
7;2025-12-06;3;1.0081070564
7;2025-12-06;4;1.0081070564
7;2025-12-06;5;1.0081070564
7;2025-12-06;6;1.0081070564
7;2025-12-06;7;1.0081070564
7;2025-12-06;8;1.0081070564
7;2025-12-06;9;1.0081070564
7;2025-12-06;10;1.0081070564
7;2025-12-06;11;1.0081070564
7;2025-12-06;12;1.0081070564
7;2025-12-06;13;1.0081070564
7;2025-12-06;14;1.0081070564
7;2025-12-06;15;1.0081070564
7;2025-12-06;16;1.0081070564
7;2025-12-06;17;1.0081070564
7;2025-12-06;18;1.0081070564
7;2025-12-06;19;1.0081070564
7;2025-12-06;20;1.0081070564
7;2025-12-06;21;1.0081070564
7;2025-12-06;22;1.0081070564
7;2025-12-06;23;1.0081070564
7;2025-12-07;0;1.0078836946
7;2025-12-07;1;1.0078836946
7;2025-12-07;2;1.0078836946
7;2025-12-07;3;1.0078836946
7;2025-12-07;4;1.0078836946
7;2025-12-07;5;1.0078836946
7;2025-12-07;6;1.0078836946
7;2025-12-07;7;1.0078836946
7;2025-12-07;8;1.0078836946
7;2025-12-07;9;1.0078836946
7;2025-12-07;10;1.0078836946
7;2025-12-07;11;1.0078836946
7;2025-12-07;12;1.0078836946
7;2025-12-07;13;1.0078836946
7;2025-12-07;14;1.0078836946
7;2025-12-07;15;1.0078836946
7;2025-12-07;16;1.0078836946
7;2025-12-07;17;1.0078836946
7;2025-12-07;18;1.0078836946
7;2025-12-07;19;1.0078836946
7;2025-12-07;20;1.0078836946
7;2025-12-07;21;1.0078836946
7;2025-12-07;22;1.0078836946
7;2025-12-07;23;1.0078836946
7;2025-12-08;0;1.0106683887
7;2025-12-08;1;1.0106683887
7;2025-12-08;2;1.0106683887
7;2025-12-08;3;1.0106683887
7;2025-12-08;4;1.0106683887
7;2025-12-08;5;1.0106683887
7;2025-12-08;6;1.0106683887
7;2025-12-08;7;1.0106683887
7;2025-12-08;8;1.0106683887
7;2025-12-08;9;1.0106683887
7;2025-12-08;10;1.0106683887
7;2025-12-08;11;1.0106683887
7;2025-12-08;12;1.0106683887
7;2025-12-08;13;1.0106683887
7;2025-12-08;14;1.0106683887
7;2025-12-08;15;1.0106683887
7;2025-12-08;16;1.0106683887
7;2025-12-08;17;1.0106683887
7;2025-12-08;18;1.0106683887
7;2025-12-08;19;1.0106683887
7;2025-12-08;20;1.0106683887
7;2025-12-08;21;1.0106683887
7;2025-12-08;22;1.0106683887
7;2025-12-08;23;1.0106683887
7;2025-12-09;0;1.0084177212
7;2025-12-09;1;1.0084177212
7;2025-12-09;2;1.0084177212
7;2025-12-09;3;1.0084177212
7;2025-12-09;4;1.0084177212
7;2025-12-09;5;1.0084177212
7;2025-12-09;6;1.0084177212
7;2025-12-09;7;1.0084177212
7;2025-12-09;8;1.0084177212
7;2025-12-09;9;1.0084177212
7;2025-12-09;10;1.0084177212
7;2025-12-09;11;1.0084177212
7;2025-12-09;12;1.0084177212
7;2025-12-09;13;1.0084177212
7;2025-12-09;14;1.0084177212
7;2025-12-09;15;1.0084177212
7;2025-12-09;16;1.0084177212
7;2025-12-09;17;1.0084177212
7;2025-12-09;18;1.0084177212
7;2025-12-09;19;1.0084177212
7;2025-12-09;20;1.0084177212
7;2025-12-09;21;1.0084177212
7;2025-12-09;22;1.0084177212
7;2025-12-09;23;1.0084177212
7;2025-12-10;0;0.9938232628
7;2025-12-10;1;0.9938232628
7;2025-12-10;2;0.9938232628
7;2025-12-10;3;0.9938232628
7;2025-12-10;4;0.9938232628
7;2025-12-10;5;0.9938232628
7;2025-12-10;6;0.9938232628
7;2025-12-10;7;0.9938232628
7;2025-12-10;8;0.9938232628
7;2025-12-10;9;0.9938232628
7;2025-12-10;10;0.9938232628
7;2025-12-10;11;0.9938232628
7;2025-12-10;12;0.9938232628
7;2025-12-10;13;0.9938232628
7;2025-12-10;14;0.9938232628
7;2025-12-10;15;0.9938232628
7;2025-12-10;16;0.9938232628
7;2025-12-10;17;0.9938232628
7;2025-12-10;18;0.9938232628
7;2025-12-10;19;0.9938232628
7;2025-12-10;20;0.9938232628
7;2025-12-10;21;0.9938232628
7;2025-12-10;22;0.9938232628
7;2025-12-10;23;0.9938232628
7;2025-12-11;0;0.9705458752
7;2025-12-11;1;0.9705458752
7;2025-12-11;2;0.9705458752
7;2025-12-11;3;0.9705458752
7;2025-12-11;4;0.9705458752
7;2025-12-11;5;0.9705458752
7;2025-12-11;6;0.9705458752
7;2025-12-11;7;0.9705458752
7;2025-12-11;8;0.9705458752
7;2025-12-11;9;0.9705458752
7;2025-12-11;10;0.9705458752
7;2025-12-11;11;0.9705458752
7;2025-12-11;12;0.9705458752
7;2025-12-11;13;0.9705458752
7;2025-12-11;14;0.9705458752
7;2025-12-11;15;0.9705458752
7;2025-12-11;16;0.9705458752
7;2025-12-11;17;0.9705458752
7;2025-12-11;18;0.9705458752
7;2025-12-11;19;0.9705458752
7;2025-12-11;20;0.9705458752
7;2025-12-11;21;0.9705458752
7;2025-12-11;22;0.9705458752
7;2025-12-11;23;0.9705458752
7;2025-12-12;0;0.9728029192
7;2025-12-12;1;0.9728029192
7;2025-12-12;2;0.9728029192
7;2025-12-12;3;0.9728029192
7;2025-12-12;4;0.9728029192
7;2025-12-12;5;0.9728029192
7;2025-12-12;6;0.9728029192
7;2025-12-12;7;0.9728029192
7;2025-12-12;8;0.9728029192
7;2025-12-12;9;0.9728029192
7;2025-12-12;10;0.9728029192
7;2025-12-12;11;0.9728029192
7;2025-12-12;12;0.9728029192
7;2025-12-12;13;0.9728029192
7;2025-12-12;14;0.9728029192
7;2025-12-12;15;0.9728029192
7;2025-12-12;16;0.9728029192
7;2025-12-12;17;0.9728029192
7;2025-12-12;18;0.9728029192
7;2025-12-12;19;0.9728029192
7;2025-12-12;20;0.9728029192
7;2025-12-12;21;0.9728029192
7;2025-12-12;22;0.9728029192
7;2025-12-12;23;0.9728029192
7;2025-12-13;0;0.9777090622
7;2025-12-13;1;0.9777090622
7;2025-12-13;2;0.9777090622
7;2025-12-13;3;0.9777090622
7;2025-12-13;4;0.9777090622
7;2025-12-13;5;0.9777090622
7;2025-12-13;6;0.9777090622
7;2025-12-13;7;0.9777090622
7;2025-12-13;8;0.9777090622
7;2025-12-13;9;0.9777090622
7;2025-12-13;10;0.9777090622
7;2025-12-13;11;0.9777090622
7;2025-12-13;12;0.9777090622
7;2025-12-13;13;0.9777090622
7;2025-12-13;14;0.9777090622
7;2025-12-13;15;0.9777090622
7;2025-12-13;16;0.9777090622
7;2025-12-13;17;0.9777090622
7;2025-12-13;18;0.9777090622
7;2025-12-13;19;0.9777090622
7;2025-12-13;20;0.9777090622
7;2025-12-13;21;0.9777090622
7;2025-12-13;22;0.9777090622
7;2025-12-13;23;0.9777090622
7;2025-12-14;0;1.0016629987
7;2025-12-14;1;1.0016629987
7;2025-12-14;2;1.0016629987
7;2025-12-14;3;1.0016629987
7;2025-12-14;4;1.0016629987
7;2025-12-14;5;1.0016629987
7;2025-12-14;6;1.0016629987
7;2025-12-14;7;1.0016629987
7;2025-12-14;8;1.0016629987
7;2025-12-14;9;1.0016629987
7;2025-12-14;10;1.0016629987
7;2025-12-14;11;1.0016629987
7;2025-12-14;12;1.0016629987
7;2025-12-14;13;1.0016629987
7;2025-12-14;14;1.0016629987
7;2025-12-14;15;1.0016629987
7;2025-12-14;16;1.0016629987
7;2025-12-14;17;1.0016629987
7;2025-12-14;18;1.0016629987
7;2025-12-14;19;1.0016629987
7;2025-12-14;20;1.0016629987
7;2025-12-14;21;1.0016629987
7;2025-12-14;22;1.0016629987
7;2025-12-14;23;1.0016629987
7;2025-12-15;0;1.0117120481
7;2025-12-15;1;1.0117120481
7;2025-12-15;2;1.0117120481
7;2025-12-15;3;1.0117120481
7;2025-12-15;4;1.0117120481
7;2025-12-15;5;1.0117120481
7;2025-12-15;6;1.0117120481
7;2025-12-15;7;1.0117120481
7;2025-12-15;8;1.0117120481
7;2025-12-15;9;1.0117120481
7;2025-12-15;10;1.0117120481
7;2025-12-15;11;1.0117120481
7;2025-12-15;12;1.0117120481
7;2025-12-15;13;1.0117120481
7;2025-12-15;14;1.0117120481
7;2025-12-15;15;1.0117120481
7;2025-12-15;16;1.0117120481
7;2025-12-15;17;1.0117120481
7;2025-12-15;18;1.0117120481
7;2025-12-15;19;1.0117120481
7;2025-12-15;20;1.0117120481
7;2025-12-15;21;1.0117120481
7;2025-12-15;22;1.0117120481
7;2025-12-15;23;1.0117120481
7;2025-12-16;0;0.997628664
7;2025-12-16;1;0.997628664
7;2025-12-16;2;0.997628664
7;2025-12-16;3;0.997628664
7;2025-12-16;4;0.997628664
7;2025-12-16;5;0.997628664
7;2025-12-16;6;0.997628664
7;2025-12-16;7;0.997628664
7;2025-12-16;8;0.997628664
7;2025-12-16;9;0.997628664
7;2025-12-16;10;0.997628664
7;2025-12-16;11;0.997628664
7;2025-12-16;12;0.997628664
7;2025-12-16;13;0.997628664
7;2025-12-16;14;0.997628664
7;2025-12-16;15;0.997628664
7;2025-12-16;16;0.997628664
7;2025-12-16;17;0.997628664
7;2025-12-16;18;0.997628664
7;2025-12-16;19;0.997628664
7;2025-12-16;20;0.997628664
7;2025-12-16;21;0.997628664
7;2025-12-16;22;0.997628664
7;2025-12-16;23;0.997628664
7;2025-12-17;0;1.0079327441
7;2025-12-17;1;1.0079327441
7;2025-12-17;2;1.0079327441
7;2025-12-17;3;1.0079327441
7;2025-12-17;4;1.0079327441
7;2025-12-17;5;1.0079327441
7;2025-12-17;6;1.0079327441
7;2025-12-17;7;1.0079327441
7;2025-12-17;8;1.0079327441
7;2025-12-17;9;1.0079327441
7;2025-12-17;10;1.0079327441
7;2025-12-17;11;1.0079327441
7;2025-12-17;12;1.0079327441
7;2025-12-17;13;1.0079327441
7;2025-12-17;14;1.0079327441
7;2025-12-17;15;1.0079327441
7;2025-12-17;16;1.0079327441
7;2025-12-17;17;1.0079327441
7;2025-12-17;18;1.0079327441
7;2025-12-17;19;1.0079327441
7;2025-12-17;20;1.0079327441
7;2025-12-17;21;1.0079327441
7;2025-12-17;22;1.0079327441
7;2025-12-17;23;1.0079327441
7;2025-12-18;0;1.0120825644
7;2025-12-18;1;1.0120825644
7;2025-12-18;2;1.0120825644
7;2025-12-18;3;1.0120825644
7;2025-12-18;4;1.0120825644
7;2025-12-18;5;1.0120825644
7;2025-12-18;6;1.0120825644
7;2025-12-18;7;1.0120825644
7;2025-12-18;8;1.0120825644
7;2025-12-18;9;1.0120825644
7;2025-12-18;10;1.0120825644
7;2025-12-18;11;1.0120825644
7;2025-12-18;12;1.0120825644
7;2025-12-18;13;1.0120825644
7;2025-12-18;14;1.0120825644
7;2025-12-18;15;1.0120825644
7;2025-12-18;16;1.0120825644
7;2025-12-18;17;1.0120825644
7;2025-12-18;18;1.0120825644
7;2025-12-18;19;1.0120825644
7;2025-12-18;20;1.0120825644
7;2025-12-18;21;1.0120825644
7;2025-12-18;22;1.0120825644
7;2025-12-18;23;1.0120825644
7;2025-12-19;0;1.0065704251
7;2025-12-19;1;1.0065704251
7;2025-12-19;2;1.0065704251
7;2025-12-19;3;1.0065704251
7;2025-12-19;4;1.0065704251
7;2025-12-19;5;1.0065704251
7;2025-12-19;6;1.0065704251
7;2025-12-19;7;1.0065704251
7;2025-12-19;8;1.0065704251
7;2025-12-19;9;1.0065704251
7;2025-12-19;10;1.0065704251
7;2025-12-19;11;1.0065704251
7;2025-12-19;12;1.0065704251
7;2025-12-19;13;1.0065704251
7;2025-12-19;14;1.0065704251
7;2025-12-19;15;1.0065704251
7;2025-12-19;16;1.0065704251
7;2025-12-19;17;1.0065704251
7;2025-12-19;18;1.0065704251
7;2025-12-19;19;1.0065704251
7;2025-12-19;20;1.0065704251
7;2025-12-19;21;1.0065704251
7;2025-12-19;22;1.0065704251
7;2025-12-19;23;1.0065704251
7;2025-12-20;0;1.0099386819
7;2025-12-20;1;1.0099386819
7;2025-12-20;2;1.0099386819
7;2025-12-20;3;1.0099386819
7;2025-12-20;4;1.0099386819
7;2025-12-20;5;1.0099386819
7;2025-12-20;6;1.0099386819
7;2025-12-20;7;1.0099386819
7;2025-12-20;8;1.0099386819
7;2025-12-20;9;1.0099386819
7;2025-12-20;10;1.0099386819
7;2025-12-20;11;1.0099386819
7;2025-12-20;12;1.0099386819
7;2025-12-20;13;1.0099386819
7;2025-12-20;14;1.0099386819
7;2025-12-20;15;1.0099386819
7;2025-12-20;16;1.0099386819
7;2025-12-20;17;1.0099386819
7;2025-12-20;18;1.0099386819
7;2025-12-20;19;1.0099386819
7;2025-12-20;20;1.0099386819
7;2025-12-20;21;1.0099386819
7;2025-12-20;22;1.0099386819
7;2025-12-20;23;1.0099386819
7;2025-12-21;0;0.9996916234
7;2025-12-21;1;0.9996916234
7;2025-12-21;2;0.9996916234
7;2025-12-21;3;0.9996916234
7;2025-12-21;4;0.9996916234
7;2025-12-21;5;0.9996916234
7;2025-12-21;6;0.9996916234
7;2025-12-21;7;0.9996916234
7;2025-12-21;8;0.9996916234
7;2025-12-21;9;0.9996916234
7;2025-12-21;10;0.9996916234
7;2025-12-21;11;0.9996916234
7;2025-12-21;12;0.9996916234
7;2025-12-21;13;0.9996916234
7;2025-12-21;14;0.9996916234
7;2025-12-21;15;0.9996916234
7;2025-12-21;16;0.9996916234
7;2025-12-21;17;0.9996916234
7;2025-12-21;18;0.9996916234
7;2025-12-21;19;0.9996916234
7;2025-12-21;20;0.9996916234
7;2025-12-21;21;0.9996916234
7;2025-12-21;22;0.9996916234
7;2025-12-21;23;0.9996916234
7;2025-12-22;0;0.9907802532
7;2025-12-22;1;0.9907802532
7;2025-12-22;2;0.9907802532
7;2025-12-22;3;0.9907802532
7;2025-12-22;4;0.9907802532
7;2025-12-22;5;0.9907802532
7;2025-12-22;6;0.9907802532
7;2025-12-22;7;0.9907802532
7;2025-12-22;8;0.9907802532
7;2025-12-22;9;0.9907802532
7;2025-12-22;10;0.9907802532
7;2025-12-22;11;0.9907802532
7;2025-12-22;12;0.9907802532
7;2025-12-22;13;0.9907802532
7;2025-12-22;14;0.9907802532
7;2025-12-22;15;0.9907802532
7;2025-12-22;16;0.9907802532
7;2025-12-22;17;0.9907802532
7;2025-12-22;18;0.9907802532
7;2025-12-22;19;0.9907802532
7;2025-12-22;20;0.9907802532
7;2025-12-22;21;0.9907802532
7;2025-12-22;22;0.9907802532
7;2025-12-22;23;0.9907802532
7;2025-12-23;0;1.0140523583
7;2025-12-23;1;1.0140523583
7;2025-12-23;2;1.0140523583
7;2025-12-23;3;1.0140523583
7;2025-12-23;4;1.0140523583
7;2025-12-23;5;1.0140523583
7;2025-12-23;6;1.0140523583
7;2025-12-23;7;1.0140523583
7;2025-12-23;8;1.0140523583
7;2025-12-23;9;1.0140523583
7;2025-12-23;10;1.0140523583
7;2025-12-23;11;1.0140523583
7;2025-12-23;12;1.0140523583
7;2025-12-23;13;1.0140523583
7;2025-12-23;14;1.0140523583
7;2025-12-23;15;1.0140523583
7;2025-12-23;16;1.0140523583
7;2025-12-23;17;1.0140523583
7;2025-12-23;18;1.0140523583
7;2025-12-23;19;1.0140523583
7;2025-12-23;20;1.0140523583
7;2025-12-23;21;1.0140523583
7;2025-12-23;22;1.0140523583
7;2025-12-23;23;1.0140523583
7;2025-12-24;0;1.0043152166
7;2025-12-24;1;1.0043152166
7;2025-12-24;2;1.0043152166
7;2025-12-24;3;1.0043152166
7;2025-12-24;4;1.0043152166
7;2025-12-24;5;1.0043152166
7;2025-12-24;6;1.0043152166
7;2025-12-24;7;1.0043152166
7;2025-12-24;8;1.0043152166
7;2025-12-24;9;1.0043152166
7;2025-12-24;10;1.0043152166
7;2025-12-24;11;1.0043152166
7;2025-12-24;12;1.0043152166
7;2025-12-24;13;1.0043152166
7;2025-12-24;14;1.0043152166
7;2025-12-24;15;1.0043152166
7;2025-12-24;16;1.0043152166
7;2025-12-24;17;1.0043152166
7;2025-12-24;18;1.0043152166
7;2025-12-24;19;1.0043152166
7;2025-12-24;20;1.0043152166
7;2025-12-24;21;1.0043152166
7;2025-12-24;22;1.0043152166
7;2025-12-24;23;1.0043152166
7;2025-12-25;0;0.9954879923
7;2025-12-25;1;0.9954879923
7;2025-12-25;2;0.9954879923
7;2025-12-25;3;0.9954879923
7;2025-12-25;4;0.9954879923
7;2025-12-25;5;0.9954879923
7;2025-12-25;6;0.9954879923
7;2025-12-25;7;0.9954879923
7;2025-12-25;8;0.9954879923
7;2025-12-25;9;0.9954879923
7;2025-12-25;10;0.9954879923
7;2025-12-25;11;0.9954879923
7;2025-12-25;12;0.9954879923
7;2025-12-25;13;0.9954879923
7;2025-12-25;14;0.9954879923
7;2025-12-25;15;0.9954879923
7;2025-12-25;16;0.9954879923
7;2025-12-25;17;0.9954879923
7;2025-12-25;18;0.9954879923
7;2025-12-25;19;0.9954879923
7;2025-12-25;20;0.9954879923
7;2025-12-25;21;0.9954879923
7;2025-12-25;22;0.9954879923
7;2025-12-25;23;0.9954879923
7;2025-12-26;0;0.963243166
7;2025-12-26;1;0.963243166
7;2025-12-26;2;0.963243166
7;2025-12-26;3;0.963243166
7;2025-12-26;4;0.963243166
7;2025-12-26;5;0.963243166
7;2025-12-26;6;0.963243166
7;2025-12-26;7;0.963243166
7;2025-12-26;8;0.963243166
7;2025-12-26;9;0.963243166
7;2025-12-26;10;0.963243166
7;2025-12-26;11;0.963243166
7;2025-12-26;12;0.963243166
7;2025-12-26;13;0.963243166
7;2025-12-26;14;0.963243166
7;2025-12-26;15;0.963243166
7;2025-12-26;16;0.963243166
7;2025-12-26;17;0.963243166
7;2025-12-26;18;0.963243166
7;2025-12-26;19;0.963243166
7;2025-12-26;20;0.963243166
7;2025-12-26;21;0.963243166
7;2025-12-26;22;0.963243166
7;2025-12-26;23;0.963243166
7;2025-12-27;0;1.0015190049
7;2025-12-27;1;1.0015190049
7;2025-12-27;2;1.0015190049
7;2025-12-27;3;1.0015190049
7;2025-12-27;4;1.0015190049
7;2025-12-27;5;1.0015190049
7;2025-12-27;6;1.0015190049
7;2025-12-27;7;1.0015190049
7;2025-12-27;8;1.0015190049
7;2025-12-27;9;1.0015190049
7;2025-12-27;10;1.0015190049
7;2025-12-27;11;1.0015190049
7;2025-12-27;12;1.0015190049
7;2025-12-27;13;1.0015190049
7;2025-12-27;14;1.0015190049
7;2025-12-27;15;1.0015190049
7;2025-12-27;16;1.0015190049
7;2025-12-27;17;1.0015190049
7;2025-12-27;18;1.0015190049
7;2025-12-27;19;1.0015190049
7;2025-12-27;20;1.0015190049
7;2025-12-27;21;1.0015190049
7;2025-12-27;22;1.0015190049
7;2025-12-27;23;1.0015190049
7;2025-12-28;0;0.9881883225
7;2025-12-28;1;0.9881883225
7;2025-12-28;2;0.9881883225
7;2025-12-28;3;0.9881883225
7;2025-12-28;4;0.9881883225
7;2025-12-28;5;0.9881883225
7;2025-12-28;6;0.9881883225
7;2025-12-28;7;0.9881883225
7;2025-12-28;8;0.9881883225
7;2025-12-28;9;0.9881883225
7;2025-12-28;10;0.9881883225
7;2025-12-28;11;0.9881883225
7;2025-12-28;12;0.9881883225
7;2025-12-28;13;0.9881883225
7;2025-12-28;14;0.9881883225
7;2025-12-28;15;0.9881883225
7;2025-12-28;16;0.9881883225
7;2025-12-28;17;0.9881883225
7;2025-12-28;18;0.9881883225
7;2025-12-28;19;0.9881883225
7;2025-12-28;20;0.9881883225
7;2025-12-28;21;0.9881883225
7;2025-12-28;22;0.9881883225
7;2025-12-28;23;0.9881883225
7;2025-12-29;0;0.9956705334
7;2025-12-29;1;0.9956705334
7;2025-12-29;2;0.9956705334
7;2025-12-29;3;0.9956705334
7;2025-12-29;4;0.9956705334
7;2025-12-29;5;0.9956705334
7;2025-12-29;6;0.9956705334
7;2025-12-29;7;0.9956705334
7;2025-12-29;8;0.9956705334
7;2025-12-29;9;0.9956705334
7;2025-12-29;10;0.9956705334
7;2025-12-29;11;0.9956705334
7;2025-12-29;12;0.9956705334
7;2025-12-29;13;0.9956705334
7;2025-12-29;14;0.9956705334
7;2025-12-29;15;0.9956705334
7;2025-12-29;16;0.9956705334
7;2025-12-29;17;0.9956705334
7;2025-12-29;18;0.9956705334
7;2025-12-29;19;0.9956705334
7;2025-12-29;20;0.9956705334
7;2025-12-29;21;0.9956705334
7;2025-12-29;22;0.9956705334
7;2025-12-29;23;0.9956705334
7;2025-12-30;0;0.9903745124
7;2025-12-30;1;0.9903745124
7;2025-12-30;2;0.9903745124
7;2025-12-30;3;0.9903745124
7;2025-12-30;4;0.9903745124
7;2025-12-30;5;0.9903745124
7;2025-12-30;6;0.9903745124
7;2025-12-30;7;0.9903745124
7;2025-12-30;8;0.9903745124
7;2025-12-30;9;0.9903745124
7;2025-12-30;10;0.9903745124
7;2025-12-30;11;0.9903745124
7;2025-12-30;12;0.9903745124
7;2025-12-30;13;0.9903745124
7;2025-12-30;14;0.9903745124
7;2025-12-30;15;0.9903745124
7;2025-12-30;16;0.9903745124
7;2025-12-30;17;0.9903745124
7;2025-12-30;18;0.9903745124
7;2025-12-30;19;0.9903745124
7;2025-12-30;20;0.9903745124
7;2025-12-30;21;0.9903745124
7;2025-12-30;22;0.9903745124
7;2025-12-30;23;0.9903745124
7;2025-12-31;0;0.994141527
7;2025-12-31;1;0.994141527
7;2025-12-31;2;0.994141527
7;2025-12-31;3;0.994141527
7;2025-12-31;4;0.994141527
7;2025-12-31;5;0.994141527
7;2025-12-31;6;0.994141527
7;2025-12-31;7;0.994141527
7;2025-12-31;8;0.994141527
7;2025-12-31;9;0.994141527
7;2025-12-31;10;0.994141527
7;2025-12-31;11;0.994141527
7;2025-12-31;12;0.994141527
7;2025-12-31;13;0.994141527
7;2025-12-31;14;0.994141527
7;2025-12-31;15;0.994141527
7;2025-12-31;16;0.994141527
7;2025-12-31;17;0.994141527
7;2025-12-31;18;0.994141527
7;2025-12-31;19;0.994141527
7;2025-12-31;20;0.994141527
7;2025-12-31;21;0.994141527
7;2025-12-31;22;0.994141527
7;2025-12-31;23;0.994141527
11;2025-11-01;0;1.0159671194
11;2025-11-01;1;1.0159671194
11;2025-11-01;2;1.0159671194
11;2025-11-01;3;1.0159671194
11;2025-11-01;4;1.0159671194
11;2025-11-01;5;1.0159671194
11;2025-11-01;6;1.0159671194
11;2025-11-01;7;1.0159671194
11;2025-11-01;8;1.0159671194
11;2025-11-01;9;1.0159671194
11;2025-11-01;10;1.0159671194
11;2025-11-01;11;1.0159671194
11;2025-11-01;12;1.0159671194
11;2025-11-01;13;1.0159671194
11;2025-11-01;14;1.0159671194
11;2025-11-01;15;1.0159671194
11;2025-11-01;16;1.0159671194
11;2025-11-01;17;1.0159671194
11;2025-11-01;18;1.0159671194
11;2025-11-01;19;1.0159671194
11;2025-11-01;20;1.0159671194
11;2025-11-01;21;1.0159671194
11;2025-11-01;22;1.0159671194
11;2025-11-01;23;1.0159671194
11;2025-11-02;0;1.012265867
11;2025-11-02;1;1.012265867
11;2025-11-02;2;1.012265867
11;2025-11-02;3;1.012265867
11;2025-11-02;4;1.012265867
11;2025-11-02;5;1.012265867
11;2025-11-02;6;1.012265867
11;2025-11-02;7;1.012265867
11;2025-11-02;8;1.012265867
11;2025-11-02;9;1.012265867
11;2025-11-02;10;1.012265867
11;2025-11-02;11;1.012265867
11;2025-11-02;12;1.012265867
11;2025-11-02;13;1.012265867
11;2025-11-02;14;1.012265867
11;2025-11-02;15;1.012265867
11;2025-11-02;16;1.012265867
11;2025-11-02;17;1.012265867
11;2025-11-02;18;1.012265867
11;2025-11-02;19;1.012265867
11;2025-11-02;20;1.012265867
11;2025-11-02;21;1.012265867
11;2025-11-02;22;1.012265867
11;2025-11-02;23;1.012265867
11;2025-11-03;0;0.9778486134
11;2025-11-03;1;0.9778486134
11;2025-11-03;2;0.9778486134
11;2025-11-03;3;0.9778486134
11;2025-11-03;4;0.9778486134
11;2025-11-03;5;0.9778486134
11;2025-11-03;6;0.9778486134
11;2025-11-03;7;0.9778486134
11;2025-11-03;8;0.9778486134
11;2025-11-03;9;0.9778486134
11;2025-11-03;10;0.9778486134
11;2025-11-03;11;0.9778486134
11;2025-11-03;12;0.9778486134
11;2025-11-03;13;0.9778486134
11;2025-11-03;14;0.9778486134
11;2025-11-03;15;0.9778486134
11;2025-11-03;16;0.9778486134
11;2025-11-03;17;0.9778486134
11;2025-11-03;18;0.9778486134
11;2025-11-03;19;0.9778486134
11;2025-11-03;20;0.9778486134
11;2025-11-03;21;0.9778486134
11;2025-11-03;22;0.9778486134
11;2025-11-03;23;0.9778486134
11;2025-11-04;0;0.9690137929
11;2025-11-04;1;0.9690137929
11;2025-11-04;2;0.9690137929
11;2025-11-04;3;0.9690137929
11;2025-11-04;4;0.9690137929
11;2025-11-04;5;0.9690137929
11;2025-11-04;6;0.9690137929
11;2025-11-04;7;0.9690137929
11;2025-11-04;8;0.9690137929
11;2025-11-04;9;0.9690137929
11;2025-11-04;10;0.9690137929
11;2025-11-04;11;0.9690137929
11;2025-11-04;12;0.9690137929
11;2025-11-04;13;0.9690137929
11;2025-11-04;14;0.9690137929
11;2025-11-04;15;0.9690137929
11;2025-11-04;16;0.9690137929
11;2025-11-04;17;0.9690137929
11;2025-11-04;18;0.9690137929
11;2025-11-04;19;0.9690137929
11;2025-11-04;20;0.9690137929
11;2025-11-04;21;0.9690137929
11;2025-11-04;22;0.9690137929
11;2025-11-04;23;0.9690137929
11;2025-11-05;0;1.0167102842
11;2025-11-05;1;1.0167102842
11;2025-11-05;2;1.0167102842
11;2025-11-05;3;1.0167102842
11;2025-11-05;4;1.0167102842
11;2025-11-05;5;1.0167102842
11;2025-11-05;6;1.0167102842
11;2025-11-05;7;1.0167102842
11;2025-11-05;8;1.0167102842
11;2025-11-05;9;1.0167102842
11;2025-11-05;10;1.0167102842
11;2025-11-05;11;1.0167102842
11;2025-11-05;12;1.0167102842
11;2025-11-05;13;1.0167102842
11;2025-11-05;14;1.0167102842
11;2025-11-05;15;1.0167102842
11;2025-11-05;16;1.0167102842
11;2025-11-05;17;1.0167102842
11;2025-11-05;18;1.0167102842
11;2025-11-05;19;1.0167102842
11;2025-11-05;20;1.0167102842
11;2025-11-05;21;1.0167102842
11;2025-11-05;22;1.0167102842
11;2025-11-05;23;1.0167102842
11;2025-11-06;0;0.9945935289
11;2025-11-06;1;0.9945935289
11;2025-11-06;2;0.9945935289
11;2025-11-06;3;0.9945935289
11;2025-11-06;4;0.9945935289
11;2025-11-06;5;0.9945935289
11;2025-11-06;6;0.9945935289
11;2025-11-06;7;0.9945935289
11;2025-11-06;8;0.9945935289
11;2025-11-06;9;0.9945935289
11;2025-11-06;10;0.9945935289
11;2025-11-06;11;0.9945935289
11;2025-11-06;12;0.9945935289
11;2025-11-06;13;0.9945935289
11;2025-11-06;14;0.9945935289
11;2025-11-06;15;0.9945935289
11;2025-11-06;16;0.9945935289
11;2025-11-06;17;0.9945935289
11;2025-11-06;18;0.9945935289
11;2025-11-06;19;0.9945935289
11;2025-11-06;20;0.9945935289
11;2025-11-06;21;0.9945935289
11;2025-11-06;22;0.9945935289
11;2025-11-06;23;0.9945935289
11;2025-11-07;0;0.9881416016
11;2025-11-07;1;0.9881416016
11;2025-11-07;2;0.9881416016
11;2025-11-07;3;0.9881416016
11;2025-11-07;4;0.9881416016
11;2025-11-07;5;0.9881416016
11;2025-11-07;6;0.9881416016
11;2025-11-07;7;0.9881416016
11;2025-11-07;8;0.9881416016
11;2025-11-07;9;0.9881416016
11;2025-11-07;10;0.9881416016
11;2025-11-07;11;0.9881416016
11;2025-11-07;12;0.9881416016
11;2025-11-07;13;0.9881416016
11;2025-11-07;14;0.9881416016
11;2025-11-07;15;0.9881416016
11;2025-11-07;16;0.9881416016
11;2025-11-07;17;0.9881416016
11;2025-11-07;18;0.9881416016
11;2025-11-07;19;0.9881416016
11;2025-11-07;20;0.9881416016
11;2025-11-07;21;0.9881416016
11;2025-11-07;22;0.9881416016
11;2025-11-07;23;0.9881416016
11;2025-11-08;0;1.0080455887
11;2025-11-08;1;1.0080455887
11;2025-11-08;2;1.0080455887
11;2025-11-08;3;1.0080455887
11;2025-11-08;4;1.0080455887
11;2025-11-08;5;1.0080455887
11;2025-11-08;6;1.0080455887
11;2025-11-08;7;1.0080455887
11;2025-11-08;8;1.0080455887
11;2025-11-08;9;1.0080455887
11;2025-11-08;10;1.0080455887
11;2025-11-08;11;1.0080455887
11;2025-11-08;12;1.0080455887
11;2025-11-08;13;1.0080455887
11;2025-11-08;14;1.0080455887
11;2025-11-08;15;1.0080455887
11;2025-11-08;16;1.0080455887
11;2025-11-08;17;1.0080455887
11;2025-11-08;18;1.0080455887
11;2025-11-08;19;1.0080455887
11;2025-11-08;20;1.0080455887
11;2025-11-08;21;1.0080455887
11;2025-11-08;22;1.0080455887
11;2025-11-08;23;1.0080455887
11;2025-11-09;0;1.0110070508
11;2025-11-09;1;1.0110070508
11;2025-11-09;2;1.0110070508
11;2025-11-09;3;1.0110070508
11;2025-11-09;4;1.0110070508
11;2025-11-09;5;1.0110070508
11;2025-11-09;6;1.0110070508
11;2025-11-09;7;1.0110070508
11;2025-11-09;8;1.0110070508
11;2025-11-09;9;1.0110070508
11;2025-11-09;10;1.0110070508
11;2025-11-09;11;1.0110070508
11;2025-11-09;12;1.0110070508
11;2025-11-09;13;1.0110070508
11;2025-11-09;14;1.0110070508
11;2025-11-09;15;1.0110070508
11;2025-11-09;16;1.0110070508
11;2025-11-09;17;1.0110070508
11;2025-11-09;18;1.0110070508
11;2025-11-09;19;1.0110070508
11;2025-11-09;20;1.0110070508
11;2025-11-09;21;1.0110070508
11;2025-11-09;22;1.0110070508
11;2025-11-09;23;1.0110070508
11;2025-11-10;0;1.0182502026
11;2025-11-10;1;1.0182502026
11;2025-11-10;2;1.0182502026
11;2025-11-10;3;1.0182502026
11;2025-11-10;4;1.0182502026
11;2025-11-10;5;1.0182502026
11;2025-11-10;6;1.0182502026
11;2025-11-10;7;1.0182502026
11;2025-11-10;8;1.0182502026
11;2025-11-10;9;1.0182502026
11;2025-11-10;10;1.0182502026
11;2025-11-10;11;1.0182502026
11;2025-11-10;12;1.0182502026
11;2025-11-10;13;1.0182502026
11;2025-11-10;14;1.0182502026
11;2025-11-10;15;1.0182502026
11;2025-11-10;16;1.0182502026
11;2025-11-10;17;1.0182502026
11;2025-11-10;18;1.0182502026
11;2025-11-10;19;1.0182502026
11;2025-11-10;20;1.0182502026
11;2025-11-10;21;1.0182502026
11;2025-11-10;22;1.0182502026
11;2025-11-10;23;1.0182502026
11;2025-11-11;0;1.0174504567
11;2025-11-11;1;1.0174504567
11;2025-11-11;2;1.0174504567
11;2025-11-11;3;1.0174504567
11;2025-11-11;4;1.0174504567
11;2025-11-11;5;1.0174504567
11;2025-11-11;6;1.0174504567
11;2025-11-11;7;1.0174504567
11;2025-11-11;8;1.0174504567
11;2025-11-11;9;1.0174504567
11;2025-11-11;10;1.0174504567
11;2025-11-11;11;1.0174504567
11;2025-11-11;12;1.0174504567
11;2025-11-11;13;1.0174504567
11;2025-11-11;14;1.0174504567
11;2025-11-11;15;1.0174504567
11;2025-11-11;16;1.0174504567
11;2025-11-11;17;1.0174504567
11;2025-11-11;18;1.0174504567
11;2025-11-11;19;1.0174504567
11;2025-11-11;20;1.0174504567
11;2025-11-11;21;1.0174504567
11;2025-11-11;22;1.0174504567
11;2025-11-11;23;1.0174504567
11;2025-11-12;0;1.0038623236
11;2025-11-12;1;1.0038623236
11;2025-11-12;2;1.0038623236
11;2025-11-12;3;1.0038623236
11;2025-11-12;4;1.0038623236
11;2025-11-12;5;1.0038623236
11;2025-11-12;6;1.0038623236
11;2025-11-12;7;1.0038623236
11;2025-11-12;8;1.0038623236
11;2025-11-12;9;1.0038623236
11;2025-11-12;10;1.0038623236
11;2025-11-12;11;1.0038623236
11;2025-11-12;12;1.0038623236
11;2025-11-12;13;1.0038623236
11;2025-11-12;14;1.0038623236
11;2025-11-12;15;1.0038623236
11;2025-11-12;16;1.0038623236
11;2025-11-12;17;1.0038623236
11;2025-11-12;18;1.0038623236
11;2025-11-12;19;1.0038623236
11;2025-11-12;20;1.0038623236
11;2025-11-12;21;1.0038623236
11;2025-11-12;22;1.0038623236
11;2025-11-12;23;1.0038623236
11;2025-11-13;0;1.0173095131
11;2025-11-13;1;1.0173095131
11;2025-11-13;2;1.0173095131
11;2025-11-13;3;1.0173095131
11;2025-11-13;4;1.0173095131
11;2025-11-13;5;1.0173095131
11;2025-11-13;6;1.0173095131
11;2025-11-13;7;1.0173095131
11;2025-11-13;8;1.0173095131
11;2025-11-13;9;1.0173095131
11;2025-11-13;10;1.0173095131
11;2025-11-13;11;1.0173095131
11;2025-11-13;12;1.0173095131
11;2025-11-13;13;1.0173095131
11;2025-11-13;14;1.0173095131
11;2025-11-13;15;1.0173095131
11;2025-11-13;16;1.0173095131
11;2025-11-13;17;1.0173095131
11;2025-11-13;18;1.0173095131
11;2025-11-13;19;1.0173095131
11;2025-11-13;20;1.0173095131
11;2025-11-13;21;1.0173095131
11;2025-11-13;22;1.0173095131
11;2025-11-13;23;1.0173095131
11;2025-11-14;0;1.0098411705
11;2025-11-14;1;1.0098411705
11;2025-11-14;2;1.0098411705
11;2025-11-14;3;1.0098411705
11;2025-11-14;4;1.0098411705
11;2025-11-14;5;1.0098411705
11;2025-11-14;6;1.0098411705
11;2025-11-14;7;1.0098411705
11;2025-11-14;8;1.0098411705
11;2025-11-14;9;1.0098411705
11;2025-11-14;10;1.0098411705
11;2025-11-14;11;1.0098411705
11;2025-11-14;12;1.0098411705
11;2025-11-14;13;1.0098411705
11;2025-11-14;14;1.0098411705
11;2025-11-14;15;1.0098411705
11;2025-11-14;16;1.0098411705
11;2025-11-14;17;1.0098411705
11;2025-11-14;18;1.0098411705
11;2025-11-14;19;1.0098411705
11;2025-11-14;20;1.0098411705
11;2025-11-14;21;1.0098411705
11;2025-11-14;22;1.0098411705
11;2025-11-14;23;1.0098411705
11;2025-11-15;0;0.9255219807
11;2025-11-15;1;0.9255219807
11;2025-11-15;2;0.9255219807
11;2025-11-15;3;0.9255219807
11;2025-11-15;4;0.9255219807
11;2025-11-15;5;0.9255219807
11;2025-11-15;6;0.9255219807
11;2025-11-15;7;0.9255219807
11;2025-11-15;8;0.9255219807
11;2025-11-15;9;0.9255219807
11;2025-11-15;10;0.9255219807
11;2025-11-15;11;0.9255219807
11;2025-11-15;12;0.9255219807
11;2025-11-15;13;0.9255219807
11;2025-11-15;14;0.9255219807
11;2025-11-15;15;0.9255219807
11;2025-11-15;16;0.9255219807
11;2025-11-15;17;0.9255219807
11;2025-11-15;18;0.9255219807
11;2025-11-15;19;0.9255219807
11;2025-11-15;20;0.9255219807
11;2025-11-15;21;0.9255219807
11;2025-11-15;22;0.9255219807
11;2025-11-15;23;0.9255219807
11;2025-11-16;0;1.0065243185
11;2025-11-16;1;1.0065243185
11;2025-11-16;2;1.0065243185
11;2025-11-16;3;1.0065243185
11;2025-11-16;4;1.0065243185
11;2025-11-16;5;1.0065243185
11;2025-11-16;6;1.0065243185
11;2025-11-16;7;1.0065243185
11;2025-11-16;8;1.0065243185
11;2025-11-16;9;1.0065243185
11;2025-11-16;10;1.0065243185
11;2025-11-16;11;1.0065243185
11;2025-11-16;12;1.0065243185
11;2025-11-16;13;1.0065243185
11;2025-11-16;14;1.0065243185
11;2025-11-16;15;1.0065243185
11;2025-11-16;16;1.0065243185
11;2025-11-16;17;1.0065243185
11;2025-11-16;18;1.0065243185
11;2025-11-16;19;1.0065243185
11;2025-11-16;20;1.0065243185
11;2025-11-16;21;1.0065243185
11;2025-11-16;22;1.0065243185
11;2025-11-16;23;1.0065243185
11;2025-11-17;0;0.9941516514
11;2025-11-17;1;0.9941516514
11;2025-11-17;2;0.9941516514
11;2025-11-17;3;0.9941516514
11;2025-11-17;4;0.9941516514
11;2025-11-17;5;0.9941516514
11;2025-11-17;6;0.9941516514
11;2025-11-17;7;0.9941516514
11;2025-11-17;8;0.9941516514
11;2025-11-17;9;0.9941516514
11;2025-11-17;10;0.9941516514
11;2025-11-17;11;0.9941516514
11;2025-11-17;12;0.9941516514
11;2025-11-17;13;0.9941516514
11;2025-11-17;14;0.9941516514
11;2025-11-17;15;0.9941516514
11;2025-11-17;16;0.9941516514
11;2025-11-17;17;0.9941516514
11;2025-11-17;18;0.9941516514
11;2025-11-17;19;0.9941516514
11;2025-11-17;20;0.9941516514
11;2025-11-17;21;0.9941516514
11;2025-11-17;22;0.9941516514
11;2025-11-17;23;0.9941516514
11;2025-11-18;0;0.9591018993
11;2025-11-18;1;0.9591018993
11;2025-11-18;2;0.9591018993
11;2025-11-18;3;0.9591018993
11;2025-11-18;4;0.9591018993
11;2025-11-18;5;0.9591018993
11;2025-11-18;6;0.9591018993
11;2025-11-18;7;0.9591018993
11;2025-11-18;8;0.9591018993
11;2025-11-18;9;0.9591018993
11;2025-11-18;10;0.9591018993
11;2025-11-18;11;0.9591018993
11;2025-11-18;12;0.9591018993
11;2025-11-18;13;0.9591018993
11;2025-11-18;14;0.9591018993
11;2025-11-18;15;0.9591018993
11;2025-11-18;16;0.9591018993
11;2025-11-18;17;0.9591018993
11;2025-11-18;18;0.9591018993
11;2025-11-18;19;0.9591018993
11;2025-11-18;20;0.9591018993
11;2025-11-18;21;0.9591018993
11;2025-11-18;22;0.9591018993
11;2025-11-18;23;0.9591018993
11;2025-11-19;0;1.024619613
11;2025-11-19;1;1.024619613
11;2025-11-19;2;1.024619613
11;2025-11-19;3;1.024619613
11;2025-11-19;4;1.024619613
11;2025-11-19;5;1.024619613
11;2025-11-19;6;1.024619613
11;2025-11-19;7;1.024619613
11;2025-11-19;8;1.024619613
11;2025-11-19;9;1.024619613
11;2025-11-19;10;1.024619613
11;2025-11-19;11;1.024619613
11;2025-11-19;12;1.024619613
11;2025-11-19;13;1.024619613
11;2025-11-19;14;1.024619613
11;2025-11-19;15;1.024619613
11;2025-11-19;16;1.024619613
11;2025-11-19;17;1.024619613
11;2025-11-19;18;1.024619613
11;2025-11-19;19;1.024619613
11;2025-11-19;20;1.024619613
11;2025-11-19;21;1.024619613
11;2025-11-19;22;1.024619613
11;2025-11-19;23;1.024619613
11;2025-11-20;0;1.0229896133
11;2025-11-20;1;1.0229896133
11;2025-11-20;2;1.0229896133
11;2025-11-20;3;1.0229896133
11;2025-11-20;4;1.0229896133
11;2025-11-20;5;1.0229896133
11;2025-11-20;6;1.0229896133
11;2025-11-20;7;1.0229896133
11;2025-11-20;8;1.0229896133
11;2025-11-20;9;1.0229896133
11;2025-11-20;10;1.0229896133
11;2025-11-20;11;1.0229896133
11;2025-11-20;12;1.0229896133
11;2025-11-20;13;1.0229896133
11;2025-11-20;14;1.0229896133
11;2025-11-20;15;1.0229896133
11;2025-11-20;16;1.0229896133
11;2025-11-20;17;1.0229896133
11;2025-11-20;18;1.0229896133
11;2025-11-20;19;1.0229896133
11;2025-11-20;20;1.0229896133
11;2025-11-20;21;1.0229896133
11;2025-11-20;22;1.0229896133
11;2025-11-20;23;1.0229896133
11;2025-11-21;0;1.0135214951
11;2025-11-21;1;1.0135214951
11;2025-11-21;2;1.0135214951
11;2025-11-21;3;1.0135214951
11;2025-11-21;4;1.0135214951
11;2025-11-21;5;1.0135214951
11;2025-11-21;6;1.0135214951
11;2025-11-21;7;1.0135214951
11;2025-11-21;8;1.0135214951
11;2025-11-21;9;1.0135214951
11;2025-11-21;10;1.0135214951
11;2025-11-21;11;1.0135214951
11;2025-11-21;12;1.0135214951
11;2025-11-21;13;1.0135214951
11;2025-11-21;14;1.0135214951
11;2025-11-21;15;1.0135214951
11;2025-11-21;16;1.0135214951
11;2025-11-21;17;1.0135214951
11;2025-11-21;18;1.0135214951
11;2025-11-21;19;1.0135214951
11;2025-11-21;20;1.0135214951
11;2025-11-21;21;1.0135214951
11;2025-11-21;22;1.0135214951
11;2025-11-21;23;1.0135214951
11;2025-11-22;0;0.9692656166
11;2025-11-22;1;0.9692656166
11;2025-11-22;2;0.9692656166
11;2025-11-22;3;0.9692656166
11;2025-11-22;4;0.9692656166
11;2025-11-22;5;0.9692656166
11;2025-11-22;6;0.9692656166
11;2025-11-22;7;0.9692656166
11;2025-11-22;8;0.9692656166
11;2025-11-22;9;0.9692656166
11;2025-11-22;10;0.9692656166
11;2025-11-22;11;0.9692656166
11;2025-11-22;12;0.9692656166
11;2025-11-22;13;0.9692656166
11;2025-11-22;14;0.9692656166
11;2025-11-22;15;0.9692656166
11;2025-11-22;16;0.9692656166
11;2025-11-22;17;0.9692656166
11;2025-11-22;18;0.9692656166
11;2025-11-22;19;0.9692656166
11;2025-11-22;20;0.9692656166
11;2025-11-22;21;0.9692656166
11;2025-11-22;22;0.9692656166
11;2025-11-22;23;0.9692656166
11;2025-11-23;0;1.0121500943
11;2025-11-23;1;1.0121500943
11;2025-11-23;2;1.0121500943
11;2025-11-23;3;1.0121500943
11;2025-11-23;4;1.0121500943
11;2025-11-23;5;1.0121500943
11;2025-11-23;6;1.0121500943
11;2025-11-23;7;1.0121500943
11;2025-11-23;8;1.0121500943
11;2025-11-23;9;1.0121500943
11;2025-11-23;10;1.0121500943
11;2025-11-23;11;1.0121500943
11;2025-11-23;12;1.0121500943
11;2025-11-23;13;1.0121500943
11;2025-11-23;14;1.0121500943
11;2025-11-23;15;1.0121500943
11;2025-11-23;16;1.0121500943
11;2025-11-23;17;1.0121500943
11;2025-11-23;18;1.0121500943
11;2025-11-23;19;1.0121500943
11;2025-11-23;20;1.0121500943
11;2025-11-23;21;1.0121500943
11;2025-11-23;22;1.0121500943
11;2025-11-23;23;1.0121500943
11;2025-11-24;0;0.9544775036
11;2025-11-24;1;0.9544775036
11;2025-11-24;2;0.9544775036
11;2025-11-24;3;0.9544775036
11;2025-11-24;4;0.9544775036
11;2025-11-24;5;0.9544775036
11;2025-11-24;6;0.9544775036
11;2025-11-24;7;0.9544775036
11;2025-11-24;8;0.9544775036
11;2025-11-24;9;0.9544775036
11;2025-11-24;10;0.9544775036
11;2025-11-24;11;0.9544775036
11;2025-11-24;12;0.9544775036
11;2025-11-24;13;0.9544775036
11;2025-11-24;14;0.9544775036
11;2025-11-24;15;0.9544775036
11;2025-11-24;16;0.9544775036
11;2025-11-24;17;0.9544775036
11;2025-11-24;18;0.9544775036
11;2025-11-24;19;0.9544775036
11;2025-11-24;20;0.9544775036
11;2025-11-24;21;0.9544775036
11;2025-11-24;22;0.9544775036
11;2025-11-24;23;0.9544775036
11;2025-11-25;0;1.0224359999
11;2025-11-25;1;1.0224359999
11;2025-11-25;2;1.0224359999
11;2025-11-25;3;1.0224359999
11;2025-11-25;4;1.0224359999
11;2025-11-25;5;1.0224359999
11;2025-11-25;6;1.0224359999
11;2025-11-25;7;1.0224359999
11;2025-11-25;8;1.0224359999
11;2025-11-25;9;1.0224359999
11;2025-11-25;10;1.0224359999
11;2025-11-25;11;1.0224359999
11;2025-11-25;12;1.0224359999
11;2025-11-25;13;1.0224359999
11;2025-11-25;14;1.0224359999
11;2025-11-25;15;1.0224359999
11;2025-11-25;16;1.0224359999
11;2025-11-25;17;1.0224359999
11;2025-11-25;18;1.0224359999
11;2025-11-25;19;1.0224359999
11;2025-11-25;20;1.0224359999
11;2025-11-25;21;1.0224359999
11;2025-11-25;22;1.0224359999
11;2025-11-25;23;1.0224359999
11;2025-11-26;0;0.960120193
11;2025-11-26;1;0.960120193
11;2025-11-26;2;0.960120193
11;2025-11-26;3;0.960120193
11;2025-11-26;4;0.960120193
11;2025-11-26;5;0.960120193
11;2025-11-26;6;0.960120193
11;2025-11-26;7;0.960120193
11;2025-11-26;8;0.960120193
11;2025-11-26;9;0.960120193
11;2025-11-26;10;0.960120193
11;2025-11-26;11;0.960120193
11;2025-11-26;12;0.960120193
11;2025-11-26;13;0.960120193
11;2025-11-26;14;0.960120193
11;2025-11-26;15;0.960120193
11;2025-11-26;16;0.960120193
11;2025-11-26;17;0.960120193
11;2025-11-26;18;0.960120193
11;2025-11-26;19;0.960120193
11;2025-11-26;20;0.960120193
11;2025-11-26;21;0.960120193
11;2025-11-26;22;0.960120193
11;2025-11-26;23;0.960120193
11;2025-11-27;0;0.9650360705
11;2025-11-27;1;0.9650360705
11;2025-11-27;2;0.9650360705
11;2025-11-27;3;0.9650360705
11;2025-11-27;4;0.9650360705
11;2025-11-27;5;0.9650360705
11;2025-11-27;6;0.9650360705
11;2025-11-27;7;0.9650360705
11;2025-11-27;8;0.9650360705
11;2025-11-27;9;0.9650360705
11;2025-11-27;10;0.9650360705
11;2025-11-27;11;0.9650360705
11;2025-11-27;12;0.9650360705
11;2025-11-27;13;0.9650360705
11;2025-11-27;14;0.9650360705
11;2025-11-27;15;0.9650360705
11;2025-11-27;16;0.9650360705
11;2025-11-27;17;0.9650360705
11;2025-11-27;18;0.9650360705
11;2025-11-27;19;0.9650360705
11;2025-11-27;20;0.9650360705
11;2025-11-27;21;0.9650360705
11;2025-11-27;22;0.9650360705
11;2025-11-27;23;0.9650360705
11;2025-11-28;0;0.9756277626
11;2025-11-28;1;0.9756277626
11;2025-11-28;2;0.9756277626
11;2025-11-28;3;0.9756277626
11;2025-11-28;4;0.9756277626
11;2025-11-28;5;0.9756277626
11;2025-11-28;6;0.9756277626
11;2025-11-28;7;0.9756277626
11;2025-11-28;8;0.9756277626
11;2025-11-28;9;0.9756277626
11;2025-11-28;10;0.9756277626
11;2025-11-28;11;0.9756277626
11;2025-11-28;12;0.9756277626
11;2025-11-28;13;0.9756277626
11;2025-11-28;14;0.9756277626
11;2025-11-28;15;0.9756277626
11;2025-11-28;16;0.9756277626
11;2025-11-28;17;0.9756277626
11;2025-11-28;18;0.9756277626
11;2025-11-28;19;0.9756277626
11;2025-11-28;20;0.9756277626
11;2025-11-28;21;0.9756277626
11;2025-11-28;22;0.9756277626
11;2025-11-28;23;0.9756277626
11;2025-11-29;0;1.0144747584
11;2025-11-29;1;1.0144747584
11;2025-11-29;2;1.0144747584
11;2025-11-29;3;1.0144747584
11;2025-11-29;4;1.0144747584
11;2025-11-29;5;1.0144747584
11;2025-11-29;6;1.0144747584
11;2025-11-29;7;1.0144747584
11;2025-11-29;8;1.0144747584
11;2025-11-29;9;1.0144747584
11;2025-11-29;10;1.0144747584
11;2025-11-29;11;1.0144747584
11;2025-11-29;12;1.0144747584
11;2025-11-29;13;1.0144747584
11;2025-11-29;14;1.0144747584
11;2025-11-29;15;1.0144747584
11;2025-11-29;16;1.0144747584
11;2025-11-29;17;1.0144747584
11;2025-11-29;18;1.0144747584
11;2025-11-29;19;1.0144747584
11;2025-11-29;20;1.0144747584
11;2025-11-29;21;1.0144747584
11;2025-11-29;22;1.0144747584
11;2025-11-29;23;1.0144747584
11;2025-11-30;0;1.0013584911
11;2025-11-30;1;1.0013584911
11;2025-11-30;2;1.0013584911
11;2025-11-30;3;1.0013584911
11;2025-11-30;4;1.0013584911
11;2025-11-30;5;1.0013584911
11;2025-11-30;6;1.0013584911
11;2025-11-30;7;1.0013584911
11;2025-11-30;8;1.0013584911
11;2025-11-30;9;1.0013584911
11;2025-11-30;10;1.0013584911
11;2025-11-30;11;1.0013584911
11;2025-11-30;12;1.0013584911
11;2025-11-30;13;1.0013584911
11;2025-11-30;14;1.0013584911
11;2025-11-30;15;1.0013584911
11;2025-11-30;16;1.0013584911
11;2025-11-30;17;1.0013584911
11;2025-11-30;18;1.0013584911
11;2025-11-30;19;1.0013584911
11;2025-11-30;20;1.0013584911
11;2025-11-30;21;1.0013584911
11;2025-11-30;22;1.0013584911
11;2025-11-30;23;1.0013584911
11;2025-12-01;0;1.0244011173
11;2025-12-01;1;1.0244011173
11;2025-12-01;2;1.0244011173
11;2025-12-01;3;1.0244011173
11;2025-12-01;4;1.0244011173
11;2025-12-01;5;1.0244011173
11;2025-12-01;6;1.0244011173
11;2025-12-01;7;1.0244011173
11;2025-12-01;8;1.0244011173
11;2025-12-01;9;1.0244011173
11;2025-12-01;10;1.0244011173
11;2025-12-01;11;1.0244011173
11;2025-12-01;12;1.0244011173
11;2025-12-01;13;1.0244011173
11;2025-12-01;14;1.0244011173
11;2025-12-01;15;1.0244011173
11;2025-12-01;16;1.0244011173
11;2025-12-01;17;1.0244011173
11;2025-12-01;18;1.0244011173
11;2025-12-01;19;1.0244011173
11;2025-12-01;20;1.0244011173
11;2025-12-01;21;1.0244011173
11;2025-12-01;22;1.0244011173
11;2025-12-01;23;1.0244011173
11;2025-12-02;0;1.0231258288
11;2025-12-02;1;1.0231258288
11;2025-12-02;2;1.0231258288
11;2025-12-02;3;1.0231258288
11;2025-12-02;4;1.0231258288
11;2025-12-02;5;1.0231258288
11;2025-12-02;6;1.0231258288
11;2025-12-02;7;1.0231258288
11;2025-12-02;8;1.0231258288
11;2025-12-02;9;1.0231258288
11;2025-12-02;10;1.0231258288
11;2025-12-02;11;1.0231258288
11;2025-12-02;12;1.0231258288
11;2025-12-02;13;1.0231258288
11;2025-12-02;14;1.0231258288
11;2025-12-02;15;1.0231258288
11;2025-12-02;16;1.0231258288
11;2025-12-02;17;1.0231258288
11;2025-12-02;18;1.0231258288
11;2025-12-02;19;1.0231258288
11;2025-12-02;20;1.0231258288
11;2025-12-02;21;1.0231258288
11;2025-12-02;22;1.0231258288
11;2025-12-02;23;1.0231258288
11;2025-12-03;0;1.02047437
11;2025-12-03;1;1.02047437
11;2025-12-03;2;1.02047437
11;2025-12-03;3;1.02047437
11;2025-12-03;4;1.02047437
11;2025-12-03;5;1.02047437
11;2025-12-03;6;1.02047437
11;2025-12-03;7;1.02047437
11;2025-12-03;8;1.02047437
11;2025-12-03;9;1.02047437
11;2025-12-03;10;1.02047437
11;2025-12-03;11;1.02047437
11;2025-12-03;12;1.02047437
11;2025-12-03;13;1.02047437
11;2025-12-03;14;1.02047437
11;2025-12-03;15;1.02047437
11;2025-12-03;16;1.02047437
11;2025-12-03;17;1.02047437
11;2025-12-03;18;1.02047437
11;2025-12-03;19;1.02047437
11;2025-12-03;20;1.02047437
11;2025-12-03;21;1.02047437
11;2025-12-03;22;1.02047437
11;2025-12-03;23;1.02047437
11;2025-12-04;0;1.0228688696
11;2025-12-04;1;1.0228688696
11;2025-12-04;2;1.0228688696
11;2025-12-04;3;1.0228688696
11;2025-12-04;4;1.0228688696
11;2025-12-04;5;1.0228688696
11;2025-12-04;6;1.0228688696
11;2025-12-04;7;1.0228688696
11;2025-12-04;8;1.0228688696
11;2025-12-04;9;1.0228688696
11;2025-12-04;10;1.0228688696
11;2025-12-04;11;1.0228688696
11;2025-12-04;12;1.0228688696
11;2025-12-04;13;1.0228688696
11;2025-12-04;14;1.0228688696
11;2025-12-04;15;1.0228688696
11;2025-12-04;16;1.0228688696
11;2025-12-04;17;1.0228688696
11;2025-12-04;18;1.0228688696
11;2025-12-04;19;1.0228688696
11;2025-12-04;20;1.0228688696
11;2025-12-04;21;1.0228688696
11;2025-12-04;22;1.0228688696
11;2025-12-04;23;1.0228688696
11;2025-12-05;0;1.0215587487
11;2025-12-05;1;1.0215587487
11;2025-12-05;2;1.0215587487
11;2025-12-05;3;1.0215587487
11;2025-12-05;4;1.0215587487
11;2025-12-05;5;1.0215587487
11;2025-12-05;6;1.0215587487
11;2025-12-05;7;1.0215587487
11;2025-12-05;8;1.0215587487
11;2025-12-05;9;1.0215587487
11;2025-12-05;10;1.0215587487
11;2025-12-05;11;1.0215587487
11;2025-12-05;12;1.0215587487
11;2025-12-05;13;1.0215587487
11;2025-12-05;14;1.0215587487
11;2025-12-05;15;1.0215587487
11;2025-12-05;16;1.0215587487
11;2025-12-05;17;1.0215587487
11;2025-12-05;18;1.0215587487
11;2025-12-05;19;1.0215587487
11;2025-12-05;20;1.0215587487
11;2025-12-05;21;1.0215587487
11;2025-12-05;22;1.0215587487
11;2025-12-05;23;1.0215587487
11;2025-12-06;0;1.0213824674
11;2025-12-06;1;1.0213824674
11;2025-12-06;2;1.0213824674
11;2025-12-06;3;1.0213824674
11;2025-12-06;4;1.0213824674
11;2025-12-06;5;1.0213824674
11;2025-12-06;6;1.0213824674
11;2025-12-06;7;1.0213824674
11;2025-12-06;8;1.0213824674
11;2025-12-06;9;1.0213824674
11;2025-12-06;10;1.0213824674
11;2025-12-06;11;1.0213824674
11;2025-12-06;12;1.0213824674
11;2025-12-06;13;1.0213824674
11;2025-12-06;14;1.0213824674
11;2025-12-06;15;1.0213824674
11;2025-12-06;16;1.0213824674
11;2025-12-06;17;1.0213824674
11;2025-12-06;18;1.0213824674
11;2025-12-06;19;1.0213824674
11;2025-12-06;20;1.0213824674
11;2025-12-06;21;1.0213824674
11;2025-12-06;22;1.0213824674
11;2025-12-06;23;1.0213824674
11;2025-12-07;0;1.0132003189
11;2025-12-07;1;1.0132003189
11;2025-12-07;2;1.0132003189
11;2025-12-07;3;1.0132003189
11;2025-12-07;4;1.0132003189
11;2025-12-07;5;1.0132003189
11;2025-12-07;6;1.0132003189
11;2025-12-07;7;1.0132003189
11;2025-12-07;8;1.0132003189
11;2025-12-07;9;1.0132003189
11;2025-12-07;10;1.0132003189
11;2025-12-07;11;1.0132003189
11;2025-12-07;12;1.0132003189
11;2025-12-07;13;1.0132003189
11;2025-12-07;14;1.0132003189
11;2025-12-07;15;1.0132003189
11;2025-12-07;16;1.0132003189
11;2025-12-07;17;1.0132003189
11;2025-12-07;18;1.0132003189
11;2025-12-07;19;1.0132003189
11;2025-12-07;20;1.0132003189
11;2025-12-07;21;1.0132003189
11;2025-12-07;22;1.0132003189
11;2025-12-07;23;1.0132003189
11;2025-12-08;0;1.0247515596
11;2025-12-08;1;1.0247515596
11;2025-12-08;2;1.0247515596
11;2025-12-08;3;1.0247515596
11;2025-12-08;4;1.0247515596
11;2025-12-08;5;1.0247515596
11;2025-12-08;6;1.0247515596
11;2025-12-08;7;1.0247515596
11;2025-12-08;8;1.0247515596
11;2025-12-08;9;1.0247515596
11;2025-12-08;10;1.0247515596
11;2025-12-08;11;1.0247515596
11;2025-12-08;12;1.0247515596
11;2025-12-08;13;1.0247515596
11;2025-12-08;14;1.0247515596
11;2025-12-08;15;1.0247515596
11;2025-12-08;16;1.0247515596
11;2025-12-08;17;1.0247515596
11;2025-12-08;18;1.0247515596
11;2025-12-08;19;1.0247515596
11;2025-12-08;20;1.0247515596
11;2025-12-08;21;1.0247515596
11;2025-12-08;22;1.0247515596
11;2025-12-08;23;1.0247515596
11;2025-12-09;0;1.0259090798
11;2025-12-09;1;1.0259090798
11;2025-12-09;2;1.0259090798
11;2025-12-09;3;1.0259090798
11;2025-12-09;4;1.0259090798
11;2025-12-09;5;1.0259090798
11;2025-12-09;6;1.0259090798
11;2025-12-09;7;1.0259090798
11;2025-12-09;8;1.0259090798
11;2025-12-09;9;1.0259090798
11;2025-12-09;10;1.0259090798
11;2025-12-09;11;1.0259090798
11;2025-12-09;12;1.0259090798
11;2025-12-09;13;1.0259090798
11;2025-12-09;14;1.0259090798
11;2025-12-09;15;1.0259090798
11;2025-12-09;16;1.0259090798
11;2025-12-09;17;1.0259090798
11;2025-12-09;18;1.0259090798
11;2025-12-09;19;1.0259090798
11;2025-12-09;20;1.0259090798
11;2025-12-09;21;1.0259090798
11;2025-12-09;22;1.0259090798
11;2025-12-09;23;1.0259090798
11;2025-12-10;0;1.0085174737
11;2025-12-10;1;1.0085174737
11;2025-12-10;2;1.0085174737
11;2025-12-10;3;1.0085174737
11;2025-12-10;4;1.0085174737
11;2025-12-10;5;1.0085174737
11;2025-12-10;6;1.0085174737
11;2025-12-10;7;1.0085174737
11;2025-12-10;8;1.0085174737
11;2025-12-10;9;1.0085174737
11;2025-12-10;10;1.0085174737
11;2025-12-10;11;1.0085174737
11;2025-12-10;12;1.0085174737
11;2025-12-10;13;1.0085174737
11;2025-12-10;14;1.0085174737
11;2025-12-10;15;1.0085174737
11;2025-12-10;16;1.0085174737
11;2025-12-10;17;1.0085174737
11;2025-12-10;18;1.0085174737
11;2025-12-10;19;1.0085174737
11;2025-12-10;20;1.0085174737
11;2025-12-10;21;1.0085174737
11;2025-12-10;22;1.0085174737
11;2025-12-10;23;1.0085174737
11;2025-12-11;0;0.9808159403
11;2025-12-11;1;0.9808159403
11;2025-12-11;2;0.9808159403
11;2025-12-11;3;0.9808159403
11;2025-12-11;4;0.9808159403
11;2025-12-11;5;0.9808159403
11;2025-12-11;6;0.9808159403
11;2025-12-11;7;0.9808159403
11;2025-12-11;8;0.9808159403
11;2025-12-11;9;0.9808159403
11;2025-12-11;10;0.9808159403
11;2025-12-11;11;0.9808159403
11;2025-12-11;12;0.9808159403
11;2025-12-11;13;0.9808159403
11;2025-12-11;14;0.9808159403
11;2025-12-11;15;0.9808159403
11;2025-12-11;16;0.9808159403
11;2025-12-11;17;0.9808159403
11;2025-12-11;18;0.9808159403
11;2025-12-11;19;0.9808159403
11;2025-12-11;20;0.9808159403
11;2025-12-11;21;0.9808159403
11;2025-12-11;22;0.9808159403
11;2025-12-11;23;0.9808159403
11;2025-12-12;0;0.9783725444
11;2025-12-12;1;0.9783725444
11;2025-12-12;2;0.9783725444
11;2025-12-12;3;0.9783725444
11;2025-12-12;4;0.9783725444
11;2025-12-12;5;0.9783725444
11;2025-12-12;6;0.9783725444
11;2025-12-12;7;0.9783725444
11;2025-12-12;8;0.9783725444
11;2025-12-12;9;0.9783725444
11;2025-12-12;10;0.9783725444
11;2025-12-12;11;0.9783725444
11;2025-12-12;12;0.9783725444
11;2025-12-12;13;0.9783725444
11;2025-12-12;14;0.9783725444
11;2025-12-12;15;0.9783725444
11;2025-12-12;16;0.9783725444
11;2025-12-12;17;0.9783725444
11;2025-12-12;18;0.9783725444
11;2025-12-12;19;0.9783725444
11;2025-12-12;20;0.9783725444
11;2025-12-12;21;0.9783725444
11;2025-12-12;22;0.9783725444
11;2025-12-12;23;0.9783725444
11;2025-12-13;0;0.9904743678
11;2025-12-13;1;0.9904743678
11;2025-12-13;2;0.9904743678
11;2025-12-13;3;0.9904743678
11;2025-12-13;4;0.9904743678
11;2025-12-13;5;0.9904743678
11;2025-12-13;6;0.9904743678
11;2025-12-13;7;0.9904743678
11;2025-12-13;8;0.9904743678
11;2025-12-13;9;0.9904743678
11;2025-12-13;10;0.9904743678
11;2025-12-13;11;0.9904743678
11;2025-12-13;12;0.9904743678
11;2025-12-13;13;0.9904743678
11;2025-12-13;14;0.9904743678
11;2025-12-13;15;0.9904743678
11;2025-12-13;16;0.9904743678
11;2025-12-13;17;0.9904743678
11;2025-12-13;18;0.9904743678
11;2025-12-13;19;0.9904743678
11;2025-12-13;20;0.9904743678
11;2025-12-13;21;0.9904743678
11;2025-12-13;22;0.9904743678
11;2025-12-13;23;0.9904743678
11;2025-12-14;0;1.0061173917
11;2025-12-14;1;1.0061173917
11;2025-12-14;2;1.0061173917
11;2025-12-14;3;1.0061173917
11;2025-12-14;4;1.0061173917
11;2025-12-14;5;1.0061173917
11;2025-12-14;6;1.0061173917
11;2025-12-14;7;1.0061173917
11;2025-12-14;8;1.0061173917
11;2025-12-14;9;1.0061173917
11;2025-12-14;10;1.0061173917
11;2025-12-14;11;1.0061173917
11;2025-12-14;12;1.0061173917
11;2025-12-14;13;1.0061173917
11;2025-12-14;14;1.0061173917
11;2025-12-14;15;1.0061173917
11;2025-12-14;16;1.0061173917
11;2025-12-14;17;1.0061173917
11;2025-12-14;18;1.0061173917
11;2025-12-14;19;1.0061173917
11;2025-12-14;20;1.0061173917
11;2025-12-14;21;1.0061173917
11;2025-12-14;22;1.0061173917
11;2025-12-14;23;1.0061173917
11;2025-12-15;0;1.0166225429
11;2025-12-15;1;1.0166225429
11;2025-12-15;2;1.0166225429
11;2025-12-15;3;1.0166225429
11;2025-12-15;4;1.0166225429
11;2025-12-15;5;1.0166225429
11;2025-12-15;6;1.0166225429
11;2025-12-15;7;1.0166225429
11;2025-12-15;8;1.0166225429
11;2025-12-15;9;1.0166225429
11;2025-12-15;10;1.0166225429
11;2025-12-15;11;1.0166225429
11;2025-12-15;12;1.0166225429
11;2025-12-15;13;1.0166225429
11;2025-12-15;14;1.0166225429
11;2025-12-15;15;1.0166225429
11;2025-12-15;16;1.0166225429
11;2025-12-15;17;1.0166225429
11;2025-12-15;18;1.0166225429
11;2025-12-15;19;1.0166225429
11;2025-12-15;20;1.0166225429
11;2025-12-15;21;1.0166225429
11;2025-12-15;22;1.0166225429
11;2025-12-15;23;1.0166225429
11;2025-12-16;0;1.0086143279
11;2025-12-16;1;1.0086143279
11;2025-12-16;2;1.0086143279
11;2025-12-16;3;1.0086143279
11;2025-12-16;4;1.0086143279
11;2025-12-16;5;1.0086143279
11;2025-12-16;6;1.0086143279
11;2025-12-16;7;1.0086143279
11;2025-12-16;8;1.0086143279
11;2025-12-16;9;1.0086143279
11;2025-12-16;10;1.0086143279
11;2025-12-16;11;1.0086143279
11;2025-12-16;12;1.0086143279
11;2025-12-16;13;1.0086143279
11;2025-12-16;14;1.0086143279
11;2025-12-16;15;1.0086143279
11;2025-12-16;16;1.0086143279
11;2025-12-16;17;1.0086143279
11;2025-12-16;18;1.0086143279
11;2025-12-16;19;1.0086143279
11;2025-12-16;20;1.0086143279
11;2025-12-16;21;1.0086143279
11;2025-12-16;22;1.0086143279
11;2025-12-16;23;1.0086143279
11;2025-12-17;0;1.0195667582
11;2025-12-17;1;1.0195667582
11;2025-12-17;2;1.0195667582
11;2025-12-17;3;1.0195667582
11;2025-12-17;4;1.0195667582
11;2025-12-17;5;1.0195667582
11;2025-12-17;6;1.0195667582
11;2025-12-17;7;1.0195667582
11;2025-12-17;8;1.0195667582
11;2025-12-17;9;1.0195667582
11;2025-12-17;10;1.0195667582
11;2025-12-17;11;1.0195667582
11;2025-12-17;12;1.0195667582
11;2025-12-17;13;1.0195667582
11;2025-12-17;14;1.0195667582
11;2025-12-17;15;1.0195667582
11;2025-12-17;16;1.0195667582
11;2025-12-17;17;1.0195667582
11;2025-12-17;18;1.0195667582
11;2025-12-17;19;1.0195667582
11;2025-12-17;20;1.0195667582
11;2025-12-17;21;1.0195667582
11;2025-12-17;22;1.0195667582
11;2025-12-17;23;1.0195667582
11;2025-12-18;0;1.0271928289
11;2025-12-18;1;1.0271928289
11;2025-12-18;2;1.0271928289
11;2025-12-18;3;1.0271928289
11;2025-12-18;4;1.0271928289
11;2025-12-18;5;1.0271928289
11;2025-12-18;6;1.0271928289
11;2025-12-18;7;1.0271928289
11;2025-12-18;8;1.0271928289
11;2025-12-18;9;1.0271928289
11;2025-12-18;10;1.0271928289
11;2025-12-18;11;1.0271928289
11;2025-12-18;12;1.0271928289
11;2025-12-18;13;1.0271928289
11;2025-12-18;14;1.0271928289
11;2025-12-18;15;1.0271928289
11;2025-12-18;16;1.0271928289
11;2025-12-18;17;1.0271928289
11;2025-12-18;18;1.0271928289
11;2025-12-18;19;1.0271928289
11;2025-12-18;20;1.0271928289
11;2025-12-18;21;1.0271928289
11;2025-12-18;22;1.0271928289
11;2025-12-18;23;1.0271928289
11;2025-12-19;0;1.0166426085
11;2025-12-19;1;1.0166426085
11;2025-12-19;2;1.0166426085
11;2025-12-19;3;1.0166426085
11;2025-12-19;4;1.0166426085
11;2025-12-19;5;1.0166426085
11;2025-12-19;6;1.0166426085
11;2025-12-19;7;1.0166426085
11;2025-12-19;8;1.0166426085
11;2025-12-19;9;1.0166426085
11;2025-12-19;10;1.0166426085
11;2025-12-19;11;1.0166426085
11;2025-12-19;12;1.0166426085
11;2025-12-19;13;1.0166426085
11;2025-12-19;14;1.0166426085
11;2025-12-19;15;1.0166426085
11;2025-12-19;16;1.0166426085
11;2025-12-19;17;1.0166426085
11;2025-12-19;18;1.0166426085
11;2025-12-19;19;1.0166426085
11;2025-12-19;20;1.0166426085
11;2025-12-19;21;1.0166426085
11;2025-12-19;22;1.0166426085
11;2025-12-19;23;1.0166426085
11;2025-12-20;0;1.0156078346
11;2025-12-20;1;1.0156078346
11;2025-12-20;2;1.0156078346
11;2025-12-20;3;1.0156078346
11;2025-12-20;4;1.0156078346
11;2025-12-20;5;1.0156078346
11;2025-12-20;6;1.0156078346
11;2025-12-20;7;1.0156078346
11;2025-12-20;8;1.0156078346
11;2025-12-20;9;1.0156078346
11;2025-12-20;10;1.0156078346
11;2025-12-20;11;1.0156078346
11;2025-12-20;12;1.0156078346
11;2025-12-20;13;1.0156078346
11;2025-12-20;14;1.0156078346
11;2025-12-20;15;1.0156078346
11;2025-12-20;16;1.0156078346
11;2025-12-20;17;1.0156078346
11;2025-12-20;18;1.0156078346
11;2025-12-20;19;1.0156078346
11;2025-12-20;20;1.0156078346
11;2025-12-20;21;1.0156078346
11;2025-12-20;22;1.0156078346
11;2025-12-20;23;1.0156078346
11;2025-12-21;0;1.000520149
11;2025-12-21;1;1.000520149
11;2025-12-21;2;1.000520149
11;2025-12-21;3;1.000520149
11;2025-12-21;4;1.000520149
11;2025-12-21;5;1.000520149
11;2025-12-21;6;1.000520149
11;2025-12-21;7;1.000520149
11;2025-12-21;8;1.000520149
11;2025-12-21;9;1.000520149
11;2025-12-21;10;1.000520149
11;2025-12-21;11;1.000520149
11;2025-12-21;12;1.000520149
11;2025-12-21;13;1.000520149
11;2025-12-21;14;1.000520149
11;2025-12-21;15;1.000520149
11;2025-12-21;16;1.000520149
11;2025-12-21;17;1.000520149
11;2025-12-21;18;1.000520149
11;2025-12-21;19;1.000520149
11;2025-12-21;20;1.000520149
11;2025-12-21;21;1.000520149
11;2025-12-21;22;1.000520149
11;2025-12-21;23;1.000520149
11;2025-12-22;0;1.0026780028
11;2025-12-22;1;1.0026780028
11;2025-12-22;2;1.0026780028
11;2025-12-22;3;1.0026780028
11;2025-12-22;4;1.0026780028
11;2025-12-22;5;1.0026780028
11;2025-12-22;6;1.0026780028
11;2025-12-22;7;1.0026780028
11;2025-12-22;8;1.0026780028
11;2025-12-22;9;1.0026780028
11;2025-12-22;10;1.0026780028
11;2025-12-22;11;1.0026780028
11;2025-12-22;12;1.0026780028
11;2025-12-22;13;1.0026780028
11;2025-12-22;14;1.0026780028
11;2025-12-22;15;1.0026780028
11;2025-12-22;16;1.0026780028
11;2025-12-22;17;1.0026780028
11;2025-12-22;18;1.0026780028
11;2025-12-22;19;1.0026780028
11;2025-12-22;20;1.0026780028
11;2025-12-22;21;1.0026780028
11;2025-12-22;22;1.0026780028
11;2025-12-22;23;1.0026780028
11;2025-12-23;0;1.0265352186
11;2025-12-23;1;1.0265352186
11;2025-12-23;2;1.0265352186
11;2025-12-23;3;1.0265352186
11;2025-12-23;4;1.0265352186
11;2025-12-23;5;1.0265352186
11;2025-12-23;6;1.0265352186
11;2025-12-23;7;1.0265352186
11;2025-12-23;8;1.0265352186
11;2025-12-23;9;1.0265352186
11;2025-12-23;10;1.0265352186
11;2025-12-23;11;1.0265352186
11;2025-12-23;12;1.0265352186
11;2025-12-23;13;1.0265352186
11;2025-12-23;14;1.0265352186
11;2025-12-23;15;1.0265352186
11;2025-12-23;16;1.0265352186
11;2025-12-23;17;1.0265352186
11;2025-12-23;18;1.0265352186
11;2025-12-23;19;1.0265352186
11;2025-12-23;20;1.0265352186
11;2025-12-23;21;1.0265352186
11;2025-12-23;22;1.0265352186
11;2025-12-23;23;1.0265352186
11;2025-12-24;0;1.0185182981
11;2025-12-24;1;1.0185182981
11;2025-12-24;2;1.0185182981
11;2025-12-24;3;1.0185182981
11;2025-12-24;4;1.0185182981
11;2025-12-24;5;1.0185182981
11;2025-12-24;6;1.0185182981
11;2025-12-24;7;1.0185182981
11;2025-12-24;8;1.0185182981
11;2025-12-24;9;1.0185182981
11;2025-12-24;10;1.0185182981
11;2025-12-24;11;1.0185182981
11;2025-12-24;12;1.0185182981
11;2025-12-24;13;1.0185182981
11;2025-12-24;14;1.0185182981
11;2025-12-24;15;1.0185182981
11;2025-12-24;16;1.0185182981
11;2025-12-24;17;1.0185182981
11;2025-12-24;18;1.0185182981
11;2025-12-24;19;1.0185182981
11;2025-12-24;20;1.0185182981
11;2025-12-24;21;1.0185182981
11;2025-12-24;22;1.0185182981
11;2025-12-24;23;1.0185182981
11;2025-12-25;0;1.0070476528
11;2025-12-25;1;1.0070476528
11;2025-12-25;2;1.0070476528
11;2025-12-25;3;1.0070476528
11;2025-12-25;4;1.0070476528
11;2025-12-25;5;1.0070476528
11;2025-12-25;6;1.0070476528
11;2025-12-25;7;1.0070476528
11;2025-12-25;8;1.0070476528
11;2025-12-25;9;1.0070476528
11;2025-12-25;10;1.0070476528
11;2025-12-25;11;1.0070476528
11;2025-12-25;12;1.0070476528
11;2025-12-25;13;1.0070476528
11;2025-12-25;14;1.0070476528
11;2025-12-25;15;1.0070476528
11;2025-12-25;16;1.0070476528
11;2025-12-25;17;1.0070476528
11;2025-12-25;18;1.0070476528
11;2025-12-25;19;1.0070476528
11;2025-12-25;20;1.0070476528
11;2025-12-25;21;1.0070476528
11;2025-12-25;22;1.0070476528
11;2025-12-25;23;1.0070476528
11;2025-12-26;0;0.9826902261
11;2025-12-26;1;0.9826902261
11;2025-12-26;2;0.9826902261
11;2025-12-26;3;0.9826902261
11;2025-12-26;4;0.9826902261
11;2025-12-26;5;0.9826902261
11;2025-12-26;6;0.9826902261
11;2025-12-26;7;0.9826902261
11;2025-12-26;8;0.9826902261
11;2025-12-26;9;0.9826902261
11;2025-12-26;10;0.9826902261
11;2025-12-26;11;0.9826902261
11;2025-12-26;12;0.9826902261
11;2025-12-26;13;0.9826902261
11;2025-12-26;14;0.9826902261
11;2025-12-26;15;0.9826902261
11;2025-12-26;16;0.9826902261
11;2025-12-26;17;0.9826902261
11;2025-12-26;18;0.9826902261
11;2025-12-26;19;0.9826902261
11;2025-12-26;20;0.9826902261
11;2025-12-26;21;0.9826902261
11;2025-12-26;22;0.9826902261
11;2025-12-26;23;0.9826902261
11;2025-12-27;0;1.0115394285
11;2025-12-27;1;1.0115394285
11;2025-12-27;2;1.0115394285
11;2025-12-27;3;1.0115394285
11;2025-12-27;4;1.0115394285
11;2025-12-27;5;1.0115394285
11;2025-12-27;6;1.0115394285
11;2025-12-27;7;1.0115394285
11;2025-12-27;8;1.0115394285
11;2025-12-27;9;1.0115394285
11;2025-12-27;10;1.0115394285
11;2025-12-27;11;1.0115394285
11;2025-12-27;12;1.0115394285
11;2025-12-27;13;1.0115394285
11;2025-12-27;14;1.0115394285
11;2025-12-27;15;1.0115394285
11;2025-12-27;16;1.0115394285
11;2025-12-27;17;1.0115394285
11;2025-12-27;18;1.0115394285
11;2025-12-27;19;1.0115394285
11;2025-12-27;20;1.0115394285
11;2025-12-27;21;1.0115394285
11;2025-12-27;22;1.0115394285
11;2025-12-27;23;1.0115394285
11;2025-12-28;0;0.9904705403
11;2025-12-28;1;0.9904705403
11;2025-12-28;2;0.9904705403
11;2025-12-28;3;0.9904705403
11;2025-12-28;4;0.9904705403
11;2025-12-28;5;0.9904705403
11;2025-12-28;6;0.9904705403
11;2025-12-28;7;0.9904705403
11;2025-12-28;8;0.9904705403
11;2025-12-28;9;0.9904705403
11;2025-12-28;10;0.9904705403
11;2025-12-28;11;0.9904705403
11;2025-12-28;12;0.9904705403
11;2025-12-28;13;0.9904705403
11;2025-12-28;14;0.9904705403
11;2025-12-28;15;0.9904705403
11;2025-12-28;16;0.9904705403
11;2025-12-28;17;0.9904705403
11;2025-12-28;18;0.9904705403
11;2025-12-28;19;0.9904705403
11;2025-12-28;20;0.9904705403
11;2025-12-28;21;0.9904705403
11;2025-12-28;22;0.9904705403
11;2025-12-28;23;0.9904705403
11;2025-12-29;0;1.0047527772
11;2025-12-29;1;1.0047527772
11;2025-12-29;2;1.0047527772
11;2025-12-29;3;1.0047527772
11;2025-12-29;4;1.0047527772
11;2025-12-29;5;1.0047527772
11;2025-12-29;6;1.0047527772
11;2025-12-29;7;1.0047527772
11;2025-12-29;8;1.0047527772
11;2025-12-29;9;1.0047527772
11;2025-12-29;10;1.0047527772
11;2025-12-29;11;1.0047527772
11;2025-12-29;12;1.0047527772
11;2025-12-29;13;1.0047527772
11;2025-12-29;14;1.0047527772
11;2025-12-29;15;1.0047527772
11;2025-12-29;16;1.0047527772
11;2025-12-29;17;1.0047527772
11;2025-12-29;18;1.0047527772
11;2025-12-29;19;1.0047527772
11;2025-12-29;20;1.0047527772
11;2025-12-29;21;1.0047527772
11;2025-12-29;22;1.0047527772
11;2025-12-29;23;1.0047527772
11;2025-12-30;0;0.9997981475
11;2025-12-30;1;0.9997981475
11;2025-12-30;2;0.9997981475
11;2025-12-30;3;0.9997981475
11;2025-12-30;4;0.9997981475
11;2025-12-30;5;0.9997981475
11;2025-12-30;6;0.9997981475
11;2025-12-30;7;0.9997981475
11;2025-12-30;8;0.9997981475
11;2025-12-30;9;0.9997981475
11;2025-12-30;10;0.9997981475
11;2025-12-30;11;0.9997981475
11;2025-12-30;12;0.9997981475
11;2025-12-30;13;0.9997981475
11;2025-12-30;14;0.9997981475
11;2025-12-30;15;0.9997981475
11;2025-12-30;16;0.9997981475
11;2025-12-30;17;0.9997981475
11;2025-12-30;18;0.9997981475
11;2025-12-30;19;0.9997981475
11;2025-12-30;20;0.9997981475
11;2025-12-30;21;0.9997981475
11;2025-12-30;22;0.9997981475
11;2025-12-30;23;0.9997981475
11;2025-12-31;0;0.9920622477
11;2025-12-31;1;0.9920622477
11;2025-12-31;2;0.9920622477
11;2025-12-31;3;0.9920622477
11;2025-12-31;4;0.9920622477
11;2025-12-31;5;0.9920622477
11;2025-12-31;6;0.9920622477
11;2025-12-31;7;0.9920622477
11;2025-12-31;8;0.9920622477
11;2025-12-31;9;0.9920622477
11;2025-12-31;10;0.9920622477
11;2025-12-31;11;0.9920622477
11;2025-12-31;12;0.9920622477
11;2025-12-31;13;0.9920622477
11;2025-12-31;14;0.9920622477
11;2025-12-31;15;0.9920622477
11;2025-12-31;16;0.9920622477
11;2025-12-31;17;0.9920622477
11;2025-12-31;18;0.9920622477
11;2025-12-31;19;0.9920622477
11;2025-12-31;20;0.9920622477
11;2025-12-31;21;0.9920622477
11;2025-12-31;22;0.9920622477
11;2025-12-31;23;0.9920622477
12;2025-11-01;0;1.0148074267
12;2025-11-01;1;1.0148074267
12;2025-11-01;2;1.0148074267
12;2025-11-01;3;1.0148074267
12;2025-11-01;4;1.0148074267
12;2025-11-01;5;1.0148074267
12;2025-11-01;6;1.0148074267
12;2025-11-01;7;1.0148074267
12;2025-11-01;8;1.0148074267
12;2025-11-01;9;1.0148074267
12;2025-11-01;10;1.0148074267
12;2025-11-01;11;1.0148074267
12;2025-11-01;12;1.0148074267
12;2025-11-01;13;1.0148074267
12;2025-11-01;14;1.0148074267
12;2025-11-01;15;1.0148074267
12;2025-11-01;16;1.0148074267
12;2025-11-01;17;1.0148074267
12;2025-11-01;18;1.0148074267
12;2025-11-01;19;1.0148074267
12;2025-11-01;20;1.0148074267
12;2025-11-01;21;1.0148074267
12;2025-11-01;22;1.0148074267
12;2025-11-01;23;1.0148074267
12;2025-11-02;0;1.0102585188
12;2025-11-02;1;1.0102585188
12;2025-11-02;2;1.0102585188
12;2025-11-02;3;1.0102585188
12;2025-11-02;4;1.0102585188
12;2025-11-02;5;1.0102585188
12;2025-11-02;6;1.0102585188
12;2025-11-02;7;1.0102585188
12;2025-11-02;8;1.0102585188
12;2025-11-02;9;1.0102585188
12;2025-11-02;10;1.0102585188
12;2025-11-02;11;1.0102585188
12;2025-11-02;12;1.0102585188
12;2025-11-02;13;1.0102585188
12;2025-11-02;14;1.0102585188
12;2025-11-02;15;1.0102585188
12;2025-11-02;16;1.0102585188
12;2025-11-02;17;1.0102585188
12;2025-11-02;18;1.0102585188
12;2025-11-02;19;1.0102585188
12;2025-11-02;20;1.0102585188
12;2025-11-02;21;1.0102585188
12;2025-11-02;22;1.0102585188
12;2025-11-02;23;1.0102585188
12;2025-11-03;0;0.9794051822
12;2025-11-03;1;0.9794051822
12;2025-11-03;2;0.9794051822
12;2025-11-03;3;0.9794051822
12;2025-11-03;4;0.9794051822
12;2025-11-03;5;0.9794051822
12;2025-11-03;6;0.9794051822
12;2025-11-03;7;0.9794051822
12;2025-11-03;8;0.9794051822
12;2025-11-03;9;0.9794051822
12;2025-11-03;10;0.9794051822
12;2025-11-03;11;0.9794051822
12;2025-11-03;12;0.9794051822
12;2025-11-03;13;0.9794051822
12;2025-11-03;14;0.9794051822
12;2025-11-03;15;0.9794051822
12;2025-11-03;16;0.9794051822
12;2025-11-03;17;0.9794051822
12;2025-11-03;18;0.9794051822
12;2025-11-03;19;0.9794051822
12;2025-11-03;20;0.9794051822
12;2025-11-03;21;0.9794051822
12;2025-11-03;22;0.9794051822
12;2025-11-03;23;0.9794051822
12;2025-11-04;0;0.9706162037
12;2025-11-04;1;0.9706162037
12;2025-11-04;2;0.9706162037
12;2025-11-04;3;0.9706162037
12;2025-11-04;4;0.9706162037
12;2025-11-04;5;0.9706162037
12;2025-11-04;6;0.9706162037
12;2025-11-04;7;0.9706162037
12;2025-11-04;8;0.9706162037
12;2025-11-04;9;0.9706162037
12;2025-11-04;10;0.9706162037
12;2025-11-04;11;0.9706162037
12;2025-11-04;12;0.9706162037
12;2025-11-04;13;0.9706162037
12;2025-11-04;14;0.9706162037
12;2025-11-04;15;0.9706162037
12;2025-11-04;16;0.9706162037
12;2025-11-04;17;0.9706162037
12;2025-11-04;18;0.9706162037
12;2025-11-04;19;0.9706162037
12;2025-11-04;20;0.9706162037
12;2025-11-04;21;0.9706162037
12;2025-11-04;22;0.9706162037
12;2025-11-04;23;0.9706162037
12;2025-11-05;0;1.0126876002
12;2025-11-05;1;1.0126876002
12;2025-11-05;2;1.0126876002
12;2025-11-05;3;1.0126876002
12;2025-11-05;4;1.0126876002
12;2025-11-05;5;1.0126876002
12;2025-11-05;6;1.0126876002
12;2025-11-05;7;1.0126876002
12;2025-11-05;8;1.0126876002
12;2025-11-05;9;1.0126876002
12;2025-11-05;10;1.0126876002
12;2025-11-05;11;1.0126876002
12;2025-11-05;12;1.0126876002
12;2025-11-05;13;1.0126876002
12;2025-11-05;14;1.0126876002
12;2025-11-05;15;1.0126876002
12;2025-11-05;16;1.0126876002
12;2025-11-05;17;1.0126876002
12;2025-11-05;18;1.0126876002
12;2025-11-05;19;1.0126876002
12;2025-11-05;20;1.0126876002
12;2025-11-05;21;1.0126876002
12;2025-11-05;22;1.0126876002
12;2025-11-05;23;1.0126876002
12;2025-11-06;0;0.9944426717
12;2025-11-06;1;0.9944426717
12;2025-11-06;2;0.9944426717
12;2025-11-06;3;0.9944426717
12;2025-11-06;4;0.9944426717
12;2025-11-06;5;0.9944426717
12;2025-11-06;6;0.9944426717
12;2025-11-06;7;0.9944426717
12;2025-11-06;8;0.9944426717
12;2025-11-06;9;0.9944426717
12;2025-11-06;10;0.9944426717
12;2025-11-06;11;0.9944426717
12;2025-11-06;12;0.9944426717
12;2025-11-06;13;0.9944426717
12;2025-11-06;14;0.9944426717
12;2025-11-06;15;0.9944426717
12;2025-11-06;16;0.9944426717
12;2025-11-06;17;0.9944426717
12;2025-11-06;18;0.9944426717
12;2025-11-06;19;0.9944426717
12;2025-11-06;20;0.9944426717
12;2025-11-06;21;0.9944426717
12;2025-11-06;22;0.9944426717
12;2025-11-06;23;0.9944426717
12;2025-11-07;0;0.9885840476
12;2025-11-07;1;0.9885840476
12;2025-11-07;2;0.9885840476
12;2025-11-07;3;0.9885840476
12;2025-11-07;4;0.9885840476
12;2025-11-07;5;0.9885840476
12;2025-11-07;6;0.9885840476
12;2025-11-07;7;0.9885840476
12;2025-11-07;8;0.9885840476
12;2025-11-07;9;0.9885840476
12;2025-11-07;10;0.9885840476
12;2025-11-07;11;0.9885840476
12;2025-11-07;12;0.9885840476
12;2025-11-07;13;0.9885840476
12;2025-11-07;14;0.9885840476
12;2025-11-07;15;0.9885840476
12;2025-11-07;16;0.9885840476
12;2025-11-07;17;0.9885840476
12;2025-11-07;18;0.9885840476
12;2025-11-07;19;0.9885840476
12;2025-11-07;20;0.9885840476
12;2025-11-07;21;0.9885840476
12;2025-11-07;22;0.9885840476
12;2025-11-07;23;0.9885840476
12;2025-11-08;0;1.008293981
12;2025-11-08;1;1.008293981
12;2025-11-08;2;1.008293981
12;2025-11-08;3;1.008293981
12;2025-11-08;4;1.008293981
12;2025-11-08;5;1.008293981
12;2025-11-08;6;1.008293981
12;2025-11-08;7;1.008293981
12;2025-11-08;8;1.008293981
12;2025-11-08;9;1.008293981
12;2025-11-08;10;1.008293981
12;2025-11-08;11;1.008293981
12;2025-11-08;12;1.008293981
12;2025-11-08;13;1.008293981
12;2025-11-08;14;1.008293981
12;2025-11-08;15;1.008293981
12;2025-11-08;16;1.008293981
12;2025-11-08;17;1.008293981
12;2025-11-08;18;1.008293981
12;2025-11-08;19;1.008293981
12;2025-11-08;20;1.008293981
12;2025-11-08;21;1.008293981
12;2025-11-08;22;1.008293981
12;2025-11-08;23;1.008293981
12;2025-11-09;0;1.0064734244
12;2025-11-09;1;1.0064734244
12;2025-11-09;2;1.0064734244
12;2025-11-09;3;1.0064734244
12;2025-11-09;4;1.0064734244
12;2025-11-09;5;1.0064734244
12;2025-11-09;6;1.0064734244
12;2025-11-09;7;1.0064734244
12;2025-11-09;8;1.0064734244
12;2025-11-09;9;1.0064734244
12;2025-11-09;10;1.0064734244
12;2025-11-09;11;1.0064734244
12;2025-11-09;12;1.0064734244
12;2025-11-09;13;1.0064734244
12;2025-11-09;14;1.0064734244
12;2025-11-09;15;1.0064734244
12;2025-11-09;16;1.0064734244
12;2025-11-09;17;1.0064734244
12;2025-11-09;18;1.0064734244
12;2025-11-09;19;1.0064734244
12;2025-11-09;20;1.0064734244
12;2025-11-09;21;1.0064734244
12;2025-11-09;22;1.0064734244
12;2025-11-09;23;1.0064734244
12;2025-11-10;0;1.0179615046
12;2025-11-10;1;1.0179615046
12;2025-11-10;2;1.0179615046
12;2025-11-10;3;1.0179615046
12;2025-11-10;4;1.0179615046
12;2025-11-10;5;1.0179615046
12;2025-11-10;6;1.0179615046
12;2025-11-10;7;1.0179615046
12;2025-11-10;8;1.0179615046
12;2025-11-10;9;1.0179615046
12;2025-11-10;10;1.0179615046
12;2025-11-10;11;1.0179615046
12;2025-11-10;12;1.0179615046
12;2025-11-10;13;1.0179615046
12;2025-11-10;14;1.0179615046
12;2025-11-10;15;1.0179615046
12;2025-11-10;16;1.0179615046
12;2025-11-10;17;1.0179615046
12;2025-11-10;18;1.0179615046
12;2025-11-10;19;1.0179615046
12;2025-11-10;20;1.0179615046
12;2025-11-10;21;1.0179615046
12;2025-11-10;22;1.0179615046
12;2025-11-10;23;1.0179615046
12;2025-11-11;0;1.0137069953
12;2025-11-11;1;1.0137069953
12;2025-11-11;2;1.0137069953
12;2025-11-11;3;1.0137069953
12;2025-11-11;4;1.0137069953
12;2025-11-11;5;1.0137069953
12;2025-11-11;6;1.0137069953
12;2025-11-11;7;1.0137069953
12;2025-11-11;8;1.0137069953
12;2025-11-11;9;1.0137069953
12;2025-11-11;10;1.0137069953
12;2025-11-11;11;1.0137069953
12;2025-11-11;12;1.0137069953
12;2025-11-11;13;1.0137069953
12;2025-11-11;14;1.0137069953
12;2025-11-11;15;1.0137069953
12;2025-11-11;16;1.0137069953
12;2025-11-11;17;1.0137069953
12;2025-11-11;18;1.0137069953
12;2025-11-11;19;1.0137069953
12;2025-11-11;20;1.0137069953
12;2025-11-11;21;1.0137069953
12;2025-11-11;22;1.0137069953
12;2025-11-11;23;1.0137069953
12;2025-11-12;0;1.0024202712
12;2025-11-12;1;1.0024202712
12;2025-11-12;2;1.0024202712
12;2025-11-12;3;1.0024202712
12;2025-11-12;4;1.0024202712
12;2025-11-12;5;1.0024202712
12;2025-11-12;6;1.0024202712
12;2025-11-12;7;1.0024202712
12;2025-11-12;8;1.0024202712
12;2025-11-12;9;1.0024202712
12;2025-11-12;10;1.0024202712
12;2025-11-12;11;1.0024202712
12;2025-11-12;12;1.0024202712
12;2025-11-12;13;1.0024202712
12;2025-11-12;14;1.0024202712
12;2025-11-12;15;1.0024202712
12;2025-11-12;16;1.0024202712
12;2025-11-12;17;1.0024202712
12;2025-11-12;18;1.0024202712
12;2025-11-12;19;1.0024202712
12;2025-11-12;20;1.0024202712
12;2025-11-12;21;1.0024202712
12;2025-11-12;22;1.0024202712
12;2025-11-12;23;1.0024202712
12;2025-11-13;0;1.0073406894
12;2025-11-13;1;1.0073406894
12;2025-11-13;2;1.0073406894
12;2025-11-13;3;1.0073406894
12;2025-11-13;4;1.0073406894
12;2025-11-13;5;1.0073406894
12;2025-11-13;6;1.0073406894
12;2025-11-13;7;1.0073406894
12;2025-11-13;8;1.0073406894
12;2025-11-13;9;1.0073406894
12;2025-11-13;10;1.0073406894
12;2025-11-13;11;1.0073406894
12;2025-11-13;12;1.0073406894
12;2025-11-13;13;1.0073406894
12;2025-11-13;14;1.0073406894
12;2025-11-13;15;1.0073406894
12;2025-11-13;16;1.0073406894
12;2025-11-13;17;1.0073406894
12;2025-11-13;18;1.0073406894
12;2025-11-13;19;1.0073406894
12;2025-11-13;20;1.0073406894
12;2025-11-13;21;1.0073406894
12;2025-11-13;22;1.0073406894
12;2025-11-13;23;1.0073406894
12;2025-11-14;0;1.0121638114
12;2025-11-14;1;1.0121638114
12;2025-11-14;2;1.0121638114
12;2025-11-14;3;1.0121638114
12;2025-11-14;4;1.0121638114
12;2025-11-14;5;1.0121638114
12;2025-11-14;6;1.0121638114
12;2025-11-14;7;1.0121638114
12;2025-11-14;8;1.0121638114
12;2025-11-14;9;1.0121638114
12;2025-11-14;10;1.0121638114
12;2025-11-14;11;1.0121638114
12;2025-11-14;12;1.0121638114
12;2025-11-14;13;1.0121638114
12;2025-11-14;14;1.0121638114
12;2025-11-14;15;1.0121638114
12;2025-11-14;16;1.0121638114
12;2025-11-14;17;1.0121638114
12;2025-11-14;18;1.0121638114
12;2025-11-14;19;1.0121638114
12;2025-11-14;20;1.0121638114
12;2025-11-14;21;1.0121638114
12;2025-11-14;22;1.0121638114
12;2025-11-14;23;1.0121638114
12;2025-11-15;0;0.9203401837
12;2025-11-15;1;0.9203401837
12;2025-11-15;2;0.9203401837
12;2025-11-15;3;0.9203401837
12;2025-11-15;4;0.9203401837
12;2025-11-15;5;0.9203401837
12;2025-11-15;6;0.9203401837
12;2025-11-15;7;0.9203401837
12;2025-11-15;8;0.9203401837
12;2025-11-15;9;0.9203401837
12;2025-11-15;10;0.9203401837
12;2025-11-15;11;0.9203401837
12;2025-11-15;12;0.9203401837
12;2025-11-15;13;0.9203401837
12;2025-11-15;14;0.9203401837
12;2025-11-15;15;0.9203401837
12;2025-11-15;16;0.9203401837
12;2025-11-15;17;0.9203401837
12;2025-11-15;18;0.9203401837
12;2025-11-15;19;0.9203401837
12;2025-11-15;20;0.9203401837
12;2025-11-15;21;0.9203401837
12;2025-11-15;22;0.9203401837
12;2025-11-15;23;0.9203401837
12;2025-11-16;0;1.0028375895
12;2025-11-16;1;1.0028375895
12;2025-11-16;2;1.0028375895
12;2025-11-16;3;1.0028375895
12;2025-11-16;4;1.0028375895
12;2025-11-16;5;1.0028375895
12;2025-11-16;6;1.0028375895
12;2025-11-16;7;1.0028375895
12;2025-11-16;8;1.0028375895
12;2025-11-16;9;1.0028375895
12;2025-11-16;10;1.0028375895
12;2025-11-16;11;1.0028375895
12;2025-11-16;12;1.0028375895
12;2025-11-16;13;1.0028375895
12;2025-11-16;14;1.0028375895
12;2025-11-16;15;1.0028375895
12;2025-11-16;16;1.0028375895
12;2025-11-16;17;1.0028375895
12;2025-11-16;18;1.0028375895
12;2025-11-16;19;1.0028375895
12;2025-11-16;20;1.0028375895
12;2025-11-16;21;1.0028375895
12;2025-11-16;22;1.0028375895
12;2025-11-16;23;1.0028375895
12;2025-11-17;0;0.9929194768
12;2025-11-17;1;0.9929194768
12;2025-11-17;2;0.9929194768
12;2025-11-17;3;0.9929194768
12;2025-11-17;4;0.9929194768
12;2025-11-17;5;0.9929194768
12;2025-11-17;6;0.9929194768
12;2025-11-17;7;0.9929194768
12;2025-11-17;8;0.9929194768
12;2025-11-17;9;0.9929194768
12;2025-11-17;10;0.9929194768
12;2025-11-17;11;0.9929194768
12;2025-11-17;12;0.9929194768
12;2025-11-17;13;0.9929194768
12;2025-11-17;14;0.9929194768
12;2025-11-17;15;0.9929194768
12;2025-11-17;16;0.9929194768
12;2025-11-17;17;0.9929194768
12;2025-11-17;18;0.9929194768
12;2025-11-17;19;0.9929194768
12;2025-11-17;20;0.9929194768
12;2025-11-17;21;0.9929194768
12;2025-11-17;22;0.9929194768
12;2025-11-17;23;0.9929194768
12;2025-11-18;0;0.958913179
12;2025-11-18;1;0.958913179
12;2025-11-18;2;0.958913179
12;2025-11-18;3;0.958913179
12;2025-11-18;4;0.958913179
12;2025-11-18;5;0.958913179
12;2025-11-18;6;0.958913179
12;2025-11-18;7;0.958913179
12;2025-11-18;8;0.958913179
12;2025-11-18;9;0.958913179
12;2025-11-18;10;0.958913179
12;2025-11-18;11;0.958913179
12;2025-11-18;12;0.958913179
12;2025-11-18;13;0.958913179
12;2025-11-18;14;0.958913179
12;2025-11-18;15;0.958913179
12;2025-11-18;16;0.958913179
12;2025-11-18;17;0.958913179
12;2025-11-18;18;0.958913179
12;2025-11-18;19;0.958913179
12;2025-11-18;20;0.958913179
12;2025-11-18;21;0.958913179
12;2025-11-18;22;0.958913179
12;2025-11-18;23;0.958913179
12;2025-11-19;0;1.0173618061
12;2025-11-19;1;1.0173618061
12;2025-11-19;2;1.0173618061
12;2025-11-19;3;1.0173618061
12;2025-11-19;4;1.0173618061
12;2025-11-19;5;1.0173618061
12;2025-11-19;6;1.0173618061
12;2025-11-19;7;1.0173618061
12;2025-11-19;8;1.0173618061
12;2025-11-19;9;1.0173618061
12;2025-11-19;10;1.0173618061
12;2025-11-19;11;1.0173618061
12;2025-11-19;12;1.0173618061
12;2025-11-19;13;1.0173618061
12;2025-11-19;14;1.0173618061
12;2025-11-19;15;1.0173618061
12;2025-11-19;16;1.0173618061
12;2025-11-19;17;1.0173618061
12;2025-11-19;18;1.0173618061
12;2025-11-19;19;1.0173618061
12;2025-11-19;20;1.0173618061
12;2025-11-19;21;1.0173618061
12;2025-11-19;22;1.0173618061
12;2025-11-19;23;1.0173618061
12;2025-11-20;0;1.0114020389
12;2025-11-20;1;1.0114020389
12;2025-11-20;2;1.0114020389
12;2025-11-20;3;1.0114020389
12;2025-11-20;4;1.0114020389
12;2025-11-20;5;1.0114020389
12;2025-11-20;6;1.0114020389
12;2025-11-20;7;1.0114020389
12;2025-11-20;8;1.0114020389
12;2025-11-20;9;1.0114020389
12;2025-11-20;10;1.0114020389
12;2025-11-20;11;1.0114020389
12;2025-11-20;12;1.0114020389
12;2025-11-20;13;1.0114020389
12;2025-11-20;14;1.0114020389
12;2025-11-20;15;1.0114020389
12;2025-11-20;16;1.0114020389
12;2025-11-20;17;1.0114020389
12;2025-11-20;18;1.0114020389
12;2025-11-20;19;1.0114020389
12;2025-11-20;20;1.0114020389
12;2025-11-20;21;1.0114020389
12;2025-11-20;22;1.0114020389
12;2025-11-20;23;1.0114020389
12;2025-11-21;0;1.0108577062
12;2025-11-21;1;1.0108577062
12;2025-11-21;2;1.0108577062
12;2025-11-21;3;1.0108577062
12;2025-11-21;4;1.0108577062
12;2025-11-21;5;1.0108577062
12;2025-11-21;6;1.0108577062
12;2025-11-21;7;1.0108577062
12;2025-11-21;8;1.0108577062
12;2025-11-21;9;1.0108577062
12;2025-11-21;10;1.0108577062
12;2025-11-21;11;1.0108577062
12;2025-11-21;12;1.0108577062
12;2025-11-21;13;1.0108577062
12;2025-11-21;14;1.0108577062
12;2025-11-21;15;1.0108577062
12;2025-11-21;16;1.0108577062
12;2025-11-21;17;1.0108577062
12;2025-11-21;18;1.0108577062
12;2025-11-21;19;1.0108577062
12;2025-11-21;20;1.0108577062
12;2025-11-21;21;1.0108577062
12;2025-11-21;22;1.0108577062
12;2025-11-21;23;1.0108577062
12;2025-11-22;0;0.9656020709
12;2025-11-22;1;0.9656020709
12;2025-11-22;2;0.9656020709
12;2025-11-22;3;0.9656020709
12;2025-11-22;4;0.9656020709
12;2025-11-22;5;0.9656020709
12;2025-11-22;6;0.9656020709
12;2025-11-22;7;0.9656020709
12;2025-11-22;8;0.9656020709
12;2025-11-22;9;0.9656020709
12;2025-11-22;10;0.9656020709
12;2025-11-22;11;0.9656020709
12;2025-11-22;12;0.9656020709
12;2025-11-22;13;0.9656020709
12;2025-11-22;14;0.9656020709
12;2025-11-22;15;0.9656020709
12;2025-11-22;16;0.9656020709
12;2025-11-22;17;0.9656020709
12;2025-11-22;18;0.9656020709
12;2025-11-22;19;0.9656020709
12;2025-11-22;20;0.9656020709
12;2025-11-22;21;0.9656020709
12;2025-11-22;22;0.9656020709
12;2025-11-22;23;0.9656020709
12;2025-11-23;0;1.0066449224
12;2025-11-23;1;1.0066449224
12;2025-11-23;2;1.0066449224
12;2025-11-23;3;1.0066449224
12;2025-11-23;4;1.0066449224
12;2025-11-23;5;1.0066449224
12;2025-11-23;6;1.0066449224
12;2025-11-23;7;1.0066449224
12;2025-11-23;8;1.0066449224
12;2025-11-23;9;1.0066449224
12;2025-11-23;10;1.0066449224
12;2025-11-23;11;1.0066449224
12;2025-11-23;12;1.0066449224
12;2025-11-23;13;1.0066449224
12;2025-11-23;14;1.0066449224
12;2025-11-23;15;1.0066449224
12;2025-11-23;16;1.0066449224
12;2025-11-23;17;1.0066449224
12;2025-11-23;18;1.0066449224
12;2025-11-23;19;1.0066449224
12;2025-11-23;20;1.0066449224
12;2025-11-23;21;1.0066449224
12;2025-11-23;22;1.0066449224
12;2025-11-23;23;1.0066449224
12;2025-11-24;0;0.9523290258
12;2025-11-24;1;0.9523290258
12;2025-11-24;2;0.9523290258
12;2025-11-24;3;0.9523290258
12;2025-11-24;4;0.9523290258
12;2025-11-24;5;0.9523290258
12;2025-11-24;6;0.9523290258
12;2025-11-24;7;0.9523290258
12;2025-11-24;8;0.9523290258
12;2025-11-24;9;0.9523290258
12;2025-11-24;10;0.9523290258
12;2025-11-24;11;0.9523290258
12;2025-11-24;12;0.9523290258
12;2025-11-24;13;0.9523290258
12;2025-11-24;14;0.9523290258
12;2025-11-24;15;0.9523290258
12;2025-11-24;16;0.9523290258
12;2025-11-24;17;0.9523290258
12;2025-11-24;18;0.9523290258
12;2025-11-24;19;0.9523290258
12;2025-11-24;20;0.9523290258
12;2025-11-24;21;0.9523290258
12;2025-11-24;22;0.9523290258
12;2025-11-24;23;0.9523290258
12;2025-11-25;0;1.0186925639
12;2025-11-25;1;1.0186925639
12;2025-11-25;2;1.0186925639
12;2025-11-25;3;1.0186925639
12;2025-11-25;4;1.0186925639
12;2025-11-25;5;1.0186925639
12;2025-11-25;6;1.0186925639
12;2025-11-25;7;1.0186925639
12;2025-11-25;8;1.0186925639
12;2025-11-25;9;1.0186925639
12;2025-11-25;10;1.0186925639
12;2025-11-25;11;1.0186925639
12;2025-11-25;12;1.0186925639
12;2025-11-25;13;1.0186925639
12;2025-11-25;14;1.0186925639
12;2025-11-25;15;1.0186925639
12;2025-11-25;16;1.0186925639
12;2025-11-25;17;1.0186925639
12;2025-11-25;18;1.0186925639
12;2025-11-25;19;1.0186925639
12;2025-11-25;20;1.0186925639
12;2025-11-25;21;1.0186925639
12;2025-11-25;22;1.0186925639
12;2025-11-25;23;1.0186925639
12;2025-11-26;0;0.9613624053
12;2025-11-26;1;0.9613624053
12;2025-11-26;2;0.9613624053
12;2025-11-26;3;0.9613624053
12;2025-11-26;4;0.9613624053
12;2025-11-26;5;0.9613624053
12;2025-11-26;6;0.9613624053
12;2025-11-26;7;0.9613624053
12;2025-11-26;8;0.9613624053
12;2025-11-26;9;0.9613624053
12;2025-11-26;10;0.9613624053
12;2025-11-26;11;0.9613624053
12;2025-11-26;12;0.9613624053
12;2025-11-26;13;0.9613624053
12;2025-11-26;14;0.9613624053
12;2025-11-26;15;0.9613624053
12;2025-11-26;16;0.9613624053
12;2025-11-26;17;0.9613624053
12;2025-11-26;18;0.9613624053
12;2025-11-26;19;0.9613624053
12;2025-11-26;20;0.9613624053
12;2025-11-26;21;0.9613624053
12;2025-11-26;22;0.9613624053
12;2025-11-26;23;0.9613624053
12;2025-11-27;0;0.9620659971
12;2025-11-27;1;0.9620659971
12;2025-11-27;2;0.9620659971
12;2025-11-27;3;0.9620659971
12;2025-11-27;4;0.9620659971
12;2025-11-27;5;0.9620659971
12;2025-11-27;6;0.9620659971
12;2025-11-27;7;0.9620659971
12;2025-11-27;8;0.9620659971
12;2025-11-27;9;0.9620659971
12;2025-11-27;10;0.9620659971
12;2025-11-27;11;0.9620659971
12;2025-11-27;12;0.9620659971
12;2025-11-27;13;0.9620659971
12;2025-11-27;14;0.9620659971
12;2025-11-27;15;0.9620659971
12;2025-11-27;16;0.9620659971
12;2025-11-27;17;0.9620659971
12;2025-11-27;18;0.9620659971
12;2025-11-27;19;0.9620659971
12;2025-11-27;20;0.9620659971
12;2025-11-27;21;0.9620659971
12;2025-11-27;22;0.9620659971
12;2025-11-27;23;0.9620659971
12;2025-11-28;0;0.9719386067
12;2025-11-28;1;0.9719386067
12;2025-11-28;2;0.9719386067
12;2025-11-28;3;0.9719386067
12;2025-11-28;4;0.9719386067
12;2025-11-28;5;0.9719386067
12;2025-11-28;6;0.9719386067
12;2025-11-28;7;0.9719386067
12;2025-11-28;8;0.9719386067
12;2025-11-28;9;0.9719386067
12;2025-11-28;10;0.9719386067
12;2025-11-28;11;0.9719386067
12;2025-11-28;12;0.9719386067
12;2025-11-28;13;0.9719386067
12;2025-11-28;14;0.9719386067
12;2025-11-28;15;0.9719386067
12;2025-11-28;16;0.9719386067
12;2025-11-28;17;0.9719386067
12;2025-11-28;18;0.9719386067
12;2025-11-28;19;0.9719386067
12;2025-11-28;20;0.9719386067
12;2025-11-28;21;0.9719386067
12;2025-11-28;22;0.9719386067
12;2025-11-28;23;0.9719386067
12;2025-11-29;0;1.0144964292
12;2025-11-29;1;1.0144964292
12;2025-11-29;2;1.0144964292
12;2025-11-29;3;1.0144964292
12;2025-11-29;4;1.0144964292
12;2025-11-29;5;1.0144964292
12;2025-11-29;6;1.0144964292
12;2025-11-29;7;1.0144964292
12;2025-11-29;8;1.0144964292
12;2025-11-29;9;1.0144964292
12;2025-11-29;10;1.0144964292
12;2025-11-29;11;1.0144964292
12;2025-11-29;12;1.0144964292
12;2025-11-29;13;1.0144964292
12;2025-11-29;14;1.0144964292
12;2025-11-29;15;1.0144964292
12;2025-11-29;16;1.0144964292
12;2025-11-29;17;1.0144964292
12;2025-11-29;18;1.0144964292
12;2025-11-29;19;1.0144964292
12;2025-11-29;20;1.0144964292
12;2025-11-29;21;1.0144964292
12;2025-11-29;22;1.0144964292
12;2025-11-29;23;1.0144964292
12;2025-11-30;0;0.9986481581
12;2025-11-30;1;0.9986481581
12;2025-11-30;2;0.9986481581
12;2025-11-30;3;0.9986481581
12;2025-11-30;4;0.9986481581
12;2025-11-30;5;0.9986481581
12;2025-11-30;6;0.9986481581
12;2025-11-30;7;0.9986481581
12;2025-11-30;8;0.9986481581
12;2025-11-30;9;0.9986481581
12;2025-11-30;10;0.9986481581
12;2025-11-30;11;0.9986481581
12;2025-11-30;12;0.9986481581
12;2025-11-30;13;0.9986481581
12;2025-11-30;14;0.9986481581
12;2025-11-30;15;0.9986481581
12;2025-11-30;16;0.9986481581
12;2025-11-30;17;0.9986481581
12;2025-11-30;18;0.9986481581
12;2025-11-30;19;0.9986481581
12;2025-11-30;20;0.9986481581
12;2025-11-30;21;0.9986481581
12;2025-11-30;22;0.9986481581
12;2025-11-30;23;0.9986481581
12;2025-12-01;0;1.0287895689
12;2025-12-01;1;1.0287895689
12;2025-12-01;2;1.0287895689
12;2025-12-01;3;1.0287895689
12;2025-12-01;4;1.0287895689
12;2025-12-01;5;1.0287895689
12;2025-12-01;6;1.0287895689
12;2025-12-01;7;1.0287895689
12;2025-12-01;8;1.0287895689
12;2025-12-01;9;1.0287895689
12;2025-12-01;10;1.0287895689
12;2025-12-01;11;1.0287895689
12;2025-12-01;12;1.0287895689
12;2025-12-01;13;1.0287895689
12;2025-12-01;14;1.0287895689
12;2025-12-01;15;1.0287895689
12;2025-12-01;16;1.0287895689
12;2025-12-01;17;1.0287895689
12;2025-12-01;18;1.0287895689
12;2025-12-01;19;1.0287895689
12;2025-12-01;20;1.0287895689
12;2025-12-01;21;1.0287895689
12;2025-12-01;22;1.0287895689
12;2025-12-01;23;1.0287895689
12;2025-12-02;0;1.0257804668
12;2025-12-02;1;1.0257804668
12;2025-12-02;2;1.0257804668
12;2025-12-02;3;1.0257804668
12;2025-12-02;4;1.0257804668
12;2025-12-02;5;1.0257804668
12;2025-12-02;6;1.0257804668
12;2025-12-02;7;1.0257804668
12;2025-12-02;8;1.0257804668
12;2025-12-02;9;1.0257804668
12;2025-12-02;10;1.0257804668
12;2025-12-02;11;1.0257804668
12;2025-12-02;12;1.0257804668
12;2025-12-02;13;1.0257804668
12;2025-12-02;14;1.0257804668
12;2025-12-02;15;1.0257804668
12;2025-12-02;16;1.0257804668
12;2025-12-02;17;1.0257804668
12;2025-12-02;18;1.0257804668
12;2025-12-02;19;1.0257804668
12;2025-12-02;20;1.0257804668
12;2025-12-02;21;1.0257804668
12;2025-12-02;22;1.0257804668
12;2025-12-02;23;1.0257804668
12;2025-12-03;0;1.0216083221
12;2025-12-03;1;1.0216083221
12;2025-12-03;2;1.0216083221
12;2025-12-03;3;1.0216083221
12;2025-12-03;4;1.0216083221
12;2025-12-03;5;1.0216083221
12;2025-12-03;6;1.0216083221
12;2025-12-03;7;1.0216083221
12;2025-12-03;8;1.0216083221
12;2025-12-03;9;1.0216083221
12;2025-12-03;10;1.0216083221
12;2025-12-03;11;1.0216083221
12;2025-12-03;12;1.0216083221
12;2025-12-03;13;1.0216083221
12;2025-12-03;14;1.0216083221
12;2025-12-03;15;1.0216083221
12;2025-12-03;16;1.0216083221
12;2025-12-03;17;1.0216083221
12;2025-12-03;18;1.0216083221
12;2025-12-03;19;1.0216083221
12;2025-12-03;20;1.0216083221
12;2025-12-03;21;1.0216083221
12;2025-12-03;22;1.0216083221
12;2025-12-03;23;1.0216083221
12;2025-12-04;0;1.0217900962
12;2025-12-04;1;1.0217900962
12;2025-12-04;2;1.0217900962
12;2025-12-04;3;1.0217900962
12;2025-12-04;4;1.0217900962
12;2025-12-04;5;1.0217900962
12;2025-12-04;6;1.0217900962
12;2025-12-04;7;1.0217900962
12;2025-12-04;8;1.0217900962
12;2025-12-04;9;1.0217900962
12;2025-12-04;10;1.0217900962
12;2025-12-04;11;1.0217900962
12;2025-12-04;12;1.0217900962
12;2025-12-04;13;1.0217900962
12;2025-12-04;14;1.0217900962
12;2025-12-04;15;1.0217900962
12;2025-12-04;16;1.0217900962
12;2025-12-04;17;1.0217900962
12;2025-12-04;18;1.0217900962
12;2025-12-04;19;1.0217900962
12;2025-12-04;20;1.0217900962
12;2025-12-04;21;1.0217900962
12;2025-12-04;22;1.0217900962
12;2025-12-04;23;1.0217900962
12;2025-12-05;0;1.0233831119
12;2025-12-05;1;1.0233831119
12;2025-12-05;2;1.0233831119
12;2025-12-05;3;1.0233831119
12;2025-12-05;4;1.0233831119
12;2025-12-05;5;1.0233831119
12;2025-12-05;6;1.0233831119
12;2025-12-05;7;1.0233831119
12;2025-12-05;8;1.0233831119
12;2025-12-05;9;1.0233831119
12;2025-12-05;10;1.0233831119
12;2025-12-05;11;1.0233831119
12;2025-12-05;12;1.0233831119
12;2025-12-05;13;1.0233831119
12;2025-12-05;14;1.0233831119
12;2025-12-05;15;1.0233831119
12;2025-12-05;16;1.0233831119
12;2025-12-05;17;1.0233831119
12;2025-12-05;18;1.0233831119
12;2025-12-05;19;1.0233831119
12;2025-12-05;20;1.0233831119
12;2025-12-05;21;1.0233831119
12;2025-12-05;22;1.0233831119
12;2025-12-05;23;1.0233831119
12;2025-12-06;0;1.0192087915
12;2025-12-06;1;1.0192087915
12;2025-12-06;2;1.0192087915
12;2025-12-06;3;1.0192087915
12;2025-12-06;4;1.0192087915
12;2025-12-06;5;1.0192087915
12;2025-12-06;6;1.0192087915
12;2025-12-06;7;1.0192087915
12;2025-12-06;8;1.0192087915
12;2025-12-06;9;1.0192087915
12;2025-12-06;10;1.0192087915
12;2025-12-06;11;1.0192087915
12;2025-12-06;12;1.0192087915
12;2025-12-06;13;1.0192087915
12;2025-12-06;14;1.0192087915
12;2025-12-06;15;1.0192087915
12;2025-12-06;16;1.0192087915
12;2025-12-06;17;1.0192087915
12;2025-12-06;18;1.0192087915
12;2025-12-06;19;1.0192087915
12;2025-12-06;20;1.0192087915
12;2025-12-06;21;1.0192087915
12;2025-12-06;22;1.0192087915
12;2025-12-06;23;1.0192087915
12;2025-12-07;0;1.0129933972
12;2025-12-07;1;1.0129933972
12;2025-12-07;2;1.0129933972
12;2025-12-07;3;1.0129933972
12;2025-12-07;4;1.0129933972
12;2025-12-07;5;1.0129933972
12;2025-12-07;6;1.0129933972
12;2025-12-07;7;1.0129933972
12;2025-12-07;8;1.0129933972
12;2025-12-07;9;1.0129933972
12;2025-12-07;10;1.0129933972
12;2025-12-07;11;1.0129933972
12;2025-12-07;12;1.0129933972
12;2025-12-07;13;1.0129933972
12;2025-12-07;14;1.0129933972
12;2025-12-07;15;1.0129933972
12;2025-12-07;16;1.0129933972
12;2025-12-07;17;1.0129933972
12;2025-12-07;18;1.0129933972
12;2025-12-07;19;1.0129933972
12;2025-12-07;20;1.0129933972
12;2025-12-07;21;1.0129933972
12;2025-12-07;22;1.0129933972
12;2025-12-07;23;1.0129933972
12;2025-12-08;0;1.0276976644
12;2025-12-08;1;1.0276976644
12;2025-12-08;2;1.0276976644
12;2025-12-08;3;1.0276976644
12;2025-12-08;4;1.0276976644
12;2025-12-08;5;1.0276976644
12;2025-12-08;6;1.0276976644
12;2025-12-08;7;1.0276976644
12;2025-12-08;8;1.0276976644
12;2025-12-08;9;1.0276976644
12;2025-12-08;10;1.0276976644
12;2025-12-08;11;1.0276976644
12;2025-12-08;12;1.0276976644
12;2025-12-08;13;1.0276976644
12;2025-12-08;14;1.0276976644
12;2025-12-08;15;1.0276976644
12;2025-12-08;16;1.0276976644
12;2025-12-08;17;1.0276976644
12;2025-12-08;18;1.0276976644
12;2025-12-08;19;1.0276976644
12;2025-12-08;20;1.0276976644
12;2025-12-08;21;1.0276976644
12;2025-12-08;22;1.0276976644
12;2025-12-08;23;1.0276976644
12;2025-12-09;0;1.0242490246
12;2025-12-09;1;1.0242490246
12;2025-12-09;2;1.0242490246
12;2025-12-09;3;1.0242490246
12;2025-12-09;4;1.0242490246
12;2025-12-09;5;1.0242490246
12;2025-12-09;6;1.0242490246
12;2025-12-09;7;1.0242490246
12;2025-12-09;8;1.0242490246
12;2025-12-09;9;1.0242490246
12;2025-12-09;10;1.0242490246
12;2025-12-09;11;1.0242490246
12;2025-12-09;12;1.0242490246
12;2025-12-09;13;1.0242490246
12;2025-12-09;14;1.0242490246
12;2025-12-09;15;1.0242490246
12;2025-12-09;16;1.0242490246
12;2025-12-09;17;1.0242490246
12;2025-12-09;18;1.0242490246
12;2025-12-09;19;1.0242490246
12;2025-12-09;20;1.0242490246
12;2025-12-09;21;1.0242490246
12;2025-12-09;22;1.0242490246
12;2025-12-09;23;1.0242490246
12;2025-12-10;0;1.0074992386
12;2025-12-10;1;1.0074992386
12;2025-12-10;2;1.0074992386
12;2025-12-10;3;1.0074992386
12;2025-12-10;4;1.0074992386
12;2025-12-10;5;1.0074992386
12;2025-12-10;6;1.0074992386
12;2025-12-10;7;1.0074992386
12;2025-12-10;8;1.0074992386
12;2025-12-10;9;1.0074992386
12;2025-12-10;10;1.0074992386
12;2025-12-10;11;1.0074992386
12;2025-12-10;12;1.0074992386
12;2025-12-10;13;1.0074992386
12;2025-12-10;14;1.0074992386
12;2025-12-10;15;1.0074992386
12;2025-12-10;16;1.0074992386
12;2025-12-10;17;1.0074992386
12;2025-12-10;18;1.0074992386
12;2025-12-10;19;1.0074992386
12;2025-12-10;20;1.0074992386
12;2025-12-10;21;1.0074992386
12;2025-12-10;22;1.0074992386
12;2025-12-10;23;1.0074992386
12;2025-12-11;0;0.9812407858
12;2025-12-11;1;0.9812407858
12;2025-12-11;2;0.9812407858
12;2025-12-11;3;0.9812407858
12;2025-12-11;4;0.9812407858
12;2025-12-11;5;0.9812407858
12;2025-12-11;6;0.9812407858
12;2025-12-11;7;0.9812407858
12;2025-12-11;8;0.9812407858
12;2025-12-11;9;0.9812407858
12;2025-12-11;10;0.9812407858
12;2025-12-11;11;0.9812407858
12;2025-12-11;12;0.9812407858
12;2025-12-11;13;0.9812407858
12;2025-12-11;14;0.9812407858
12;2025-12-11;15;0.9812407858
12;2025-12-11;16;0.9812407858
12;2025-12-11;17;0.9812407858
12;2025-12-11;18;0.9812407858
12;2025-12-11;19;0.9812407858
12;2025-12-11;20;0.9812407858
12;2025-12-11;21;0.9812407858
12;2025-12-11;22;0.9812407858
12;2025-12-11;23;0.9812407858
12;2025-12-12;0;0.979277284
12;2025-12-12;1;0.979277284
12;2025-12-12;2;0.979277284
12;2025-12-12;3;0.979277284
12;2025-12-12;4;0.979277284
12;2025-12-12;5;0.979277284
12;2025-12-12;6;0.979277284
12;2025-12-12;7;0.979277284
12;2025-12-12;8;0.979277284
12;2025-12-12;9;0.979277284
12;2025-12-12;10;0.979277284
12;2025-12-12;11;0.979277284
12;2025-12-12;12;0.979277284
12;2025-12-12;13;0.979277284
12;2025-12-12;14;0.979277284
12;2025-12-12;15;0.979277284
12;2025-12-12;16;0.979277284
12;2025-12-12;17;0.979277284
12;2025-12-12;18;0.979277284
12;2025-12-12;19;0.979277284
12;2025-12-12;20;0.979277284
12;2025-12-12;21;0.979277284
12;2025-12-12;22;0.979277284
12;2025-12-12;23;0.979277284
12;2025-12-13;0;0.9843667233
12;2025-12-13;1;0.9843667233
12;2025-12-13;2;0.9843667233
12;2025-12-13;3;0.9843667233
12;2025-12-13;4;0.9843667233
12;2025-12-13;5;0.9843667233
12;2025-12-13;6;0.9843667233
12;2025-12-13;7;0.9843667233
12;2025-12-13;8;0.9843667233
12;2025-12-13;9;0.9843667233
12;2025-12-13;10;0.9843667233
12;2025-12-13;11;0.9843667233
12;2025-12-13;12;0.9843667233
12;2025-12-13;13;0.9843667233
12;2025-12-13;14;0.9843667233
12;2025-12-13;15;0.9843667233
12;2025-12-13;16;0.9843667233
12;2025-12-13;17;0.9843667233
12;2025-12-13;18;0.9843667233
12;2025-12-13;19;0.9843667233
12;2025-12-13;20;0.9843667233
12;2025-12-13;21;0.9843667233
12;2025-12-13;22;0.9843667233
12;2025-12-13;23;0.9843667233
12;2025-12-14;0;1.0061668829
12;2025-12-14;1;1.0061668829
12;2025-12-14;2;1.0061668829
12;2025-12-14;3;1.0061668829
12;2025-12-14;4;1.0061668829
12;2025-12-14;5;1.0061668829
12;2025-12-14;6;1.0061668829
12;2025-12-14;7;1.0061668829
12;2025-12-14;8;1.0061668829
12;2025-12-14;9;1.0061668829
12;2025-12-14;10;1.0061668829
12;2025-12-14;11;1.0061668829
12;2025-12-14;12;1.0061668829
12;2025-12-14;13;1.0061668829
12;2025-12-14;14;1.0061668829
12;2025-12-14;15;1.0061668829
12;2025-12-14;16;1.0061668829
12;2025-12-14;17;1.0061668829
12;2025-12-14;18;1.0061668829
12;2025-12-14;19;1.0061668829
12;2025-12-14;20;1.0061668829
12;2025-12-14;21;1.0061668829
12;2025-12-14;22;1.0061668829
12;2025-12-14;23;1.0061668829
12;2025-12-15;0;1.0165519191
12;2025-12-15;1;1.0165519191
12;2025-12-15;2;1.0165519191
12;2025-12-15;3;1.0165519191
12;2025-12-15;4;1.0165519191
12;2025-12-15;5;1.0165519191
12;2025-12-15;6;1.0165519191
12;2025-12-15;7;1.0165519191
12;2025-12-15;8;1.0165519191
12;2025-12-15;9;1.0165519191
12;2025-12-15;10;1.0165519191
12;2025-12-15;11;1.0165519191
12;2025-12-15;12;1.0165519191
12;2025-12-15;13;1.0165519191
12;2025-12-15;14;1.0165519191
12;2025-12-15;15;1.0165519191
12;2025-12-15;16;1.0165519191
12;2025-12-15;17;1.0165519191
12;2025-12-15;18;1.0165519191
12;2025-12-15;19;1.0165519191
12;2025-12-15;20;1.0165519191
12;2025-12-15;21;1.0165519191
12;2025-12-15;22;1.0165519191
12;2025-12-15;23;1.0165519191
12;2025-12-16;0;1.0061757877
12;2025-12-16;1;1.0061757877
12;2025-12-16;2;1.0061757877
12;2025-12-16;3;1.0061757877
12;2025-12-16;4;1.0061757877
12;2025-12-16;5;1.0061757877
12;2025-12-16;6;1.0061757877
12;2025-12-16;7;1.0061757877
12;2025-12-16;8;1.0061757877
12;2025-12-16;9;1.0061757877
12;2025-12-16;10;1.0061757877
12;2025-12-16;11;1.0061757877
12;2025-12-16;12;1.0061757877
12;2025-12-16;13;1.0061757877
12;2025-12-16;14;1.0061757877
12;2025-12-16;15;1.0061757877
12;2025-12-16;16;1.0061757877
12;2025-12-16;17;1.0061757877
12;2025-12-16;18;1.0061757877
12;2025-12-16;19;1.0061757877
12;2025-12-16;20;1.0061757877
12;2025-12-16;21;1.0061757877
12;2025-12-16;22;1.0061757877
12;2025-12-16;23;1.0061757877
12;2025-12-17;0;1.0137785465
12;2025-12-17;1;1.0137785465
12;2025-12-17;2;1.0137785465
12;2025-12-17;3;1.0137785465
12;2025-12-17;4;1.0137785465
12;2025-12-17;5;1.0137785465
12;2025-12-17;6;1.0137785465
12;2025-12-17;7;1.0137785465
12;2025-12-17;8;1.0137785465
12;2025-12-17;9;1.0137785465
12;2025-12-17;10;1.0137785465
12;2025-12-17;11;1.0137785465
12;2025-12-17;12;1.0137785465
12;2025-12-17;13;1.0137785465
12;2025-12-17;14;1.0137785465
12;2025-12-17;15;1.0137785465
12;2025-12-17;16;1.0137785465
12;2025-12-17;17;1.0137785465
12;2025-12-17;18;1.0137785465
12;2025-12-17;19;1.0137785465
12;2025-12-17;20;1.0137785465
12;2025-12-17;21;1.0137785465
12;2025-12-17;22;1.0137785465
12;2025-12-17;23;1.0137785465
12;2025-12-18;0;1.0176124764
12;2025-12-18;1;1.0176124764
12;2025-12-18;2;1.0176124764
12;2025-12-18;3;1.0176124764
12;2025-12-18;4;1.0176124764
12;2025-12-18;5;1.0176124764
12;2025-12-18;6;1.0176124764
12;2025-12-18;7;1.0176124764
12;2025-12-18;8;1.0176124764
12;2025-12-18;9;1.0176124764
12;2025-12-18;10;1.0176124764
12;2025-12-18;11;1.0176124764
12;2025-12-18;12;1.0176124764
12;2025-12-18;13;1.0176124764
12;2025-12-18;14;1.0176124764
12;2025-12-18;15;1.0176124764
12;2025-12-18;16;1.0176124764
12;2025-12-18;17;1.0176124764
12;2025-12-18;18;1.0176124764
12;2025-12-18;19;1.0176124764
12;2025-12-18;20;1.0176124764
12;2025-12-18;21;1.0176124764
12;2025-12-18;22;1.0176124764
12;2025-12-18;23;1.0176124764
12;2025-12-19;0;1.0135299092
12;2025-12-19;1;1.0135299092
12;2025-12-19;2;1.0135299092
12;2025-12-19;3;1.0135299092
12;2025-12-19;4;1.0135299092
12;2025-12-19;5;1.0135299092
12;2025-12-19;6;1.0135299092
12;2025-12-19;7;1.0135299092
12;2025-12-19;8;1.0135299092
12;2025-12-19;9;1.0135299092
12;2025-12-19;10;1.0135299092
12;2025-12-19;11;1.0135299092
12;2025-12-19;12;1.0135299092
12;2025-12-19;13;1.0135299092
12;2025-12-19;14;1.0135299092
12;2025-12-19;15;1.0135299092
12;2025-12-19;16;1.0135299092
12;2025-12-19;17;1.0135299092
12;2025-12-19;18;1.0135299092
12;2025-12-19;19;1.0135299092
12;2025-12-19;20;1.0135299092
12;2025-12-19;21;1.0135299092
12;2025-12-19;22;1.0135299092
12;2025-12-19;23;1.0135299092
12;2025-12-20;0;1.0148501589
12;2025-12-20;1;1.0148501589
12;2025-12-20;2;1.0148501589
12;2025-12-20;3;1.0148501589
12;2025-12-20;4;1.0148501589
12;2025-12-20;5;1.0148501589
12;2025-12-20;6;1.0148501589
12;2025-12-20;7;1.0148501589
12;2025-12-20;8;1.0148501589
12;2025-12-20;9;1.0148501589
12;2025-12-20;10;1.0148501589
12;2025-12-20;11;1.0148501589
12;2025-12-20;12;1.0148501589
12;2025-12-20;13;1.0148501589
12;2025-12-20;14;1.0148501589
12;2025-12-20;15;1.0148501589
12;2025-12-20;16;1.0148501589
12;2025-12-20;17;1.0148501589
12;2025-12-20;18;1.0148501589
12;2025-12-20;19;1.0148501589
12;2025-12-20;20;1.0148501589
12;2025-12-20;21;1.0148501589
12;2025-12-20;22;1.0148501589
12;2025-12-20;23;1.0148501589
12;2025-12-21;0;1.0026209401
12;2025-12-21;1;1.0026209401
12;2025-12-21;2;1.0026209401
12;2025-12-21;3;1.0026209401
12;2025-12-21;4;1.0026209401
12;2025-12-21;5;1.0026209401
12;2025-12-21;6;1.0026209401
12;2025-12-21;7;1.0026209401
12;2025-12-21;8;1.0026209401
12;2025-12-21;9;1.0026209401
12;2025-12-21;10;1.0026209401
12;2025-12-21;11;1.0026209401
12;2025-12-21;12;1.0026209401
12;2025-12-21;13;1.0026209401
12;2025-12-21;14;1.0026209401
12;2025-12-21;15;1.0026209401
12;2025-12-21;16;1.0026209401
12;2025-12-21;17;1.0026209401
12;2025-12-21;18;1.0026209401
12;2025-12-21;19;1.0026209401
12;2025-12-21;20;1.0026209401
12;2025-12-21;21;1.0026209401
12;2025-12-21;22;1.0026209401
12;2025-12-21;23;1.0026209401
12;2025-12-22;0;1.0035652197
12;2025-12-22;1;1.0035652197
12;2025-12-22;2;1.0035652197
12;2025-12-22;3;1.0035652197
12;2025-12-22;4;1.0035652197
12;2025-12-22;5;1.0035652197
12;2025-12-22;6;1.0035652197
12;2025-12-22;7;1.0035652197
12;2025-12-22;8;1.0035652197
12;2025-12-22;9;1.0035652197
12;2025-12-22;10;1.0035652197
12;2025-12-22;11;1.0035652197
12;2025-12-22;12;1.0035652197
12;2025-12-22;13;1.0035652197
12;2025-12-22;14;1.0035652197
12;2025-12-22;15;1.0035652197
12;2025-12-22;16;1.0035652197
12;2025-12-22;17;1.0035652197
12;2025-12-22;18;1.0035652197
12;2025-12-22;19;1.0035652197
12;2025-12-22;20;1.0035652197
12;2025-12-22;21;1.0035652197
12;2025-12-22;22;1.0035652197
12;2025-12-22;23;1.0035652197
12;2025-12-23;0;1.0234852477
12;2025-12-23;1;1.0234852477
12;2025-12-23;2;1.0234852477
12;2025-12-23;3;1.0234852477
12;2025-12-23;4;1.0234852477
12;2025-12-23;5;1.0234852477
12;2025-12-23;6;1.0234852477
12;2025-12-23;7;1.0234852477
12;2025-12-23;8;1.0234852477
12;2025-12-23;9;1.0234852477
12;2025-12-23;10;1.0234852477
12;2025-12-23;11;1.0234852477
12;2025-12-23;12;1.0234852477
12;2025-12-23;13;1.0234852477
12;2025-12-23;14;1.0234852477
12;2025-12-23;15;1.0234852477
12;2025-12-23;16;1.0234852477
12;2025-12-23;17;1.0234852477
12;2025-12-23;18;1.0234852477
12;2025-12-23;19;1.0234852477
12;2025-12-23;20;1.0234852477
12;2025-12-23;21;1.0234852477
12;2025-12-23;22;1.0234852477
12;2025-12-23;23;1.0234852477
12;2025-12-24;0;1.0134109113
12;2025-12-24;1;1.0134109113
12;2025-12-24;2;1.0134109113
12;2025-12-24;3;1.0134109113
12;2025-12-24;4;1.0134109113
12;2025-12-24;5;1.0134109113
12;2025-12-24;6;1.0134109113
12;2025-12-24;7;1.0134109113
12;2025-12-24;8;1.0134109113
12;2025-12-24;9;1.0134109113
12;2025-12-24;10;1.0134109113
12;2025-12-24;11;1.0134109113
12;2025-12-24;12;1.0134109113
12;2025-12-24;13;1.0134109113
12;2025-12-24;14;1.0134109113
12;2025-12-24;15;1.0134109113
12;2025-12-24;16;1.0134109113
12;2025-12-24;17;1.0134109113
12;2025-12-24;18;1.0134109113
12;2025-12-24;19;1.0134109113
12;2025-12-24;20;1.0134109113
12;2025-12-24;21;1.0134109113
12;2025-12-24;22;1.0134109113
12;2025-12-24;23;1.0134109113
12;2025-12-25;0;1.0011278423
12;2025-12-25;1;1.0011278423
12;2025-12-25;2;1.0011278423
12;2025-12-25;3;1.0011278423
12;2025-12-25;4;1.0011278423
12;2025-12-25;5;1.0011278423
12;2025-12-25;6;1.0011278423
12;2025-12-25;7;1.0011278423
12;2025-12-25;8;1.0011278423
12;2025-12-25;9;1.0011278423
12;2025-12-25;10;1.0011278423
12;2025-12-25;11;1.0011278423
12;2025-12-25;12;1.0011278423
12;2025-12-25;13;1.0011278423
12;2025-12-25;14;1.0011278423
12;2025-12-25;15;1.0011278423
12;2025-12-25;16;1.0011278423
12;2025-12-25;17;1.0011278423
12;2025-12-25;18;1.0011278423
12;2025-12-25;19;1.0011278423
12;2025-12-25;20;1.0011278423
12;2025-12-25;21;1.0011278423
12;2025-12-25;22;1.0011278423
12;2025-12-25;23;1.0011278423
12;2025-12-26;0;0.983038416
12;2025-12-26;1;0.983038416
12;2025-12-26;2;0.983038416
12;2025-12-26;3;0.983038416
12;2025-12-26;4;0.983038416
12;2025-12-26;5;0.983038416
12;2025-12-26;6;0.983038416
12;2025-12-26;7;0.983038416
12;2025-12-26;8;0.983038416
12;2025-12-26;9;0.983038416
12;2025-12-26;10;0.983038416
12;2025-12-26;11;0.983038416
12;2025-12-26;12;0.983038416
12;2025-12-26;13;0.983038416
12;2025-12-26;14;0.983038416
12;2025-12-26;15;0.983038416
12;2025-12-26;16;0.983038416
12;2025-12-26;17;0.983038416
12;2025-12-26;18;0.983038416
12;2025-12-26;19;0.983038416
12;2025-12-26;20;0.983038416
12;2025-12-26;21;0.983038416
12;2025-12-26;22;0.983038416
12;2025-12-26;23;0.983038416
12;2025-12-27;0;1.010425343
12;2025-12-27;1;1.010425343
12;2025-12-27;2;1.010425343
12;2025-12-27;3;1.010425343
12;2025-12-27;4;1.010425343
12;2025-12-27;5;1.010425343
12;2025-12-27;6;1.010425343
12;2025-12-27;7;1.010425343
12;2025-12-27;8;1.010425343
12;2025-12-27;9;1.010425343
12;2025-12-27;10;1.010425343
12;2025-12-27;11;1.010425343
12;2025-12-27;12;1.010425343
12;2025-12-27;13;1.010425343
12;2025-12-27;14;1.010425343
12;2025-12-27;15;1.010425343
12;2025-12-27;16;1.010425343
12;2025-12-27;17;1.010425343
12;2025-12-27;18;1.010425343
12;2025-12-27;19;1.010425343
12;2025-12-27;20;1.010425343
12;2025-12-27;21;1.010425343
12;2025-12-27;22;1.010425343
12;2025-12-27;23;1.010425343
12;2025-12-28;0;0.9883219505
12;2025-12-28;1;0.9883219505
12;2025-12-28;2;0.9883219505
12;2025-12-28;3;0.9883219505
12;2025-12-28;4;0.9883219505
12;2025-12-28;5;0.9883219505
12;2025-12-28;6;0.9883219505
12;2025-12-28;7;0.9883219505
12;2025-12-28;8;0.9883219505
12;2025-12-28;9;0.9883219505
12;2025-12-28;10;0.9883219505
12;2025-12-28;11;0.9883219505
12;2025-12-28;12;0.9883219505
12;2025-12-28;13;0.9883219505
12;2025-12-28;14;0.9883219505
12;2025-12-28;15;0.9883219505
12;2025-12-28;16;0.9883219505
12;2025-12-28;17;0.9883219505
12;2025-12-28;18;0.9883219505
12;2025-12-28;19;0.9883219505
12;2025-12-28;20;0.9883219505
12;2025-12-28;21;0.9883219505
12;2025-12-28;22;0.9883219505
12;2025-12-28;23;0.9883219505
12;2025-12-29;0;1.0053281256
12;2025-12-29;1;1.0053281256
12;2025-12-29;2;1.0053281256
12;2025-12-29;3;1.0053281256
12;2025-12-29;4;1.0053281256
12;2025-12-29;5;1.0053281256
12;2025-12-29;6;1.0053281256
12;2025-12-29;7;1.0053281256
12;2025-12-29;8;1.0053281256
12;2025-12-29;9;1.0053281256
12;2025-12-29;10;1.0053281256
12;2025-12-29;11;1.0053281256
12;2025-12-29;12;1.0053281256
12;2025-12-29;13;1.0053281256
12;2025-12-29;14;1.0053281256
12;2025-12-29;15;1.0053281256
12;2025-12-29;16;1.0053281256
12;2025-12-29;17;1.0053281256
12;2025-12-29;18;1.0053281256
12;2025-12-29;19;1.0053281256
12;2025-12-29;20;1.0053281256
12;2025-12-29;21;1.0053281256
12;2025-12-29;22;1.0053281256
12;2025-12-29;23;1.0053281256
12;2025-12-30;0;0.9993862931
12;2025-12-30;1;0.9993862931
12;2025-12-30;2;0.9993862931
12;2025-12-30;3;0.9993862931
12;2025-12-30;4;0.9993862931
12;2025-12-30;5;0.9993862931
12;2025-12-30;6;0.9993862931
12;2025-12-30;7;0.9993862931
12;2025-12-30;8;0.9993862931
12;2025-12-30;9;0.9993862931
12;2025-12-30;10;0.9993862931
12;2025-12-30;11;0.9993862931
12;2025-12-30;12;0.9993862931
12;2025-12-30;13;0.9993862931
12;2025-12-30;14;0.9993862931
12;2025-12-30;15;0.9993862931
12;2025-12-30;16;0.9993862931
12;2025-12-30;17;0.9993862931
12;2025-12-30;18;0.9993862931
12;2025-12-30;19;0.9993862931
12;2025-12-30;20;0.9993862931
12;2025-12-30;21;0.9993862931
12;2025-12-30;22;0.9993862931
12;2025-12-30;23;0.9993862931
12;2025-12-31;0;0.992371775
12;2025-12-31;1;0.992371775
12;2025-12-31;2;0.992371775
12;2025-12-31;3;0.992371775
12;2025-12-31;4;0.992371775
12;2025-12-31;5;0.992371775
12;2025-12-31;6;0.992371775
12;2025-12-31;7;0.992371775
12;2025-12-31;8;0.992371775
12;2025-12-31;9;0.992371775
12;2025-12-31;10;0.992371775
12;2025-12-31;11;0.992371775
12;2025-12-31;12;0.992371775
12;2025-12-31;13;0.992371775
12;2025-12-31;14;0.992371775
12;2025-12-31;15;0.992371775
12;2025-12-31;16;0.992371775
12;2025-12-31;17;0.992371775
12;2025-12-31;18;0.992371775
12;2025-12-31;19;0.992371775
12;2025-12-31;20;0.992371775
12;2025-12-31;21;0.992371775
12;2025-12-31;22;0.992371775
12;2025-12-31;23;0.992371775
17;2025-11-01;0;1.0134125997
17;2025-11-01;1;1.0134125997
17;2025-11-01;2;1.0134125997
17;2025-11-01;3;1.0134125997
17;2025-11-01;4;1.0134125997
17;2025-11-01;5;1.0134125997
17;2025-11-01;6;1.0134125997
17;2025-11-01;7;1.0134125997
17;2025-11-01;8;1.0134125997
17;2025-11-01;9;1.0134125997
17;2025-11-01;10;1.0134125997
17;2025-11-01;11;1.0134125997
17;2025-11-01;12;1.0134125997
17;2025-11-01;13;1.0134125997
17;2025-11-01;14;1.0134125997
17;2025-11-01;15;1.0134125997
17;2025-11-01;16;1.0134125997
17;2025-11-01;17;1.0134125997
17;2025-11-01;18;1.0134125997
17;2025-11-01;19;1.0134125997
17;2025-11-01;20;1.0134125997
17;2025-11-01;21;1.0134125997
17;2025-11-01;22;1.0134125997
17;2025-11-01;23;1.0134125997
17;2025-11-02;0;1.0157433614
17;2025-11-02;1;1.0157433614
17;2025-11-02;2;1.0157433614
17;2025-11-02;3;1.0157433614
17;2025-11-02;4;1.0157433614
17;2025-11-02;5;1.0157433614
17;2025-11-02;6;1.0157433614
17;2025-11-02;7;1.0157433614
17;2025-11-02;8;1.0157433614
17;2025-11-02;9;1.0157433614
17;2025-11-02;10;1.0157433614
17;2025-11-02;11;1.0157433614
17;2025-11-02;12;1.0157433614
17;2025-11-02;13;1.0157433614
17;2025-11-02;14;1.0157433614
17;2025-11-02;15;1.0157433614
17;2025-11-02;16;1.0157433614
17;2025-11-02;17;1.0157433614
17;2025-11-02;18;1.0157433614
17;2025-11-02;19;1.0157433614
17;2025-11-02;20;1.0157433614
17;2025-11-02;21;1.0157433614
17;2025-11-02;22;1.0157433614
17;2025-11-02;23;1.0157433614
17;2025-11-03;0;0.9739205133
17;2025-11-03;1;0.9739205133
17;2025-11-03;2;0.9739205133
17;2025-11-03;3;0.9739205133
17;2025-11-03;4;0.9739205133
17;2025-11-03;5;0.9739205133
17;2025-11-03;6;0.9739205133
17;2025-11-03;7;0.9739205133
17;2025-11-03;8;0.9739205133
17;2025-11-03;9;0.9739205133
17;2025-11-03;10;0.9739205133
17;2025-11-03;11;0.9739205133
17;2025-11-03;12;0.9739205133
17;2025-11-03;13;0.9739205133
17;2025-11-03;14;0.9739205133
17;2025-11-03;15;0.9739205133
17;2025-11-03;16;0.9739205133
17;2025-11-03;17;0.9739205133
17;2025-11-03;18;0.9739205133
17;2025-11-03;19;0.9739205133
17;2025-11-03;20;0.9739205133
17;2025-11-03;21;0.9739205133
17;2025-11-03;22;0.9739205133
17;2025-11-03;23;0.9739205133
17;2025-11-04;0;0.9650055015
17;2025-11-04;1;0.9650055015
17;2025-11-04;2;0.9650055015
17;2025-11-04;3;0.9650055015
17;2025-11-04;4;0.9650055015
17;2025-11-04;5;0.9650055015
17;2025-11-04;6;0.9650055015
17;2025-11-04;7;0.9650055015
17;2025-11-04;8;0.9650055015
17;2025-11-04;9;0.9650055015
17;2025-11-04;10;0.9650055015
17;2025-11-04;11;0.9650055015
17;2025-11-04;12;0.9650055015
17;2025-11-04;13;0.9650055015
17;2025-11-04;14;0.9650055015
17;2025-11-04;15;0.9650055015
17;2025-11-04;16;0.9650055015
17;2025-11-04;17;0.9650055015
17;2025-11-04;18;0.9650055015
17;2025-11-04;19;0.9650055015
17;2025-11-04;20;0.9650055015
17;2025-11-04;21;0.9650055015
17;2025-11-04;22;0.9650055015
17;2025-11-04;23;0.9650055015
17;2025-11-05;0;1.0152415688
17;2025-11-05;1;1.0152415688
17;2025-11-05;2;1.0152415688
17;2025-11-05;3;1.0152415688
17;2025-11-05;4;1.0152415688
17;2025-11-05;5;1.0152415688
17;2025-11-05;6;1.0152415688
17;2025-11-05;7;1.0152415688
17;2025-11-05;8;1.0152415688
17;2025-11-05;9;1.0152415688
17;2025-11-05;10;1.0152415688
17;2025-11-05;11;1.0152415688
17;2025-11-05;12;1.0152415688
17;2025-11-05;13;1.0152415688
17;2025-11-05;14;1.0152415688
17;2025-11-05;15;1.0152415688
17;2025-11-05;16;1.0152415688
17;2025-11-05;17;1.0152415688
17;2025-11-05;18;1.0152415688
17;2025-11-05;19;1.0152415688
17;2025-11-05;20;1.0152415688
17;2025-11-05;21;1.0152415688
17;2025-11-05;22;1.0152415688
17;2025-11-05;23;1.0152415688
17;2025-11-06;0;0.9944947956
17;2025-11-06;1;0.9944947956
17;2025-11-06;2;0.9944947956
17;2025-11-06;3;0.9944947956
17;2025-11-06;4;0.9944947956
17;2025-11-06;5;0.9944947956
17;2025-11-06;6;0.9944947956
17;2025-11-06;7;0.9944947956
17;2025-11-06;8;0.9944947956
17;2025-11-06;9;0.9944947956
17;2025-11-06;10;0.9944947956
17;2025-11-06;11;0.9944947956
17;2025-11-06;12;0.9944947956
17;2025-11-06;13;0.9944947956
17;2025-11-06;14;0.9944947956
17;2025-11-06;15;0.9944947956
17;2025-11-06;16;0.9944947956
17;2025-11-06;17;0.9944947956
17;2025-11-06;18;0.9944947956
17;2025-11-06;19;0.9944947956
17;2025-11-06;20;0.9944947956
17;2025-11-06;21;0.9944947956
17;2025-11-06;22;0.9944947956
17;2025-11-06;23;0.9944947956
17;2025-11-07;0;0.9925726027
17;2025-11-07;1;0.9925726027
17;2025-11-07;2;0.9925726027
17;2025-11-07;3;0.9925726027
17;2025-11-07;4;0.9925726027
17;2025-11-07;5;0.9925726027
17;2025-11-07;6;0.9925726027
17;2025-11-07;7;0.9925726027
17;2025-11-07;8;0.9925726027
17;2025-11-07;9;0.9925726027
17;2025-11-07;10;0.9925726027
17;2025-11-07;11;0.9925726027
17;2025-11-07;12;0.9925726027
17;2025-11-07;13;0.9925726027
17;2025-11-07;14;0.9925726027
17;2025-11-07;15;0.9925726027
17;2025-11-07;16;0.9925726027
17;2025-11-07;17;0.9925726027
17;2025-11-07;18;0.9925726027
17;2025-11-07;19;0.9925726027
17;2025-11-07;20;0.9925726027
17;2025-11-07;21;0.9925726027
17;2025-11-07;22;0.9925726027
17;2025-11-07;23;0.9925726027
17;2025-11-08;0;1.0128632395
17;2025-11-08;1;1.0128632395
17;2025-11-08;2;1.0128632395
17;2025-11-08;3;1.0128632395
17;2025-11-08;4;1.0128632395
17;2025-11-08;5;1.0128632395
17;2025-11-08;6;1.0128632395
17;2025-11-08;7;1.0128632395
17;2025-11-08;8;1.0128632395
17;2025-11-08;9;1.0128632395
17;2025-11-08;10;1.0128632395
17;2025-11-08;11;1.0128632395
17;2025-11-08;12;1.0128632395
17;2025-11-08;13;1.0128632395
17;2025-11-08;14;1.0128632395
17;2025-11-08;15;1.0128632395
17;2025-11-08;16;1.0128632395
17;2025-11-08;17;1.0128632395
17;2025-11-08;18;1.0128632395
17;2025-11-08;19;1.0128632395
17;2025-11-08;20;1.0128632395
17;2025-11-08;21;1.0128632395
17;2025-11-08;22;1.0128632395
17;2025-11-08;23;1.0128632395
17;2025-11-09;0;1.0169473511
17;2025-11-09;1;1.0169473511
17;2025-11-09;2;1.0169473511
17;2025-11-09;3;1.0169473511
17;2025-11-09;4;1.0169473511
17;2025-11-09;5;1.0169473511
17;2025-11-09;6;1.0169473511
17;2025-11-09;7;1.0169473511
17;2025-11-09;8;1.0169473511
17;2025-11-09;9;1.0169473511
17;2025-11-09;10;1.0169473511
17;2025-11-09;11;1.0169473511
17;2025-11-09;12;1.0169473511
17;2025-11-09;13;1.0169473511
17;2025-11-09;14;1.0169473511
17;2025-11-09;15;1.0169473511
17;2025-11-09;16;1.0169473511
17;2025-11-09;17;1.0169473511
17;2025-11-09;18;1.0169473511
17;2025-11-09;19;1.0169473511
17;2025-11-09;20;1.0169473511
17;2025-11-09;21;1.0169473511
17;2025-11-09;22;1.0169473511
17;2025-11-09;23;1.0169473511
17;2025-11-10;0;1.0131043217
17;2025-11-10;1;1.0131043217
17;2025-11-10;2;1.0131043217
17;2025-11-10;3;1.0131043217
17;2025-11-10;4;1.0131043217
17;2025-11-10;5;1.0131043217
17;2025-11-10;6;1.0131043217
17;2025-11-10;7;1.0131043217
17;2025-11-10;8;1.0131043217
17;2025-11-10;9;1.0131043217
17;2025-11-10;10;1.0131043217
17;2025-11-10;11;1.0131043217
17;2025-11-10;12;1.0131043217
17;2025-11-10;13;1.0131043217
17;2025-11-10;14;1.0131043217
17;2025-11-10;15;1.0131043217
17;2025-11-10;16;1.0131043217
17;2025-11-10;17;1.0131043217
17;2025-11-10;18;1.0131043217
17;2025-11-10;19;1.0131043217
17;2025-11-10;20;1.0131043217
17;2025-11-10;21;1.0131043217
17;2025-11-10;22;1.0131043217
17;2025-11-10;23;1.0131043217
17;2025-11-11;0;1.0091925484
17;2025-11-11;1;1.0091925484
17;2025-11-11;2;1.0091925484
17;2025-11-11;3;1.0091925484
17;2025-11-11;4;1.0091925484
17;2025-11-11;5;1.0091925484
17;2025-11-11;6;1.0091925484
17;2025-11-11;7;1.0091925484
17;2025-11-11;8;1.0091925484
17;2025-11-11;9;1.0091925484
17;2025-11-11;10;1.0091925484
17;2025-11-11;11;1.0091925484
17;2025-11-11;12;1.0091925484
17;2025-11-11;13;1.0091925484
17;2025-11-11;14;1.0091925484
17;2025-11-11;15;1.0091925484
17;2025-11-11;16;1.0091925484
17;2025-11-11;17;1.0091925484
17;2025-11-11;18;1.0091925484
17;2025-11-11;19;1.0091925484
17;2025-11-11;20;1.0091925484
17;2025-11-11;21;1.0091925484
17;2025-11-11;22;1.0091925484
17;2025-11-11;23;1.0091925484
17;2025-11-12;0;0.9985491715
17;2025-11-12;1;0.9985491715
17;2025-11-12;2;0.9985491715
17;2025-11-12;3;0.9985491715
17;2025-11-12;4;0.9985491715
17;2025-11-12;5;0.9985491715
17;2025-11-12;6;0.9985491715
17;2025-11-12;7;0.9985491715
17;2025-11-12;8;0.9985491715
17;2025-11-12;9;0.9985491715
17;2025-11-12;10;0.9985491715
17;2025-11-12;11;0.9985491715
17;2025-11-12;12;0.9985491715
17;2025-11-12;13;0.9985491715
17;2025-11-12;14;0.9985491715
17;2025-11-12;15;0.9985491715
17;2025-11-12;16;0.9985491715
17;2025-11-12;17;0.9985491715
17;2025-11-12;18;0.9985491715
17;2025-11-12;19;0.9985491715
17;2025-11-12;20;0.9985491715
17;2025-11-12;21;0.9985491715
17;2025-11-12;22;0.9985491715
17;2025-11-12;23;0.9985491715
17;2025-11-13;0;1.0053412511
17;2025-11-13;1;1.0053412511
17;2025-11-13;2;1.0053412511
17;2025-11-13;3;1.0053412511
17;2025-11-13;4;1.0053412511
17;2025-11-13;5;1.0053412511
17;2025-11-13;6;1.0053412511
17;2025-11-13;7;1.0053412511
17;2025-11-13;8;1.0053412511
17;2025-11-13;9;1.0053412511
17;2025-11-13;10;1.0053412511
17;2025-11-13;11;1.0053412511
17;2025-11-13;12;1.0053412511
17;2025-11-13;13;1.0053412511
17;2025-11-13;14;1.0053412511
17;2025-11-13;15;1.0053412511
17;2025-11-13;16;1.0053412511
17;2025-11-13;17;1.0053412511
17;2025-11-13;18;1.0053412511
17;2025-11-13;19;1.0053412511
17;2025-11-13;20;1.0053412511
17;2025-11-13;21;1.0053412511
17;2025-11-13;22;1.0053412511
17;2025-11-13;23;1.0053412511
17;2025-11-14;0;1.0073685704
17;2025-11-14;1;1.0073685704
17;2025-11-14;2;1.0073685704
17;2025-11-14;3;1.0073685704
17;2025-11-14;4;1.0073685704
17;2025-11-14;5;1.0073685704
17;2025-11-14;6;1.0073685704
17;2025-11-14;7;1.0073685704
17;2025-11-14;8;1.0073685704
17;2025-11-14;9;1.0073685704
17;2025-11-14;10;1.0073685704
17;2025-11-14;11;1.0073685704
17;2025-11-14;12;1.0073685704
17;2025-11-14;13;1.0073685704
17;2025-11-14;14;1.0073685704
17;2025-11-14;15;1.0073685704
17;2025-11-14;16;1.0073685704
17;2025-11-14;17;1.0073685704
17;2025-11-14;18;1.0073685704
17;2025-11-14;19;1.0073685704
17;2025-11-14;20;1.0073685704
17;2025-11-14;21;1.0073685704
17;2025-11-14;22;1.0073685704
17;2025-11-14;23;1.0073685704
17;2025-11-15;0;0.9181818911
17;2025-11-15;1;0.9181818911
17;2025-11-15;2;0.9181818911
17;2025-11-15;3;0.9181818911
17;2025-11-15;4;0.9181818911
17;2025-11-15;5;0.9181818911
17;2025-11-15;6;0.9181818911
17;2025-11-15;7;0.9181818911
17;2025-11-15;8;0.9181818911
17;2025-11-15;9;0.9181818911
17;2025-11-15;10;0.9181818911
17;2025-11-15;11;0.9181818911
17;2025-11-15;12;0.9181818911
17;2025-11-15;13;0.9181818911
17;2025-11-15;14;0.9181818911
17;2025-11-15;15;0.9181818911
17;2025-11-15;16;0.9181818911
17;2025-11-15;17;0.9181818911
17;2025-11-15;18;0.9181818911
17;2025-11-15;19;0.9181818911
17;2025-11-15;20;0.9181818911
17;2025-11-15;21;0.9181818911
17;2025-11-15;22;0.9181818911
17;2025-11-15;23;0.9181818911
17;2025-11-16;0;1.0161094975
17;2025-11-16;1;1.0161094975
17;2025-11-16;2;1.0161094975
17;2025-11-16;3;1.0161094975
17;2025-11-16;4;1.0161094975
17;2025-11-16;5;1.0161094975
17;2025-11-16;6;1.0161094975
17;2025-11-16;7;1.0161094975
17;2025-11-16;8;1.0161094975
17;2025-11-16;9;1.0161094975
17;2025-11-16;10;1.0161094975
17;2025-11-16;11;1.0161094975
17;2025-11-16;12;1.0161094975
17;2025-11-16;13;1.0161094975
17;2025-11-16;14;1.0161094975
17;2025-11-16;15;1.0161094975
17;2025-11-16;16;1.0161094975
17;2025-11-16;17;1.0161094975
17;2025-11-16;18;1.0161094975
17;2025-11-16;19;1.0161094975
17;2025-11-16;20;1.0161094975
17;2025-11-16;21;1.0161094975
17;2025-11-16;22;1.0161094975
17;2025-11-16;23;1.0161094975
17;2025-11-17;0;0.9885591761
17;2025-11-17;1;0.9885591761
17;2025-11-17;2;0.9885591761
17;2025-11-17;3;0.9885591761
17;2025-11-17;4;0.9885591761
17;2025-11-17;5;0.9885591761
17;2025-11-17;6;0.9885591761
17;2025-11-17;7;0.9885591761
17;2025-11-17;8;0.9885591761
17;2025-11-17;9;0.9885591761
17;2025-11-17;10;0.9885591761
17;2025-11-17;11;0.9885591761
17;2025-11-17;12;0.9885591761
17;2025-11-17;13;0.9885591761
17;2025-11-17;14;0.9885591761
17;2025-11-17;15;0.9885591761
17;2025-11-17;16;0.9885591761
17;2025-11-17;17;0.9885591761
17;2025-11-17;18;0.9885591761
17;2025-11-17;19;0.9885591761
17;2025-11-17;20;0.9885591761
17;2025-11-17;21;0.9885591761
17;2025-11-17;22;0.9885591761
17;2025-11-17;23;0.9885591761
17;2025-11-18;0;0.9570350538
17;2025-11-18;1;0.9570350538
17;2025-11-18;2;0.9570350538
17;2025-11-18;3;0.9570350538
17;2025-11-18;4;0.9570350538
17;2025-11-18;5;0.9570350538
17;2025-11-18;6;0.9570350538
17;2025-11-18;7;0.9570350538
17;2025-11-18;8;0.9570350538
17;2025-11-18;9;0.9570350538
17;2025-11-18;10;0.9570350538
17;2025-11-18;11;0.9570350538
17;2025-11-18;12;0.9570350538
17;2025-11-18;13;0.9570350538
17;2025-11-18;14;0.9570350538
17;2025-11-18;15;0.9570350538
17;2025-11-18;16;0.9570350538
17;2025-11-18;17;0.9570350538
17;2025-11-18;18;0.9570350538
17;2025-11-18;19;0.9570350538
17;2025-11-18;20;0.9570350538
17;2025-11-18;21;0.9570350538
17;2025-11-18;22;0.9570350538
17;2025-11-18;23;0.9570350538
17;2025-11-19;0;1.0138896334
17;2025-11-19;1;1.0138896334
17;2025-11-19;2;1.0138896334
17;2025-11-19;3;1.0138896334
17;2025-11-19;4;1.0138896334
17;2025-11-19;5;1.0138896334
17;2025-11-19;6;1.0138896334
17;2025-11-19;7;1.0138896334
17;2025-11-19;8;1.0138896334
17;2025-11-19;9;1.0138896334
17;2025-11-19;10;1.0138896334
17;2025-11-19;11;1.0138896334
17;2025-11-19;12;1.0138896334
17;2025-11-19;13;1.0138896334
17;2025-11-19;14;1.0138896334
17;2025-11-19;15;1.0138896334
17;2025-11-19;16;1.0138896334
17;2025-11-19;17;1.0138896334
17;2025-11-19;18;1.0138896334
17;2025-11-19;19;1.0138896334
17;2025-11-19;20;1.0138896334
17;2025-11-19;21;1.0138896334
17;2025-11-19;22;1.0138896334
17;2025-11-19;23;1.0138896334
17;2025-11-20;0;1.0099062643
17;2025-11-20;1;1.0099062643
17;2025-11-20;2;1.0099062643
17;2025-11-20;3;1.0099062643
17;2025-11-20;4;1.0099062643
17;2025-11-20;5;1.0099062643
17;2025-11-20;6;1.0099062643
17;2025-11-20;7;1.0099062643
17;2025-11-20;8;1.0099062643
17;2025-11-20;9;1.0099062643
17;2025-11-20;10;1.0099062643
17;2025-11-20;11;1.0099062643
17;2025-11-20;12;1.0099062643
17;2025-11-20;13;1.0099062643
17;2025-11-20;14;1.0099062643
17;2025-11-20;15;1.0099062643
17;2025-11-20;16;1.0099062643
17;2025-11-20;17;1.0099062643
17;2025-11-20;18;1.0099062643
17;2025-11-20;19;1.0099062643
17;2025-11-20;20;1.0099062643
17;2025-11-20;21;1.0099062643
17;2025-11-20;22;1.0099062643
17;2025-11-20;23;1.0099062643
17;2025-11-21;0;1.0023394653
17;2025-11-21;1;1.0023394653
17;2025-11-21;2;1.0023394653
17;2025-11-21;3;1.0023394653
17;2025-11-21;4;1.0023394653
17;2025-11-21;5;1.0023394653
17;2025-11-21;6;1.0023394653
17;2025-11-21;7;1.0023394653
17;2025-11-21;8;1.0023394653
17;2025-11-21;9;1.0023394653
17;2025-11-21;10;1.0023394653
17;2025-11-21;11;1.0023394653
17;2025-11-21;12;1.0023394653
17;2025-11-21;13;1.0023394653
17;2025-11-21;14;1.0023394653
17;2025-11-21;15;1.0023394653
17;2025-11-21;16;1.0023394653
17;2025-11-21;17;1.0023394653
17;2025-11-21;18;1.0023394653
17;2025-11-21;19;1.0023394653
17;2025-11-21;20;1.0023394653
17;2025-11-21;21;1.0023394653
17;2025-11-21;22;1.0023394653
17;2025-11-21;23;1.0023394653
17;2025-11-22;0;0.9675189677
17;2025-11-22;1;0.9675189677
17;2025-11-22;2;0.9675189677
17;2025-11-22;3;0.9675189677
17;2025-11-22;4;0.9675189677
17;2025-11-22;5;0.9675189677
17;2025-11-22;6;0.9675189677
17;2025-11-22;7;0.9675189677
17;2025-11-22;8;0.9675189677
17;2025-11-22;9;0.9675189677
17;2025-11-22;10;0.9675189677
17;2025-11-22;11;0.9675189677
17;2025-11-22;12;0.9675189677
17;2025-11-22;13;0.9675189677
17;2025-11-22;14;0.9675189677
17;2025-11-22;15;0.9675189677
17;2025-11-22;16;0.9675189677
17;2025-11-22;17;0.9675189677
17;2025-11-22;18;0.9675189677
17;2025-11-22;19;0.9675189677
17;2025-11-22;20;0.9675189677
17;2025-11-22;21;0.9675189677
17;2025-11-22;22;0.9675189677
17;2025-11-22;23;0.9675189677
17;2025-11-23;0;1.0161408414
17;2025-11-23;1;1.0161408414
17;2025-11-23;2;1.0161408414
17;2025-11-23;3;1.0161408414
17;2025-11-23;4;1.0161408414
17;2025-11-23;5;1.0161408414
17;2025-11-23;6;1.0161408414
17;2025-11-23;7;1.0161408414
17;2025-11-23;8;1.0161408414
17;2025-11-23;9;1.0161408414
17;2025-11-23;10;1.0161408414
17;2025-11-23;11;1.0161408414
17;2025-11-23;12;1.0161408414
17;2025-11-23;13;1.0161408414
17;2025-11-23;14;1.0161408414
17;2025-11-23;15;1.0161408414
17;2025-11-23;16;1.0161408414
17;2025-11-23;17;1.0161408414
17;2025-11-23;18;1.0161408414
17;2025-11-23;19;1.0161408414
17;2025-11-23;20;1.0161408414
17;2025-11-23;21;1.0161408414
17;2025-11-23;22;1.0161408414
17;2025-11-23;23;1.0161408414
17;2025-11-24;0;0.9499260011
17;2025-11-24;1;0.9499260011
17;2025-11-24;2;0.9499260011
17;2025-11-24;3;0.9499260011
17;2025-11-24;4;0.9499260011
17;2025-11-24;5;0.9499260011
17;2025-11-24;6;0.9499260011
17;2025-11-24;7;0.9499260011
17;2025-11-24;8;0.9499260011
17;2025-11-24;9;0.9499260011
17;2025-11-24;10;0.9499260011
17;2025-11-24;11;0.9499260011
17;2025-11-24;12;0.9499260011
17;2025-11-24;13;0.9499260011
17;2025-11-24;14;0.9499260011
17;2025-11-24;15;0.9499260011
17;2025-11-24;16;0.9499260011
17;2025-11-24;17;0.9499260011
17;2025-11-24;18;0.9499260011
17;2025-11-24;19;0.9499260011
17;2025-11-24;20;0.9499260011
17;2025-11-24;21;0.9499260011
17;2025-11-24;22;0.9499260011
17;2025-11-24;23;0.9499260011
17;2025-11-25;0;1.0129888865
17;2025-11-25;1;1.0129888865
17;2025-11-25;2;1.0129888865
17;2025-11-25;3;1.0129888865
17;2025-11-25;4;1.0129888865
17;2025-11-25;5;1.0129888865
17;2025-11-25;6;1.0129888865
17;2025-11-25;7;1.0129888865
17;2025-11-25;8;1.0129888865
17;2025-11-25;9;1.0129888865
17;2025-11-25;10;1.0129888865
17;2025-11-25;11;1.0129888865
17;2025-11-25;12;1.0129888865
17;2025-11-25;13;1.0129888865
17;2025-11-25;14;1.0129888865
17;2025-11-25;15;1.0129888865
17;2025-11-25;16;1.0129888865
17;2025-11-25;17;1.0129888865
17;2025-11-25;18;1.0129888865
17;2025-11-25;19;1.0129888865
17;2025-11-25;20;1.0129888865
17;2025-11-25;21;1.0129888865
17;2025-11-25;22;1.0129888865
17;2025-11-25;23;1.0129888865
17;2025-11-26;0;0.9621479255
17;2025-11-26;1;0.9621479255
17;2025-11-26;2;0.9621479255
17;2025-11-26;3;0.9621479255
17;2025-11-26;4;0.9621479255
17;2025-11-26;5;0.9621479255
17;2025-11-26;6;0.9621479255
17;2025-11-26;7;0.9621479255
17;2025-11-26;8;0.9621479255
17;2025-11-26;9;0.9621479255
17;2025-11-26;10;0.9621479255
17;2025-11-26;11;0.9621479255
17;2025-11-26;12;0.9621479255
17;2025-11-26;13;0.9621479255
17;2025-11-26;14;0.9621479255
17;2025-11-26;15;0.9621479255
17;2025-11-26;16;0.9621479255
17;2025-11-26;17;0.9621479255
17;2025-11-26;18;0.9621479255
17;2025-11-26;19;0.9621479255
17;2025-11-26;20;0.9621479255
17;2025-11-26;21;0.9621479255
17;2025-11-26;22;0.9621479255
17;2025-11-26;23;0.9621479255
17;2025-11-27;0;0.9658974562
17;2025-11-27;1;0.9658974562
17;2025-11-27;2;0.9658974562
17;2025-11-27;3;0.9658974562
17;2025-11-27;4;0.9658974562
17;2025-11-27;5;0.9658974562
17;2025-11-27;6;0.9658974562
17;2025-11-27;7;0.9658974562
17;2025-11-27;8;0.9658974562
17;2025-11-27;9;0.9658974562
17;2025-11-27;10;0.9658974562
17;2025-11-27;11;0.9658974562
17;2025-11-27;12;0.9658974562
17;2025-11-27;13;0.9658974562
17;2025-11-27;14;0.9658974562
17;2025-11-27;15;0.9658974562
17;2025-11-27;16;0.9658974562
17;2025-11-27;17;0.9658974562
17;2025-11-27;18;0.9658974562
17;2025-11-27;19;0.9658974562
17;2025-11-27;20;0.9658974562
17;2025-11-27;21;0.9658974562
17;2025-11-27;22;0.9658974562
17;2025-11-27;23;0.9658974562
17;2025-11-28;0;0.9762934019
17;2025-11-28;1;0.9762934019
17;2025-11-28;2;0.9762934019
17;2025-11-28;3;0.9762934019
17;2025-11-28;4;0.9762934019
17;2025-11-28;5;0.9762934019
17;2025-11-28;6;0.9762934019
17;2025-11-28;7;0.9762934019
17;2025-11-28;8;0.9762934019
17;2025-11-28;9;0.9762934019
17;2025-11-28;10;0.9762934019
17;2025-11-28;11;0.9762934019
17;2025-11-28;12;0.9762934019
17;2025-11-28;13;0.9762934019
17;2025-11-28;14;0.9762934019
17;2025-11-28;15;0.9762934019
17;2025-11-28;16;0.9762934019
17;2025-11-28;17;0.9762934019
17;2025-11-28;18;0.9762934019
17;2025-11-28;19;0.9762934019
17;2025-11-28;20;0.9762934019
17;2025-11-28;21;0.9762934019
17;2025-11-28;22;0.9762934019
17;2025-11-28;23;0.9762934019
17;2025-11-29;0;1.0181199233
17;2025-11-29;1;1.0181199233
17;2025-11-29;2;1.0181199233
17;2025-11-29;3;1.0181199233
17;2025-11-29;4;1.0181199233
17;2025-11-29;5;1.0181199233
17;2025-11-29;6;1.0181199233
17;2025-11-29;7;1.0181199233
17;2025-11-29;8;1.0181199233
17;2025-11-29;9;1.0181199233
17;2025-11-29;10;1.0181199233
17;2025-11-29;11;1.0181199233
17;2025-11-29;12;1.0181199233
17;2025-11-29;13;1.0181199233
17;2025-11-29;14;1.0181199233
17;2025-11-29;15;1.0181199233
17;2025-11-29;16;1.0181199233
17;2025-11-29;17;1.0181199233
17;2025-11-29;18;1.0181199233
17;2025-11-29;19;1.0181199233
17;2025-11-29;20;1.0181199233
17;2025-11-29;21;1.0181199233
17;2025-11-29;22;1.0181199233
17;2025-11-29;23;1.0181199233
17;2025-11-30;0;1.0111840107
17;2025-11-30;1;1.0111840107
17;2025-11-30;2;1.0111840107
17;2025-11-30;3;1.0111840107
17;2025-11-30;4;1.0111840107
17;2025-11-30;5;1.0111840107
17;2025-11-30;6;1.0111840107
17;2025-11-30;7;1.0111840107
17;2025-11-30;8;1.0111840107
17;2025-11-30;9;1.0111840107
17;2025-11-30;10;1.0111840107
17;2025-11-30;11;1.0111840107
17;2025-11-30;12;1.0111840107
17;2025-11-30;13;1.0111840107
17;2025-11-30;14;1.0111840107
17;2025-11-30;15;1.0111840107
17;2025-11-30;16;1.0111840107
17;2025-11-30;17;1.0111840107
17;2025-11-30;18;1.0111840107
17;2025-11-30;19;1.0111840107
17;2025-11-30;20;1.0111840107
17;2025-11-30;21;1.0111840107
17;2025-11-30;22;1.0111840107
17;2025-11-30;23;1.0111840107
17;2025-12-01;0;1.0217889044
17;2025-12-01;1;1.0217889044
17;2025-12-01;2;1.0217889044
17;2025-12-01;3;1.0217889044
17;2025-12-01;4;1.0217889044
17;2025-12-01;5;1.0217889044
17;2025-12-01;6;1.0217889044
17;2025-12-01;7;1.0217889044
17;2025-12-01;8;1.0217889044
17;2025-12-01;9;1.0217889044
17;2025-12-01;10;1.0217889044
17;2025-12-01;11;1.0217889044
17;2025-12-01;12;1.0217889044
17;2025-12-01;13;1.0217889044
17;2025-12-01;14;1.0217889044
17;2025-12-01;15;1.0217889044
17;2025-12-01;16;1.0217889044
17;2025-12-01;17;1.0217889044
17;2025-12-01;18;1.0217889044
17;2025-12-01;19;1.0217889044
17;2025-12-01;20;1.0217889044
17;2025-12-01;21;1.0217889044
17;2025-12-01;22;1.0217889044
17;2025-12-01;23;1.0217889044
17;2025-12-02;0;1.0193189215
17;2025-12-02;1;1.0193189215
17;2025-12-02;2;1.0193189215
17;2025-12-02;3;1.0193189215
17;2025-12-02;4;1.0193189215
17;2025-12-02;5;1.0193189215
17;2025-12-02;6;1.0193189215
17;2025-12-02;7;1.0193189215
17;2025-12-02;8;1.0193189215
17;2025-12-02;9;1.0193189215
17;2025-12-02;10;1.0193189215
17;2025-12-02;11;1.0193189215
17;2025-12-02;12;1.0193189215
17;2025-12-02;13;1.0193189215
17;2025-12-02;14;1.0193189215
17;2025-12-02;15;1.0193189215
17;2025-12-02;16;1.0193189215
17;2025-12-02;17;1.0193189215
17;2025-12-02;18;1.0193189215
17;2025-12-02;19;1.0193189215
17;2025-12-02;20;1.0193189215
17;2025-12-02;21;1.0193189215
17;2025-12-02;22;1.0193189215
17;2025-12-02;23;1.0193189215
17;2025-12-03;0;1.0174116211
17;2025-12-03;1;1.0174116211
17;2025-12-03;2;1.0174116211
17;2025-12-03;3;1.0174116211
17;2025-12-03;4;1.0174116211
17;2025-12-03;5;1.0174116211
17;2025-12-03;6;1.0174116211
17;2025-12-03;7;1.0174116211
17;2025-12-03;8;1.0174116211
17;2025-12-03;9;1.0174116211
17;2025-12-03;10;1.0174116211
17;2025-12-03;11;1.0174116211
17;2025-12-03;12;1.0174116211
17;2025-12-03;13;1.0174116211
17;2025-12-03;14;1.0174116211
17;2025-12-03;15;1.0174116211
17;2025-12-03;16;1.0174116211
17;2025-12-03;17;1.0174116211
17;2025-12-03;18;1.0174116211
17;2025-12-03;19;1.0174116211
17;2025-12-03;20;1.0174116211
17;2025-12-03;21;1.0174116211
17;2025-12-03;22;1.0174116211
17;2025-12-03;23;1.0174116211
17;2025-12-04;0;1.0180140162
17;2025-12-04;1;1.0180140162
17;2025-12-04;2;1.0180140162
17;2025-12-04;3;1.0180140162
17;2025-12-04;4;1.0180140162
17;2025-12-04;5;1.0180140162
17;2025-12-04;6;1.0180140162
17;2025-12-04;7;1.0180140162
17;2025-12-04;8;1.0180140162
17;2025-12-04;9;1.0180140162
17;2025-12-04;10;1.0180140162
17;2025-12-04;11;1.0180140162
17;2025-12-04;12;1.0180140162
17;2025-12-04;13;1.0180140162
17;2025-12-04;14;1.0180140162
17;2025-12-04;15;1.0180140162
17;2025-12-04;16;1.0180140162
17;2025-12-04;17;1.0180140162
17;2025-12-04;18;1.0180140162
17;2025-12-04;19;1.0180140162
17;2025-12-04;20;1.0180140162
17;2025-12-04;21;1.0180140162
17;2025-12-04;22;1.0180140162
17;2025-12-04;23;1.0180140162
17;2025-12-05;0;1.0178830215
17;2025-12-05;1;1.0178830215
17;2025-12-05;2;1.0178830215
17;2025-12-05;3;1.0178830215
17;2025-12-05;4;1.0178830215
17;2025-12-05;5;1.0178830215
17;2025-12-05;6;1.0178830215
17;2025-12-05;7;1.0178830215
17;2025-12-05;8;1.0178830215
17;2025-12-05;9;1.0178830215
17;2025-12-05;10;1.0178830215
17;2025-12-05;11;1.0178830215
17;2025-12-05;12;1.0178830215
17;2025-12-05;13;1.0178830215
17;2025-12-05;14;1.0178830215
17;2025-12-05;15;1.0178830215
17;2025-12-05;16;1.0178830215
17;2025-12-05;17;1.0178830215
17;2025-12-05;18;1.0178830215
17;2025-12-05;19;1.0178830215
17;2025-12-05;20;1.0178830215
17;2025-12-05;21;1.0178830215
17;2025-12-05;22;1.0178830215
17;2025-12-05;23;1.0178830215
17;2025-12-06;0;1.0225607576
17;2025-12-06;1;1.0225607576
17;2025-12-06;2;1.0225607576
17;2025-12-06;3;1.0225607576
17;2025-12-06;4;1.0225607576
17;2025-12-06;5;1.0225607576
17;2025-12-06;6;1.0225607576
17;2025-12-06;7;1.0225607576
17;2025-12-06;8;1.0225607576
17;2025-12-06;9;1.0225607576
17;2025-12-06;10;1.0225607576
17;2025-12-06;11;1.0225607576
17;2025-12-06;12;1.0225607576
17;2025-12-06;13;1.0225607576
17;2025-12-06;14;1.0225607576
17;2025-12-06;15;1.0225607576
17;2025-12-06;16;1.0225607576
17;2025-12-06;17;1.0225607576
17;2025-12-06;18;1.0225607576
17;2025-12-06;19;1.0225607576
17;2025-12-06;20;1.0225607576
17;2025-12-06;21;1.0225607576
17;2025-12-06;22;1.0225607576
17;2025-12-06;23;1.0225607576
17;2025-12-07;0;1.0201393269
17;2025-12-07;1;1.0201393269
17;2025-12-07;2;1.0201393269
17;2025-12-07;3;1.0201393269
17;2025-12-07;4;1.0201393269
17;2025-12-07;5;1.0201393269
17;2025-12-07;6;1.0201393269
17;2025-12-07;7;1.0201393269
17;2025-12-07;8;1.0201393269
17;2025-12-07;9;1.0201393269
17;2025-12-07;10;1.0201393269
17;2025-12-07;11;1.0201393269
17;2025-12-07;12;1.0201393269
17;2025-12-07;13;1.0201393269
17;2025-12-07;14;1.0201393269
17;2025-12-07;15;1.0201393269
17;2025-12-07;16;1.0201393269
17;2025-12-07;17;1.0201393269
17;2025-12-07;18;1.0201393269
17;2025-12-07;19;1.0201393269
17;2025-12-07;20;1.0201393269
17;2025-12-07;21;1.0201393269
17;2025-12-07;22;1.0201393269
17;2025-12-07;23;1.0201393269
17;2025-12-08;0;1.019955215
17;2025-12-08;1;1.019955215
17;2025-12-08;2;1.019955215
17;2025-12-08;3;1.019955215
17;2025-12-08;4;1.019955215
17;2025-12-08;5;1.019955215
17;2025-12-08;6;1.019955215
17;2025-12-08;7;1.019955215
17;2025-12-08;8;1.019955215
17;2025-12-08;9;1.019955215
17;2025-12-08;10;1.019955215
17;2025-12-08;11;1.019955215
17;2025-12-08;12;1.019955215
17;2025-12-08;13;1.019955215
17;2025-12-08;14;1.019955215
17;2025-12-08;15;1.019955215
17;2025-12-08;16;1.019955215
17;2025-12-08;17;1.019955215
17;2025-12-08;18;1.019955215
17;2025-12-08;19;1.019955215
17;2025-12-08;20;1.019955215
17;2025-12-08;21;1.019955215
17;2025-12-08;22;1.019955215
17;2025-12-08;23;1.019955215
17;2025-12-09;0;1.0189864529
17;2025-12-09;1;1.0189864529
17;2025-12-09;2;1.0189864529
17;2025-12-09;3;1.0189864529
17;2025-12-09;4;1.0189864529
17;2025-12-09;5;1.0189864529
17;2025-12-09;6;1.0189864529
17;2025-12-09;7;1.0189864529
17;2025-12-09;8;1.0189864529
17;2025-12-09;9;1.0189864529
17;2025-12-09;10;1.0189864529
17;2025-12-09;11;1.0189864529
17;2025-12-09;12;1.0189864529
17;2025-12-09;13;1.0189864529
17;2025-12-09;14;1.0189864529
17;2025-12-09;15;1.0189864529
17;2025-12-09;16;1.0189864529
17;2025-12-09;17;1.0189864529
17;2025-12-09;18;1.0189864529
17;2025-12-09;19;1.0189864529
17;2025-12-09;20;1.0189864529
17;2025-12-09;21;1.0189864529
17;2025-12-09;22;1.0189864529
17;2025-12-09;23;1.0189864529
17;2025-12-10;0;1.0019134075
17;2025-12-10;1;1.0019134075
17;2025-12-10;2;1.0019134075
17;2025-12-10;3;1.0019134075
17;2025-12-10;4;1.0019134075
17;2025-12-10;5;1.0019134075
17;2025-12-10;6;1.0019134075
17;2025-12-10;7;1.0019134075
17;2025-12-10;8;1.0019134075
17;2025-12-10;9;1.0019134075
17;2025-12-10;10;1.0019134075
17;2025-12-10;11;1.0019134075
17;2025-12-10;12;1.0019134075
17;2025-12-10;13;1.0019134075
17;2025-12-10;14;1.0019134075
17;2025-12-10;15;1.0019134075
17;2025-12-10;16;1.0019134075
17;2025-12-10;17;1.0019134075
17;2025-12-10;18;1.0019134075
17;2025-12-10;19;1.0019134075
17;2025-12-10;20;1.0019134075
17;2025-12-10;21;1.0019134075
17;2025-12-10;22;1.0019134075
17;2025-12-10;23;1.0019134075
17;2025-12-11;0;0.9781930488
17;2025-12-11;1;0.9781930488
17;2025-12-11;2;0.9781930488
17;2025-12-11;3;0.9781930488
17;2025-12-11;4;0.9781930488
17;2025-12-11;5;0.9781930488
17;2025-12-11;6;0.9781930488
17;2025-12-11;7;0.9781930488
17;2025-12-11;8;0.9781930488
17;2025-12-11;9;0.9781930488
17;2025-12-11;10;0.9781930488
17;2025-12-11;11;0.9781930488
17;2025-12-11;12;0.9781930488
17;2025-12-11;13;0.9781930488
17;2025-12-11;14;0.9781930488
17;2025-12-11;15;0.9781930488
17;2025-12-11;16;0.9781930488
17;2025-12-11;17;0.9781930488
17;2025-12-11;18;0.9781930488
17;2025-12-11;19;0.9781930488
17;2025-12-11;20;0.9781930488
17;2025-12-11;21;0.9781930488
17;2025-12-11;22;0.9781930488
17;2025-12-11;23;0.9781930488
17;2025-12-12;0;0.982102108
17;2025-12-12;1;0.982102108
17;2025-12-12;2;0.982102108
17;2025-12-12;3;0.982102108
17;2025-12-12;4;0.982102108
17;2025-12-12;5;0.982102108
17;2025-12-12;6;0.982102108
17;2025-12-12;7;0.982102108
17;2025-12-12;8;0.982102108
17;2025-12-12;9;0.982102108
17;2025-12-12;10;0.982102108
17;2025-12-12;11;0.982102108
17;2025-12-12;12;0.982102108
17;2025-12-12;13;0.982102108
17;2025-12-12;14;0.982102108
17;2025-12-12;15;0.982102108
17;2025-12-12;16;0.982102108
17;2025-12-12;17;0.982102108
17;2025-12-12;18;0.982102108
17;2025-12-12;19;0.982102108
17;2025-12-12;20;0.982102108
17;2025-12-12;21;0.982102108
17;2025-12-12;22;0.982102108
17;2025-12-12;23;0.982102108
17;2025-12-13;0;1.004975156
17;2025-12-13;1;1.004975156
17;2025-12-13;2;1.004975156
17;2025-12-13;3;1.004975156
17;2025-12-13;4;1.004975156
17;2025-12-13;5;1.004975156
17;2025-12-13;6;1.004975156
17;2025-12-13;7;1.004975156
17;2025-12-13;8;1.004975156
17;2025-12-13;9;1.004975156
17;2025-12-13;10;1.004975156
17;2025-12-13;11;1.004975156
17;2025-12-13;12;1.004975156
17;2025-12-13;13;1.004975156
17;2025-12-13;14;1.004975156
17;2025-12-13;15;1.004975156
17;2025-12-13;16;1.004975156
17;2025-12-13;17;1.004975156
17;2025-12-13;18;1.004975156
17;2025-12-13;19;1.004975156
17;2025-12-13;20;1.004975156
17;2025-12-13;21;1.004975156
17;2025-12-13;22;1.004975156
17;2025-12-13;23;1.004975156
17;2025-12-14;0;1.0130396388
17;2025-12-14;1;1.0130396388
17;2025-12-14;2;1.0130396388
17;2025-12-14;3;1.0130396388
17;2025-12-14;4;1.0130396388
17;2025-12-14;5;1.0130396388
17;2025-12-14;6;1.0130396388
17;2025-12-14;7;1.0130396388
17;2025-12-14;8;1.0130396388
17;2025-12-14;9;1.0130396388
17;2025-12-14;10;1.0130396388
17;2025-12-14;11;1.0130396388
17;2025-12-14;12;1.0130396388
17;2025-12-14;13;1.0130396388
17;2025-12-14;14;1.0130396388
17;2025-12-14;15;1.0130396388
17;2025-12-14;16;1.0130396388
17;2025-12-14;17;1.0130396388
17;2025-12-14;18;1.0130396388
17;2025-12-14;19;1.0130396388
17;2025-12-14;20;1.0130396388
17;2025-12-14;21;1.0130396388
17;2025-12-14;22;1.0130396388
17;2025-12-14;23;1.0130396388
17;2025-12-15;0;1.010411109
17;2025-12-15;1;1.010411109
17;2025-12-15;2;1.010411109
17;2025-12-15;3;1.010411109
17;2025-12-15;4;1.010411109
17;2025-12-15;5;1.010411109
17;2025-12-15;6;1.010411109
17;2025-12-15;7;1.010411109
17;2025-12-15;8;1.010411109
17;2025-12-15;9;1.010411109
17;2025-12-15;10;1.010411109
17;2025-12-15;11;1.010411109
17;2025-12-15;12;1.010411109
17;2025-12-15;13;1.010411109
17;2025-12-15;14;1.010411109
17;2025-12-15;15;1.010411109
17;2025-12-15;16;1.010411109
17;2025-12-15;17;1.010411109
17;2025-12-15;18;1.010411109
17;2025-12-15;19;1.010411109
17;2025-12-15;20;1.010411109
17;2025-12-15;21;1.010411109
17;2025-12-15;22;1.010411109
17;2025-12-15;23;1.010411109
17;2025-12-16;0;1.0014827165
17;2025-12-16;1;1.0014827165
17;2025-12-16;2;1.0014827165
17;2025-12-16;3;1.0014827165
17;2025-12-16;4;1.0014827165
17;2025-12-16;5;1.0014827165
17;2025-12-16;6;1.0014827165
17;2025-12-16;7;1.0014827165
17;2025-12-16;8;1.0014827165
17;2025-12-16;9;1.0014827165
17;2025-12-16;10;1.0014827165
17;2025-12-16;11;1.0014827165
17;2025-12-16;12;1.0014827165
17;2025-12-16;13;1.0014827165
17;2025-12-16;14;1.0014827165
17;2025-12-16;15;1.0014827165
17;2025-12-16;16;1.0014827165
17;2025-12-16;17;1.0014827165
17;2025-12-16;18;1.0014827165
17;2025-12-16;19;1.0014827165
17;2025-12-16;20;1.0014827165
17;2025-12-16;21;1.0014827165
17;2025-12-16;22;1.0014827165
17;2025-12-16;23;1.0014827165
17;2025-12-17;0;1.0105903005
17;2025-12-17;1;1.0105903005
17;2025-12-17;2;1.0105903005
17;2025-12-17;3;1.0105903005
17;2025-12-17;4;1.0105903005
17;2025-12-17;5;1.0105903005
17;2025-12-17;6;1.0105903005
17;2025-12-17;7;1.0105903005
17;2025-12-17;8;1.0105903005
17;2025-12-17;9;1.0105903005
17;2025-12-17;10;1.0105903005
17;2025-12-17;11;1.0105903005
17;2025-12-17;12;1.0105903005
17;2025-12-17;13;1.0105903005
17;2025-12-17;14;1.0105903005
17;2025-12-17;15;1.0105903005
17;2025-12-17;16;1.0105903005
17;2025-12-17;17;1.0105903005
17;2025-12-17;18;1.0105903005
17;2025-12-17;19;1.0105903005
17;2025-12-17;20;1.0105903005
17;2025-12-17;21;1.0105903005
17;2025-12-17;22;1.0105903005
17;2025-12-17;23;1.0105903005
17;2025-12-18;0;1.0161926156
17;2025-12-18;1;1.0161926156
17;2025-12-18;2;1.0161926156
17;2025-12-18;3;1.0161926156
17;2025-12-18;4;1.0161926156
17;2025-12-18;5;1.0161926156
17;2025-12-18;6;1.0161926156
17;2025-12-18;7;1.0161926156
17;2025-12-18;8;1.0161926156
17;2025-12-18;9;1.0161926156
17;2025-12-18;10;1.0161926156
17;2025-12-18;11;1.0161926156
17;2025-12-18;12;1.0161926156
17;2025-12-18;13;1.0161926156
17;2025-12-18;14;1.0161926156
17;2025-12-18;15;1.0161926156
17;2025-12-18;16;1.0161926156
17;2025-12-18;17;1.0161926156
17;2025-12-18;18;1.0161926156
17;2025-12-18;19;1.0161926156
17;2025-12-18;20;1.0161926156
17;2025-12-18;21;1.0161926156
17;2025-12-18;22;1.0161926156
17;2025-12-18;23;1.0161926156
17;2025-12-19;0;1.008804227
17;2025-12-19;1;1.008804227
17;2025-12-19;2;1.008804227
17;2025-12-19;3;1.008804227
17;2025-12-19;4;1.008804227
17;2025-12-19;5;1.008804227
17;2025-12-19;6;1.008804227
17;2025-12-19;7;1.008804227
17;2025-12-19;8;1.008804227
17;2025-12-19;9;1.008804227
17;2025-12-19;10;1.008804227
17;2025-12-19;11;1.008804227
17;2025-12-19;12;1.008804227
17;2025-12-19;13;1.008804227
17;2025-12-19;14;1.008804227
17;2025-12-19;15;1.008804227
17;2025-12-19;16;1.008804227
17;2025-12-19;17;1.008804227
17;2025-12-19;18;1.008804227
17;2025-12-19;19;1.008804227
17;2025-12-19;20;1.008804227
17;2025-12-19;21;1.008804227
17;2025-12-19;22;1.008804227
17;2025-12-19;23;1.008804227
17;2025-12-20;0;1.0197878046
17;2025-12-20;1;1.0197878046
17;2025-12-20;2;1.0197878046
17;2025-12-20;3;1.0197878046
17;2025-12-20;4;1.0197878046
17;2025-12-20;5;1.0197878046
17;2025-12-20;6;1.0197878046
17;2025-12-20;7;1.0197878046
17;2025-12-20;8;1.0197878046
17;2025-12-20;9;1.0197878046
17;2025-12-20;10;1.0197878046
17;2025-12-20;11;1.0197878046
17;2025-12-20;12;1.0197878046
17;2025-12-20;13;1.0197878046
17;2025-12-20;14;1.0197878046
17;2025-12-20;15;1.0197878046
17;2025-12-20;16;1.0197878046
17;2025-12-20;17;1.0197878046
17;2025-12-20;18;1.0197878046
17;2025-12-20;19;1.0197878046
17;2025-12-20;20;1.0197878046
17;2025-12-20;21;1.0197878046
17;2025-12-20;22;1.0197878046
17;2025-12-20;23;1.0197878046
17;2025-12-21;0;1.0088438227
17;2025-12-21;1;1.0088438227
17;2025-12-21;2;1.0088438227
17;2025-12-21;3;1.0088438227
17;2025-12-21;4;1.0088438227
17;2025-12-21;5;1.0088438227
17;2025-12-21;6;1.0088438227
17;2025-12-21;7;1.0088438227
17;2025-12-21;8;1.0088438227
17;2025-12-21;9;1.0088438227
17;2025-12-21;10;1.0088438227
17;2025-12-21;11;1.0088438227
17;2025-12-21;12;1.0088438227
17;2025-12-21;13;1.0088438227
17;2025-12-21;14;1.0088438227
17;2025-12-21;15;1.0088438227
17;2025-12-21;16;1.0088438227
17;2025-12-21;17;1.0088438227
17;2025-12-21;18;1.0088438227
17;2025-12-21;19;1.0088438227
17;2025-12-21;20;1.0088438227
17;2025-12-21;21;1.0088438227
17;2025-12-21;22;1.0088438227
17;2025-12-21;23;1.0088438227
17;2025-12-22;0;0.9985668884
17;2025-12-22;1;0.9985668884
17;2025-12-22;2;0.9985668884
17;2025-12-22;3;0.9985668884
17;2025-12-22;4;0.9985668884
17;2025-12-22;5;0.9985668884
17;2025-12-22;6;0.9985668884
17;2025-12-22;7;0.9985668884
17;2025-12-22;8;0.9985668884
17;2025-12-22;9;0.9985668884
17;2025-12-22;10;0.9985668884
17;2025-12-22;11;0.9985668884
17;2025-12-22;12;0.9985668884
17;2025-12-22;13;0.9985668884
17;2025-12-22;14;0.9985668884
17;2025-12-22;15;0.9985668884
17;2025-12-22;16;0.9985668884
17;2025-12-22;17;0.9985668884
17;2025-12-22;18;0.9985668884
17;2025-12-22;19;0.9985668884
17;2025-12-22;20;0.9985668884
17;2025-12-22;21;0.9985668884
17;2025-12-22;22;0.9985668884
17;2025-12-22;23;0.9985668884
17;2025-12-23;0;1.0192875175
17;2025-12-23;1;1.0192875175
17;2025-12-23;2;1.0192875175
17;2025-12-23;3;1.0192875175
17;2025-12-23;4;1.0192875175
17;2025-12-23;5;1.0192875175
17;2025-12-23;6;1.0192875175
17;2025-12-23;7;1.0192875175
17;2025-12-23;8;1.0192875175
17;2025-12-23;9;1.0192875175
17;2025-12-23;10;1.0192875175
17;2025-12-23;11;1.0192875175
17;2025-12-23;12;1.0192875175
17;2025-12-23;13;1.0192875175
17;2025-12-23;14;1.0192875175
17;2025-12-23;15;1.0192875175
17;2025-12-23;16;1.0192875175
17;2025-12-23;17;1.0192875175
17;2025-12-23;18;1.0192875175
17;2025-12-23;19;1.0192875175
17;2025-12-23;20;1.0192875175
17;2025-12-23;21;1.0192875175
17;2025-12-23;22;1.0192875175
17;2025-12-23;23;1.0192875175
17;2025-12-24;0;1.0095017615
17;2025-12-24;1;1.0095017615
17;2025-12-24;2;1.0095017615
17;2025-12-24;3;1.0095017615
17;2025-12-24;4;1.0095017615
17;2025-12-24;5;1.0095017615
17;2025-12-24;6;1.0095017615
17;2025-12-24;7;1.0095017615
17;2025-12-24;8;1.0095017615
17;2025-12-24;9;1.0095017615
17;2025-12-24;10;1.0095017615
17;2025-12-24;11;1.0095017615
17;2025-12-24;12;1.0095017615
17;2025-12-24;13;1.0095017615
17;2025-12-24;14;1.0095017615
17;2025-12-24;15;1.0095017615
17;2025-12-24;16;1.0095017615
17;2025-12-24;17;1.0095017615
17;2025-12-24;18;1.0095017615
17;2025-12-24;19;1.0095017615
17;2025-12-24;20;1.0095017615
17;2025-12-24;21;1.0095017615
17;2025-12-24;22;1.0095017615
17;2025-12-24;23;1.0095017615
17;2025-12-25;0;0.9973660558
17;2025-12-25;1;0.9973660558
17;2025-12-25;2;0.9973660558
17;2025-12-25;3;0.9973660558
17;2025-12-25;4;0.9973660558
17;2025-12-25;5;0.9973660558
17;2025-12-25;6;0.9973660558
17;2025-12-25;7;0.9973660558
17;2025-12-25;8;0.9973660558
17;2025-12-25;9;0.9973660558
17;2025-12-25;10;0.9973660558
17;2025-12-25;11;0.9973660558
17;2025-12-25;12;0.9973660558
17;2025-12-25;13;0.9973660558
17;2025-12-25;14;0.9973660558
17;2025-12-25;15;0.9973660558
17;2025-12-25;16;0.9973660558
17;2025-12-25;17;0.9973660558
17;2025-12-25;18;0.9973660558
17;2025-12-25;19;0.9973660558
17;2025-12-25;20;0.9973660558
17;2025-12-25;21;0.9973660558
17;2025-12-25;22;0.9973660558
17;2025-12-25;23;0.9973660558
17;2025-12-26;0;0.9817212151
17;2025-12-26;1;0.9817212151
17;2025-12-26;2;0.9817212151
17;2025-12-26;3;0.9817212151
17;2025-12-26;4;0.9817212151
17;2025-12-26;5;0.9817212151
17;2025-12-26;6;0.9817212151
17;2025-12-26;7;0.9817212151
17;2025-12-26;8;0.9817212151
17;2025-12-26;9;0.9817212151
17;2025-12-26;10;0.9817212151
17;2025-12-26;11;0.9817212151
17;2025-12-26;12;0.9817212151
17;2025-12-26;13;0.9817212151
17;2025-12-26;14;0.9817212151
17;2025-12-26;15;0.9817212151
17;2025-12-26;16;0.9817212151
17;2025-12-26;17;0.9817212151
17;2025-12-26;18;0.9817212151
17;2025-12-26;19;0.9817212151
17;2025-12-26;20;0.9817212151
17;2025-12-26;21;0.9817212151
17;2025-12-26;22;0.9817212151
17;2025-12-26;23;0.9817212151
17;2025-12-27;0;1.0139519686
17;2025-12-27;1;1.0139519686
17;2025-12-27;2;1.0139519686
17;2025-12-27;3;1.0139519686
17;2025-12-27;4;1.0139519686
17;2025-12-27;5;1.0139519686
17;2025-12-27;6;1.0139519686
17;2025-12-27;7;1.0139519686
17;2025-12-27;8;1.0139519686
17;2025-12-27;9;1.0139519686
17;2025-12-27;10;1.0139519686
17;2025-12-27;11;1.0139519686
17;2025-12-27;12;1.0139519686
17;2025-12-27;13;1.0139519686
17;2025-12-27;14;1.0139519686
17;2025-12-27;15;1.0139519686
17;2025-12-27;16;1.0139519686
17;2025-12-27;17;1.0139519686
17;2025-12-27;18;1.0139519686
17;2025-12-27;19;1.0139519686
17;2025-12-27;20;1.0139519686
17;2025-12-27;21;1.0139519686
17;2025-12-27;22;1.0139519686
17;2025-12-27;23;1.0139519686
17;2025-12-28;0;0.9982909579
17;2025-12-28;1;0.9982909579
17;2025-12-28;2;0.9982909579
17;2025-12-28;3;0.9982909579
17;2025-12-28;4;0.9982909579
17;2025-12-28;5;0.9982909579
17;2025-12-28;6;0.9982909579
17;2025-12-28;7;0.9982909579
17;2025-12-28;8;0.9982909579
17;2025-12-28;9;0.9982909579
17;2025-12-28;10;0.9982909579
17;2025-12-28;11;0.9982909579
17;2025-12-28;12;0.9982909579
17;2025-12-28;13;0.9982909579
17;2025-12-28;14;0.9982909579
17;2025-12-28;15;0.9982909579
17;2025-12-28;16;0.9982909579
17;2025-12-28;17;0.9982909579
17;2025-12-28;18;0.9982909579
17;2025-12-28;19;0.9982909579
17;2025-12-28;20;0.9982909579
17;2025-12-28;21;0.9982909579
17;2025-12-28;22;0.9982909579
17;2025-12-28;23;0.9982909579
17;2025-12-29;0;0.9982595385
17;2025-12-29;1;0.9982595385
17;2025-12-29;2;0.9982595385
17;2025-12-29;3;0.9982595385
17;2025-12-29;4;0.9982595385
17;2025-12-29;5;0.9982595385
17;2025-12-29;6;0.9982595385
17;2025-12-29;7;0.9982595385
17;2025-12-29;8;0.9982595385
17;2025-12-29;9;0.9982595385
17;2025-12-29;10;0.9982595385
17;2025-12-29;11;0.9982595385
17;2025-12-29;12;0.9982595385
17;2025-12-29;13;0.9982595385
17;2025-12-29;14;0.9982595385
17;2025-12-29;15;0.9982595385
17;2025-12-29;16;0.9982595385
17;2025-12-29;17;0.9982595385
17;2025-12-29;18;0.9982595385
17;2025-12-29;19;0.9982595385
17;2025-12-29;20;0.9982595385
17;2025-12-29;21;0.9982595385
17;2025-12-29;22;0.9982595385
17;2025-12-29;23;0.9982595385
17;2025-12-30;0;0.9929794461
17;2025-12-30;1;0.9929794461
17;2025-12-30;2;0.9929794461
17;2025-12-30;3;0.9929794461
17;2025-12-30;4;0.9929794461
17;2025-12-30;5;0.9929794461
17;2025-12-30;6;0.9929794461
17;2025-12-30;7;0.9929794461
17;2025-12-30;8;0.9929794461
17;2025-12-30;9;0.9929794461
17;2025-12-30;10;0.9929794461
17;2025-12-30;11;0.9929794461
17;2025-12-30;12;0.9929794461
17;2025-12-30;13;0.9929794461
17;2025-12-30;14;0.9929794461
17;2025-12-30;15;0.9929794461
17;2025-12-30;16;0.9929794461
17;2025-12-30;17;0.9929794461
17;2025-12-30;18;0.9929794461
17;2025-12-30;19;0.9929794461
17;2025-12-30;20;0.9929794461
17;2025-12-30;21;0.9929794461
17;2025-12-30;22;0.9929794461
17;2025-12-30;23;0.9929794461
17;2025-12-31;0;0.9962337904
17;2025-12-31;1;0.9962337904
17;2025-12-31;2;0.9962337904
17;2025-12-31;3;0.9962337904
17;2025-12-31;4;0.9962337904
17;2025-12-31;5;0.9962337904
17;2025-12-31;6;0.9962337904
17;2025-12-31;7;0.9962337904
17;2025-12-31;8;0.9962337904
17;2025-12-31;9;0.9962337904
17;2025-12-31;10;0.9962337904
17;2025-12-31;11;0.9962337904
17;2025-12-31;12;0.9962337904
17;2025-12-31;13;0.9962337904
17;2025-12-31;14;0.9962337904
17;2025-12-31;15;0.9962337904
17;2025-12-31;16;0.9962337904
17;2025-12-31;17;0.9962337904
17;2025-12-31;18;0.9962337904
17;2025-12-31;19;0.9962337904
17;2025-12-31;20;0.9962337904
17;2025-12-31;21;0.9962337904
17;2025-12-31;22;0.9962337904
17;2025-12-31;23;0.9962337904
25;2025-11-01;0;1.0033501847
25;2025-11-01;1;1.0033501847
25;2025-11-01;2;1.0033501847
25;2025-11-01;3;1.0033501847
25;2025-11-01;4;1.0033501847
25;2025-11-01;5;1.0033501847
25;2025-11-01;6;1.0033501847
25;2025-11-01;7;1.0033501847
25;2025-11-01;8;1.0033501847
25;2025-11-01;9;1.0033501847
25;2025-11-01;10;1.0033501847
25;2025-11-01;11;1.0033501847
25;2025-11-01;12;1.0033501847
25;2025-11-01;13;1.0033501847
25;2025-11-01;14;1.0033501847
25;2025-11-01;15;1.0033501847
25;2025-11-01;16;1.0033501847
25;2025-11-01;17;1.0033501847
25;2025-11-01;18;1.0033501847
25;2025-11-01;19;1.0033501847
25;2025-11-01;20;1.0033501847
25;2025-11-01;21;1.0033501847
25;2025-11-01;22;1.0033501847
25;2025-11-01;23;1.0033501847
25;2025-11-02;0;1.0124848764
25;2025-11-02;1;1.0124848764
25;2025-11-02;2;1.0124848764
25;2025-11-02;3;1.0124848764
25;2025-11-02;4;1.0124848764
25;2025-11-02;5;1.0124848764
25;2025-11-02;6;1.0124848764
25;2025-11-02;7;1.0124848764
25;2025-11-02;8;1.0124848764
25;2025-11-02;9;1.0124848764
25;2025-11-02;10;1.0124848764
25;2025-11-02;11;1.0124848764
25;2025-11-02;12;1.0124848764
25;2025-11-02;13;1.0124848764
25;2025-11-02;14;1.0124848764
25;2025-11-02;15;1.0124848764
25;2025-11-02;16;1.0124848764
25;2025-11-02;17;1.0124848764
25;2025-11-02;18;1.0124848764
25;2025-11-02;19;1.0124848764
25;2025-11-02;20;1.0124848764
25;2025-11-02;21;1.0124848764
25;2025-11-02;22;1.0124848764
25;2025-11-02;23;1.0124848764
25;2025-11-03;0;0.9629288565
25;2025-11-03;1;0.9629288565
25;2025-11-03;2;0.9629288565
25;2025-11-03;3;0.9629288565
25;2025-11-03;4;0.9629288565
25;2025-11-03;5;0.9629288565
25;2025-11-03;6;0.9629288565
25;2025-11-03;7;0.9629288565
25;2025-11-03;8;0.9629288565
25;2025-11-03;9;0.9629288565
25;2025-11-03;10;0.9629288565
25;2025-11-03;11;0.9629288565
25;2025-11-03;12;0.9629288565
25;2025-11-03;13;0.9629288565
25;2025-11-03;14;0.9629288565
25;2025-11-03;15;0.9629288565
25;2025-11-03;16;0.9629288565
25;2025-11-03;17;0.9629288565
25;2025-11-03;18;0.9629288565
25;2025-11-03;19;0.9629288565
25;2025-11-03;20;0.9629288565
25;2025-11-03;21;0.9629288565
25;2025-11-03;22;0.9629288565
25;2025-11-03;23;0.9629288565
25;2025-11-04;0;0.9588181512
25;2025-11-04;1;0.9588181512
25;2025-11-04;2;0.9588181512
25;2025-11-04;3;0.9588181512
25;2025-11-04;4;0.9588181512
25;2025-11-04;5;0.9588181512
25;2025-11-04;6;0.9588181512
25;2025-11-04;7;0.9588181512
25;2025-11-04;8;0.9588181512
25;2025-11-04;9;0.9588181512
25;2025-11-04;10;0.9588181512
25;2025-11-04;11;0.9588181512
25;2025-11-04;12;0.9588181512
25;2025-11-04;13;0.9588181512
25;2025-11-04;14;0.9588181512
25;2025-11-04;15;0.9588181512
25;2025-11-04;16;0.9588181512
25;2025-11-04;17;0.9588181512
25;2025-11-04;18;0.9588181512
25;2025-11-04;19;0.9588181512
25;2025-11-04;20;0.9588181512
25;2025-11-04;21;0.9588181512
25;2025-11-04;22;0.9588181512
25;2025-11-04;23;0.9588181512
25;2025-11-05;0;1.0100789129
25;2025-11-05;1;1.0100789129
25;2025-11-05;2;1.0100789129
25;2025-11-05;3;1.0100789129
25;2025-11-05;4;1.0100789129
25;2025-11-05;5;1.0100789129
25;2025-11-05;6;1.0100789129
25;2025-11-05;7;1.0100789129
25;2025-11-05;8;1.0100789129
25;2025-11-05;9;1.0100789129
25;2025-11-05;10;1.0100789129
25;2025-11-05;11;1.0100789129
25;2025-11-05;12;1.0100789129
25;2025-11-05;13;1.0100789129
25;2025-11-05;14;1.0100789129
25;2025-11-05;15;1.0100789129
25;2025-11-05;16;1.0100789129
25;2025-11-05;17;1.0100789129
25;2025-11-05;18;1.0100789129
25;2025-11-05;19;1.0100789129
25;2025-11-05;20;1.0100789129
25;2025-11-05;21;1.0100789129
25;2025-11-05;22;1.0100789129
25;2025-11-05;23;1.0100789129
25;2025-11-06;0;1.0019496343
25;2025-11-06;1;1.0019496343
25;2025-11-06;2;1.0019496343
25;2025-11-06;3;1.0019496343
25;2025-11-06;4;1.0019496343
25;2025-11-06;5;1.0019496343
25;2025-11-06;6;1.0019496343
25;2025-11-06;7;1.0019496343
25;2025-11-06;8;1.0019496343
25;2025-11-06;9;1.0019496343
25;2025-11-06;10;1.0019496343
25;2025-11-06;11;1.0019496343
25;2025-11-06;12;1.0019496343
25;2025-11-06;13;1.0019496343
25;2025-11-06;14;1.0019496343
25;2025-11-06;15;1.0019496343
25;2025-11-06;16;1.0019496343
25;2025-11-06;17;1.0019496343
25;2025-11-06;18;1.0019496343
25;2025-11-06;19;1.0019496343
25;2025-11-06;20;1.0019496343
25;2025-11-06;21;1.0019496343
25;2025-11-06;22;1.0019496343
25;2025-11-06;23;1.0019496343
25;2025-11-07;0;0.9989712675
25;2025-11-07;1;0.9989712675
25;2025-11-07;2;0.9989712675
25;2025-11-07;3;0.9989712675
25;2025-11-07;4;0.9989712675
25;2025-11-07;5;0.9989712675
25;2025-11-07;6;0.9989712675
25;2025-11-07;7;0.9989712675
25;2025-11-07;8;0.9989712675
25;2025-11-07;9;0.9989712675
25;2025-11-07;10;0.9989712675
25;2025-11-07;11;0.9989712675
25;2025-11-07;12;0.9989712675
25;2025-11-07;13;0.9989712675
25;2025-11-07;14;0.9989712675
25;2025-11-07;15;0.9989712675
25;2025-11-07;16;0.9989712675
25;2025-11-07;17;0.9989712675
25;2025-11-07;18;0.9989712675
25;2025-11-07;19;0.9989712675
25;2025-11-07;20;0.9989712675
25;2025-11-07;21;0.9989712675
25;2025-11-07;22;0.9989712675
25;2025-11-07;23;0.9989712675
25;2025-11-08;0;1.0108448303
25;2025-11-08;1;1.0108448303
25;2025-11-08;2;1.0108448303
25;2025-11-08;3;1.0108448303
25;2025-11-08;4;1.0108448303
25;2025-11-08;5;1.0108448303
25;2025-11-08;6;1.0108448303
25;2025-11-08;7;1.0108448303
25;2025-11-08;8;1.0108448303
25;2025-11-08;9;1.0108448303
25;2025-11-08;10;1.0108448303
25;2025-11-08;11;1.0108448303
25;2025-11-08;12;1.0108448303
25;2025-11-08;13;1.0108448303
25;2025-11-08;14;1.0108448303
25;2025-11-08;15;1.0108448303
25;2025-11-08;16;1.0108448303
25;2025-11-08;17;1.0108448303
25;2025-11-08;18;1.0108448303
25;2025-11-08;19;1.0108448303
25;2025-11-08;20;1.0108448303
25;2025-11-08;21;1.0108448303
25;2025-11-08;22;1.0108448303
25;2025-11-08;23;1.0108448303
25;2025-11-09;0;1.014749405
25;2025-11-09;1;1.014749405
25;2025-11-09;2;1.014749405
25;2025-11-09;3;1.014749405
25;2025-11-09;4;1.014749405
25;2025-11-09;5;1.014749405
25;2025-11-09;6;1.014749405
25;2025-11-09;7;1.014749405
25;2025-11-09;8;1.014749405
25;2025-11-09;9;1.014749405
25;2025-11-09;10;1.014749405
25;2025-11-09;11;1.014749405
25;2025-11-09;12;1.014749405
25;2025-11-09;13;1.014749405
25;2025-11-09;14;1.014749405
25;2025-11-09;15;1.014749405
25;2025-11-09;16;1.014749405
25;2025-11-09;17;1.014749405
25;2025-11-09;18;1.014749405
25;2025-11-09;19;1.014749405
25;2025-11-09;20;1.014749405
25;2025-11-09;21;1.014749405
25;2025-11-09;22;1.014749405
25;2025-11-09;23;1.014749405
25;2025-11-10;0;1.0109248975
25;2025-11-10;1;1.0109248975
25;2025-11-10;2;1.0109248975
25;2025-11-10;3;1.0109248975
25;2025-11-10;4;1.0109248975
25;2025-11-10;5;1.0109248975
25;2025-11-10;6;1.0109248975
25;2025-11-10;7;1.0109248975
25;2025-11-10;8;1.0109248975
25;2025-11-10;9;1.0109248975
25;2025-11-10;10;1.0109248975
25;2025-11-10;11;1.0109248975
25;2025-11-10;12;1.0109248975
25;2025-11-10;13;1.0109248975
25;2025-11-10;14;1.0109248975
25;2025-11-10;15;1.0109248975
25;2025-11-10;16;1.0109248975
25;2025-11-10;17;1.0109248975
25;2025-11-10;18;1.0109248975
25;2025-11-10;19;1.0109248975
25;2025-11-10;20;1.0109248975
25;2025-11-10;21;1.0109248975
25;2025-11-10;22;1.0109248975
25;2025-11-10;23;1.0109248975
25;2025-11-11;0;1.005353505
25;2025-11-11;1;1.005353505
25;2025-11-11;2;1.005353505
25;2025-11-11;3;1.005353505
25;2025-11-11;4;1.005353505
25;2025-11-11;5;1.005353505
25;2025-11-11;6;1.005353505
25;2025-11-11;7;1.005353505
25;2025-11-11;8;1.005353505
25;2025-11-11;9;1.005353505
25;2025-11-11;10;1.005353505
25;2025-11-11;11;1.005353505
25;2025-11-11;12;1.005353505
25;2025-11-11;13;1.005353505
25;2025-11-11;14;1.005353505
25;2025-11-11;15;1.005353505
25;2025-11-11;16;1.005353505
25;2025-11-11;17;1.005353505
25;2025-11-11;18;1.005353505
25;2025-11-11;19;1.005353505
25;2025-11-11;20;1.005353505
25;2025-11-11;21;1.005353505
25;2025-11-11;22;1.005353505
25;2025-11-11;23;1.005353505
25;2025-11-12;0;1.0025748042
25;2025-11-12;1;1.0025748042
25;2025-11-12;2;1.0025748042
25;2025-11-12;3;1.0025748042
25;2025-11-12;4;1.0025748042
25;2025-11-12;5;1.0025748042
25;2025-11-12;6;1.0025748042
25;2025-11-12;7;1.0025748042
25;2025-11-12;8;1.0025748042
25;2025-11-12;9;1.0025748042
25;2025-11-12;10;1.0025748042
25;2025-11-12;11;1.0025748042
25;2025-11-12;12;1.0025748042
25;2025-11-12;13;1.0025748042
25;2025-11-12;14;1.0025748042
25;2025-11-12;15;1.0025748042
25;2025-11-12;16;1.0025748042
25;2025-11-12;17;1.0025748042
25;2025-11-12;18;1.0025748042
25;2025-11-12;19;1.0025748042
25;2025-11-12;20;1.0025748042
25;2025-11-12;21;1.0025748042
25;2025-11-12;22;1.0025748042
25;2025-11-12;23;1.0025748042
25;2025-11-13;0;1.0013479095
25;2025-11-13;1;1.0013479095
25;2025-11-13;2;1.0013479095
25;2025-11-13;3;1.0013479095
25;2025-11-13;4;1.0013479095
25;2025-11-13;5;1.0013479095
25;2025-11-13;6;1.0013479095
25;2025-11-13;7;1.0013479095
25;2025-11-13;8;1.0013479095
25;2025-11-13;9;1.0013479095
25;2025-11-13;10;1.0013479095
25;2025-11-13;11;1.0013479095
25;2025-11-13;12;1.0013479095
25;2025-11-13;13;1.0013479095
25;2025-11-13;14;1.0013479095
25;2025-11-13;15;1.0013479095
25;2025-11-13;16;1.0013479095
25;2025-11-13;17;1.0013479095
25;2025-11-13;18;1.0013479095
25;2025-11-13;19;1.0013479095
25;2025-11-13;20;1.0013479095
25;2025-11-13;21;1.0013479095
25;2025-11-13;22;1.0013479095
25;2025-11-13;23;1.0013479095
25;2025-11-14;0;1.0026082378
25;2025-11-14;1;1.0026082378
25;2025-11-14;2;1.0026082378
25;2025-11-14;3;1.0026082378
25;2025-11-14;4;1.0026082378
25;2025-11-14;5;1.0026082378
25;2025-11-14;6;1.0026082378
25;2025-11-14;7;1.0026082378
25;2025-11-14;8;1.0026082378
25;2025-11-14;9;1.0026082378
25;2025-11-14;10;1.0026082378
25;2025-11-14;11;1.0026082378
25;2025-11-14;12;1.0026082378
25;2025-11-14;13;1.0026082378
25;2025-11-14;14;1.0026082378
25;2025-11-14;15;1.0026082378
25;2025-11-14;16;1.0026082378
25;2025-11-14;17;1.0026082378
25;2025-11-14;18;1.0026082378
25;2025-11-14;19;1.0026082378
25;2025-11-14;20;1.0026082378
25;2025-11-14;21;1.0026082378
25;2025-11-14;22;1.0026082378
25;2025-11-14;23;1.0026082378
25;2025-11-15;0;0.8889903882
25;2025-11-15;1;0.8889903882
25;2025-11-15;2;0.8889903882
25;2025-11-15;3;0.8889903882
25;2025-11-15;4;0.8889903882
25;2025-11-15;5;0.8889903882
25;2025-11-15;6;0.8889903882
25;2025-11-15;7;0.8889903882
25;2025-11-15;8;0.8889903882
25;2025-11-15;9;0.8889903882
25;2025-11-15;10;0.8889903882
25;2025-11-15;11;0.8889903882
25;2025-11-15;12;0.8889903882
25;2025-11-15;13;0.8889903882
25;2025-11-15;14;0.8889903882
25;2025-11-15;15;0.8889903882
25;2025-11-15;16;0.8889903882
25;2025-11-15;17;0.8889903882
25;2025-11-15;18;0.8889903882
25;2025-11-15;19;0.8889903882
25;2025-11-15;20;0.8889903882
25;2025-11-15;21;0.8889903882
25;2025-11-15;22;0.8889903882
25;2025-11-15;23;0.8889903882
25;2025-11-16;0;0.9989112217
25;2025-11-16;1;0.9989112217
25;2025-11-16;2;0.9989112217
25;2025-11-16;3;0.9989112217
25;2025-11-16;4;0.9989112217
25;2025-11-16;5;0.9989112217
25;2025-11-16;6;0.9989112217
25;2025-11-16;7;0.9989112217
25;2025-11-16;8;0.9989112217
25;2025-11-16;9;0.9989112217
25;2025-11-16;10;0.9989112217
25;2025-11-16;11;0.9989112217
25;2025-11-16;12;0.9989112217
25;2025-11-16;13;0.9989112217
25;2025-11-16;14;0.9989112217
25;2025-11-16;15;0.9989112217
25;2025-11-16;16;0.9989112217
25;2025-11-16;17;0.9989112217
25;2025-11-16;18;0.9989112217
25;2025-11-16;19;0.9989112217
25;2025-11-16;20;0.9989112217
25;2025-11-16;21;0.9989112217
25;2025-11-16;22;0.9989112217
25;2025-11-16;23;0.9989112217
25;2025-11-17;0;0.9722326887
25;2025-11-17;1;0.9722326887
25;2025-11-17;2;0.9722326887
25;2025-11-17;3;0.9722326887
25;2025-11-17;4;0.9722326887
25;2025-11-17;5;0.9722326887
25;2025-11-17;6;0.9722326887
25;2025-11-17;7;0.9722326887
25;2025-11-17;8;0.9722326887
25;2025-11-17;9;0.9722326887
25;2025-11-17;10;0.9722326887
25;2025-11-17;11;0.9722326887
25;2025-11-17;12;0.9722326887
25;2025-11-17;13;0.9722326887
25;2025-11-17;14;0.9722326887
25;2025-11-17;15;0.9722326887
25;2025-11-17;16;0.9722326887
25;2025-11-17;17;0.9722326887
25;2025-11-17;18;0.9722326887
25;2025-11-17;19;0.9722326887
25;2025-11-17;20;0.9722326887
25;2025-11-17;21;0.9722326887
25;2025-11-17;22;0.9722326887
25;2025-11-17;23;0.9722326887
25;2025-11-18;0;0.9473867724
25;2025-11-18;1;0.9473867724
25;2025-11-18;2;0.9473867724
25;2025-11-18;3;0.9473867724
25;2025-11-18;4;0.9473867724
25;2025-11-18;5;0.9473867724
25;2025-11-18;6;0.9473867724
25;2025-11-18;7;0.9473867724
25;2025-11-18;8;0.9473867724
25;2025-11-18;9;0.9473867724
25;2025-11-18;10;0.9473867724
25;2025-11-18;11;0.9473867724
25;2025-11-18;12;0.9473867724
25;2025-11-18;13;0.9473867724
25;2025-11-18;14;0.9473867724
25;2025-11-18;15;0.9473867724
25;2025-11-18;16;0.9473867724
25;2025-11-18;17;0.9473867724
25;2025-11-18;18;0.9473867724
25;2025-11-18;19;0.9473867724
25;2025-11-18;20;0.9473867724
25;2025-11-18;21;0.9473867724
25;2025-11-18;22;0.9473867724
25;2025-11-18;23;0.9473867724
25;2025-11-19;0;1.0010542003
25;2025-11-19;1;1.0010542003
25;2025-11-19;2;1.0010542003
25;2025-11-19;3;1.0010542003
25;2025-11-19;4;1.0010542003
25;2025-11-19;5;1.0010542003
25;2025-11-19;6;1.0010542003
25;2025-11-19;7;1.0010542003
25;2025-11-19;8;1.0010542003
25;2025-11-19;9;1.0010542003
25;2025-11-19;10;1.0010542003
25;2025-11-19;11;1.0010542003
25;2025-11-19;12;1.0010542003
25;2025-11-19;13;1.0010542003
25;2025-11-19;14;1.0010542003
25;2025-11-19;15;1.0010542003
25;2025-11-19;16;1.0010542003
25;2025-11-19;17;1.0010542003
25;2025-11-19;18;1.0010542003
25;2025-11-19;19;1.0010542003
25;2025-11-19;20;1.0010542003
25;2025-11-19;21;1.0010542003
25;2025-11-19;22;1.0010542003
25;2025-11-19;23;1.0010542003
25;2025-11-20;0;0.993503727
25;2025-11-20;1;0.993503727
25;2025-11-20;2;0.993503727
25;2025-11-20;3;0.993503727
25;2025-11-20;4;0.993503727
25;2025-11-20;5;0.993503727
25;2025-11-20;6;0.993503727
25;2025-11-20;7;0.993503727
25;2025-11-20;8;0.993503727
25;2025-11-20;9;0.993503727
25;2025-11-20;10;0.993503727
25;2025-11-20;11;0.993503727
25;2025-11-20;12;0.993503727
25;2025-11-20;13;0.993503727
25;2025-11-20;14;0.993503727
25;2025-11-20;15;0.993503727
25;2025-11-20;16;0.993503727
25;2025-11-20;17;0.993503727
25;2025-11-20;18;0.993503727
25;2025-11-20;19;0.993503727
25;2025-11-20;20;0.993503727
25;2025-11-20;21;0.993503727
25;2025-11-20;22;0.993503727
25;2025-11-20;23;0.993503727
25;2025-11-21;0;0.9867472695
25;2025-11-21;1;0.9867472695
25;2025-11-21;2;0.9867472695
25;2025-11-21;3;0.9867472695
25;2025-11-21;4;0.9867472695
25;2025-11-21;5;0.9867472695
25;2025-11-21;6;0.9867472695
25;2025-11-21;7;0.9867472695
25;2025-11-21;8;0.9867472695
25;2025-11-21;9;0.9867472695
25;2025-11-21;10;0.9867472695
25;2025-11-21;11;0.9867472695
25;2025-11-21;12;0.9867472695
25;2025-11-21;13;0.9867472695
25;2025-11-21;14;0.9867472695
25;2025-11-21;15;0.9867472695
25;2025-11-21;16;0.9867472695
25;2025-11-21;17;0.9867472695
25;2025-11-21;18;0.9867472695
25;2025-11-21;19;0.9867472695
25;2025-11-21;20;0.9867472695
25;2025-11-21;21;0.9867472695
25;2025-11-21;22;0.9867472695
25;2025-11-21;23;0.9867472695
25;2025-11-22;0;0.9554774664
25;2025-11-22;1;0.9554774664
25;2025-11-22;2;0.9554774664
25;2025-11-22;3;0.9554774664
25;2025-11-22;4;0.9554774664
25;2025-11-22;5;0.9554774664
25;2025-11-22;6;0.9554774664
25;2025-11-22;7;0.9554774664
25;2025-11-22;8;0.9554774664
25;2025-11-22;9;0.9554774664
25;2025-11-22;10;0.9554774664
25;2025-11-22;11;0.9554774664
25;2025-11-22;12;0.9554774664
25;2025-11-22;13;0.9554774664
25;2025-11-22;14;0.9554774664
25;2025-11-22;15;0.9554774664
25;2025-11-22;16;0.9554774664
25;2025-11-22;17;0.9554774664
25;2025-11-22;18;0.9554774664
25;2025-11-22;19;0.9554774664
25;2025-11-22;20;0.9554774664
25;2025-11-22;21;0.9554774664
25;2025-11-22;22;0.9554774664
25;2025-11-22;23;0.9554774664
25;2025-11-23;0;1.0134297949
25;2025-11-23;1;1.0134297949
25;2025-11-23;2;1.0134297949
25;2025-11-23;3;1.0134297949
25;2025-11-23;4;1.0134297949
25;2025-11-23;5;1.0134297949
25;2025-11-23;6;1.0134297949
25;2025-11-23;7;1.0134297949
25;2025-11-23;8;1.0134297949
25;2025-11-23;9;1.0134297949
25;2025-11-23;10;1.0134297949
25;2025-11-23;11;1.0134297949
25;2025-11-23;12;1.0134297949
25;2025-11-23;13;1.0134297949
25;2025-11-23;14;1.0134297949
25;2025-11-23;15;1.0134297949
25;2025-11-23;16;1.0134297949
25;2025-11-23;17;1.0134297949
25;2025-11-23;18;1.0134297949
25;2025-11-23;19;1.0134297949
25;2025-11-23;20;1.0134297949
25;2025-11-23;21;1.0134297949
25;2025-11-23;22;1.0134297949
25;2025-11-23;23;1.0134297949
25;2025-11-24;0;0.9408906873
25;2025-11-24;1;0.9408906873
25;2025-11-24;2;0.9408906873
25;2025-11-24;3;0.9408906873
25;2025-11-24;4;0.9408906873
25;2025-11-24;5;0.9408906873
25;2025-11-24;6;0.9408906873
25;2025-11-24;7;0.9408906873
25;2025-11-24;8;0.9408906873
25;2025-11-24;9;0.9408906873
25;2025-11-24;10;0.9408906873
25;2025-11-24;11;0.9408906873
25;2025-11-24;12;0.9408906873
25;2025-11-24;13;0.9408906873
25;2025-11-24;14;0.9408906873
25;2025-11-24;15;0.9408906873
25;2025-11-24;16;0.9408906873
25;2025-11-24;17;0.9408906873
25;2025-11-24;18;0.9408906873
25;2025-11-24;19;0.9408906873
25;2025-11-24;20;0.9408906873
25;2025-11-24;21;0.9408906873
25;2025-11-24;22;0.9408906873
25;2025-11-24;23;0.9408906873
25;2025-11-25;0;1.0014391975
25;2025-11-25;1;1.0014391975
25;2025-11-25;2;1.0014391975
25;2025-11-25;3;1.0014391975
25;2025-11-25;4;1.0014391975
25;2025-11-25;5;1.0014391975
25;2025-11-25;6;1.0014391975
25;2025-11-25;7;1.0014391975
25;2025-11-25;8;1.0014391975
25;2025-11-25;9;1.0014391975
25;2025-11-25;10;1.0014391975
25;2025-11-25;11;1.0014391975
25;2025-11-25;12;1.0014391975
25;2025-11-25;13;1.0014391975
25;2025-11-25;14;1.0014391975
25;2025-11-25;15;1.0014391975
25;2025-11-25;16;1.0014391975
25;2025-11-25;17;1.0014391975
25;2025-11-25;18;1.0014391975
25;2025-11-25;19;1.0014391975
25;2025-11-25;20;1.0014391975
25;2025-11-25;21;1.0014391975
25;2025-11-25;22;1.0014391975
25;2025-11-25;23;1.0014391975
25;2025-11-26;0;0.9530902264
25;2025-11-26;1;0.9530902264
25;2025-11-26;2;0.9530902264
25;2025-11-26;3;0.9530902264
25;2025-11-26;4;0.9530902264
25;2025-11-26;5;0.9530902264
25;2025-11-26;6;0.9530902264
25;2025-11-26;7;0.9530902264
25;2025-11-26;8;0.9530902264
25;2025-11-26;9;0.9530902264
25;2025-11-26;10;0.9530902264
25;2025-11-26;11;0.9530902264
25;2025-11-26;12;0.9530902264
25;2025-11-26;13;0.9530902264
25;2025-11-26;14;0.9530902264
25;2025-11-26;15;0.9530902264
25;2025-11-26;16;0.9530902264
25;2025-11-26;17;0.9530902264
25;2025-11-26;18;0.9530902264
25;2025-11-26;19;0.9530902264
25;2025-11-26;20;0.9530902264
25;2025-11-26;21;0.9530902264
25;2025-11-26;22;0.9530902264
25;2025-11-26;23;0.9530902264
25;2025-11-27;0;0.9672727171
25;2025-11-27;1;0.9672727171
25;2025-11-27;2;0.9672727171
25;2025-11-27;3;0.9672727171
25;2025-11-27;4;0.9672727171
25;2025-11-27;5;0.9672727171
25;2025-11-27;6;0.9672727171
25;2025-11-27;7;0.9672727171
25;2025-11-27;8;0.9672727171
25;2025-11-27;9;0.9672727171
25;2025-11-27;10;0.9672727171
25;2025-11-27;11;0.9672727171
25;2025-11-27;12;0.9672727171
25;2025-11-27;13;0.9672727171
25;2025-11-27;14;0.9672727171
25;2025-11-27;15;0.9672727171
25;2025-11-27;16;0.9672727171
25;2025-11-27;17;0.9672727171
25;2025-11-27;18;0.9672727171
25;2025-11-27;19;0.9672727171
25;2025-11-27;20;0.9672727171
25;2025-11-27;21;0.9672727171
25;2025-11-27;22;0.9672727171
25;2025-11-27;23;0.9672727171
25;2025-11-28;0;0.9796528034
25;2025-11-28;1;0.9796528034
25;2025-11-28;2;0.9796528034
25;2025-11-28;3;0.9796528034
25;2025-11-28;4;0.9796528034
25;2025-11-28;5;0.9796528034
25;2025-11-28;6;0.9796528034
25;2025-11-28;7;0.9796528034
25;2025-11-28;8;0.9796528034
25;2025-11-28;9;0.9796528034
25;2025-11-28;10;0.9796528034
25;2025-11-28;11;0.9796528034
25;2025-11-28;12;0.9796528034
25;2025-11-28;13;0.9796528034
25;2025-11-28;14;0.9796528034
25;2025-11-28;15;0.9796528034
25;2025-11-28;16;0.9796528034
25;2025-11-28;17;0.9796528034
25;2025-11-28;18;0.9796528034
25;2025-11-28;19;0.9796528034
25;2025-11-28;20;0.9796528034
25;2025-11-28;21;0.9796528034
25;2025-11-28;22;0.9796528034
25;2025-11-28;23;0.9796528034
25;2025-11-29;0;1.0105751639
25;2025-11-29;1;1.0105751639
25;2025-11-29;2;1.0105751639
25;2025-11-29;3;1.0105751639
25;2025-11-29;4;1.0105751639
25;2025-11-29;5;1.0105751639
25;2025-11-29;6;1.0105751639
25;2025-11-29;7;1.0105751639
25;2025-11-29;8;1.0105751639
25;2025-11-29;9;1.0105751639
25;2025-11-29;10;1.0105751639
25;2025-11-29;11;1.0105751639
25;2025-11-29;12;1.0105751639
25;2025-11-29;13;1.0105751639
25;2025-11-29;14;1.0105751639
25;2025-11-29;15;1.0105751639
25;2025-11-29;16;1.0105751639
25;2025-11-29;17;1.0105751639
25;2025-11-29;18;1.0105751639
25;2025-11-29;19;1.0105751639
25;2025-11-29;20;1.0105751639
25;2025-11-29;21;1.0105751639
25;2025-11-29;22;1.0105751639
25;2025-11-29;23;1.0105751639
25;2025-11-30;0;1.0111824379
25;2025-11-30;1;1.0111824379
25;2025-11-30;2;1.0111824379
25;2025-11-30;3;1.0111824379
25;2025-11-30;4;1.0111824379
25;2025-11-30;5;1.0111824379
25;2025-11-30;6;1.0111824379
25;2025-11-30;7;1.0111824379
25;2025-11-30;8;1.0111824379
25;2025-11-30;9;1.0111824379
25;2025-11-30;10;1.0111824379
25;2025-11-30;11;1.0111824379
25;2025-11-30;12;1.0111824379
25;2025-11-30;13;1.0111824379
25;2025-11-30;14;1.0111824379
25;2025-11-30;15;1.0111824379
25;2025-11-30;16;1.0111824379
25;2025-11-30;17;1.0111824379
25;2025-11-30;18;1.0111824379
25;2025-11-30;19;1.0111824379
25;2025-11-30;20;1.0111824379
25;2025-11-30;21;1.0111824379
25;2025-11-30;22;1.0111824379
25;2025-11-30;23;1.0111824379
25;2025-12-01;0;1.0051699966
25;2025-12-01;1;1.0051699966
25;2025-12-01;2;1.0051699966
25;2025-12-01;3;1.0051699966
25;2025-12-01;4;1.0051699966
25;2025-12-01;5;1.0051699966
25;2025-12-01;6;1.0051699966
25;2025-12-01;7;1.0051699966
25;2025-12-01;8;1.0051699966
25;2025-12-01;9;1.0051699966
25;2025-12-01;10;1.0051699966
25;2025-12-01;11;1.0051699966
25;2025-12-01;12;1.0051699966
25;2025-12-01;13;1.0051699966
25;2025-12-01;14;1.0051699966
25;2025-12-01;15;1.0051699966
25;2025-12-01;16;1.0051699966
25;2025-12-01;17;1.0051699966
25;2025-12-01;18;1.0051699966
25;2025-12-01;19;1.0051699966
25;2025-12-01;20;1.0051699966
25;2025-12-01;21;1.0051699966
25;2025-12-01;22;1.0051699966
25;2025-12-01;23;1.0051699966
25;2025-12-02;0;1.0026144556
25;2025-12-02;1;1.0026144556
25;2025-12-02;2;1.0026144556
25;2025-12-02;3;1.0026144556
25;2025-12-02;4;1.0026144556
25;2025-12-02;5;1.0026144556
25;2025-12-02;6;1.0026144556
25;2025-12-02;7;1.0026144556
25;2025-12-02;8;1.0026144556
25;2025-12-02;9;1.0026144556
25;2025-12-02;10;1.0026144556
25;2025-12-02;11;1.0026144556
25;2025-12-02;12;1.0026144556
25;2025-12-02;13;1.0026144556
25;2025-12-02;14;1.0026144556
25;2025-12-02;15;1.0026144556
25;2025-12-02;16;1.0026144556
25;2025-12-02;17;1.0026144556
25;2025-12-02;18;1.0026144556
25;2025-12-02;19;1.0026144556
25;2025-12-02;20;1.0026144556
25;2025-12-02;21;1.0026144556
25;2025-12-02;22;1.0026144556
25;2025-12-02;23;1.0026144556
25;2025-12-03;0;0.9934520589
25;2025-12-03;1;0.9934520589
25;2025-12-03;2;0.9934520589
25;2025-12-03;3;0.9934520589
25;2025-12-03;4;0.9934520589
25;2025-12-03;5;0.9934520589
25;2025-12-03;6;0.9934520589
25;2025-12-03;7;0.9934520589
25;2025-12-03;8;0.9934520589
25;2025-12-03;9;0.9934520589
25;2025-12-03;10;0.9934520589
25;2025-12-03;11;0.9934520589
25;2025-12-03;12;0.9934520589
25;2025-12-03;13;0.9934520589
25;2025-12-03;14;0.9934520589
25;2025-12-03;15;0.9934520589
25;2025-12-03;16;0.9934520589
25;2025-12-03;17;0.9934520589
25;2025-12-03;18;0.9934520589
25;2025-12-03;19;0.9934520589
25;2025-12-03;20;0.9934520589
25;2025-12-03;21;0.9934520589
25;2025-12-03;22;0.9934520589
25;2025-12-03;23;0.9934520589
25;2025-12-04;0;1.0032558621
25;2025-12-04;1;1.0032558621
25;2025-12-04;2;1.0032558621
25;2025-12-04;3;1.0032558621
25;2025-12-04;4;1.0032558621
25;2025-12-04;5;1.0032558621
25;2025-12-04;6;1.0032558621
25;2025-12-04;7;1.0032558621
25;2025-12-04;8;1.0032558621
25;2025-12-04;9;1.0032558621
25;2025-12-04;10;1.0032558621
25;2025-12-04;11;1.0032558621
25;2025-12-04;12;1.0032558621
25;2025-12-04;13;1.0032558621
25;2025-12-04;14;1.0032558621
25;2025-12-04;15;1.0032558621
25;2025-12-04;16;1.0032558621
25;2025-12-04;17;1.0032558621
25;2025-12-04;18;1.0032558621
25;2025-12-04;19;1.0032558621
25;2025-12-04;20;1.0032558621
25;2025-12-04;21;1.0032558621
25;2025-12-04;22;1.0032558621
25;2025-12-04;23;1.0032558621
25;2025-12-05;0;1.0049909767
25;2025-12-05;1;1.0049909767
25;2025-12-05;2;1.0049909767
25;2025-12-05;3;1.0049909767
25;2025-12-05;4;1.0049909767
25;2025-12-05;5;1.0049909767
25;2025-12-05;6;1.0049909767
25;2025-12-05;7;1.0049909767
25;2025-12-05;8;1.0049909767
25;2025-12-05;9;1.0049909767
25;2025-12-05;10;1.0049909767
25;2025-12-05;11;1.0049909767
25;2025-12-05;12;1.0049909767
25;2025-12-05;13;1.0049909767
25;2025-12-05;14;1.0049909767
25;2025-12-05;15;1.0049909767
25;2025-12-05;16;1.0049909767
25;2025-12-05;17;1.0049909767
25;2025-12-05;18;1.0049909767
25;2025-12-05;19;1.0049909767
25;2025-12-05;20;1.0049909767
25;2025-12-05;21;1.0049909767
25;2025-12-05;22;1.0049909767
25;2025-12-05;23;1.0049909767
25;2025-12-06;0;1.0145677247
25;2025-12-06;1;1.0145677247
25;2025-12-06;2;1.0145677247
25;2025-12-06;3;1.0145677247
25;2025-12-06;4;1.0145677247
25;2025-12-06;5;1.0145677247
25;2025-12-06;6;1.0145677247
25;2025-12-06;7;1.0145677247
25;2025-12-06;8;1.0145677247
25;2025-12-06;9;1.0145677247
25;2025-12-06;10;1.0145677247
25;2025-12-06;11;1.0145677247
25;2025-12-06;12;1.0145677247
25;2025-12-06;13;1.0145677247
25;2025-12-06;14;1.0145677247
25;2025-12-06;15;1.0145677247
25;2025-12-06;16;1.0145677247
25;2025-12-06;17;1.0145677247
25;2025-12-06;18;1.0145677247
25;2025-12-06;19;1.0145677247
25;2025-12-06;20;1.0145677247
25;2025-12-06;21;1.0145677247
25;2025-12-06;22;1.0145677247
25;2025-12-06;23;1.0145677247
25;2025-12-07;0;1.0112653988
25;2025-12-07;1;1.0112653988
25;2025-12-07;2;1.0112653988
25;2025-12-07;3;1.0112653988
25;2025-12-07;4;1.0112653988
25;2025-12-07;5;1.0112653988
25;2025-12-07;6;1.0112653988
25;2025-12-07;7;1.0112653988
25;2025-12-07;8;1.0112653988
25;2025-12-07;9;1.0112653988
25;2025-12-07;10;1.0112653988
25;2025-12-07;11;1.0112653988
25;2025-12-07;12;1.0112653988
25;2025-12-07;13;1.0112653988
25;2025-12-07;14;1.0112653988
25;2025-12-07;15;1.0112653988
25;2025-12-07;16;1.0112653988
25;2025-12-07;17;1.0112653988
25;2025-12-07;18;1.0112653988
25;2025-12-07;19;1.0112653988
25;2025-12-07;20;1.0112653988
25;2025-12-07;21;1.0112653988
25;2025-12-07;22;1.0112653988
25;2025-12-07;23;1.0112653988
25;2025-12-08;0;1.0026084886
25;2025-12-08;1;1.0026084886
25;2025-12-08;2;1.0026084886
25;2025-12-08;3;1.0026084886
25;2025-12-08;4;1.0026084886
25;2025-12-08;5;1.0026084886
25;2025-12-08;6;1.0026084886
25;2025-12-08;7;1.0026084886
25;2025-12-08;8;1.0026084886
25;2025-12-08;9;1.0026084886
25;2025-12-08;10;1.0026084886
25;2025-12-08;11;1.0026084886
25;2025-12-08;12;1.0026084886
25;2025-12-08;13;1.0026084886
25;2025-12-08;14;1.0026084886
25;2025-12-08;15;1.0026084886
25;2025-12-08;16;1.0026084886
25;2025-12-08;17;1.0026084886
25;2025-12-08;18;1.0026084886
25;2025-12-08;19;1.0026084886
25;2025-12-08;20;1.0026084886
25;2025-12-08;21;1.0026084886
25;2025-12-08;22;1.0026084886
25;2025-12-08;23;1.0026084886
25;2025-12-09;0;1.0039490371
25;2025-12-09;1;1.0039490371
25;2025-12-09;2;1.0039490371
25;2025-12-09;3;1.0039490371
25;2025-12-09;4;1.0039490371
25;2025-12-09;5;1.0039490371
25;2025-12-09;6;1.0039490371
25;2025-12-09;7;1.0039490371
25;2025-12-09;8;1.0039490371
25;2025-12-09;9;1.0039490371
25;2025-12-09;10;1.0039490371
25;2025-12-09;11;1.0039490371
25;2025-12-09;12;1.0039490371
25;2025-12-09;13;1.0039490371
25;2025-12-09;14;1.0039490371
25;2025-12-09;15;1.0039490371
25;2025-12-09;16;1.0039490371
25;2025-12-09;17;1.0039490371
25;2025-12-09;18;1.0039490371
25;2025-12-09;19;1.0039490371
25;2025-12-09;20;1.0039490371
25;2025-12-09;21;1.0039490371
25;2025-12-09;22;1.0039490371
25;2025-12-09;23;1.0039490371
25;2025-12-10;0;0.9846845723
25;2025-12-10;1;0.9846845723
25;2025-12-10;2;0.9846845723
25;2025-12-10;3;0.9846845723
25;2025-12-10;4;0.9846845723
25;2025-12-10;5;0.9846845723
25;2025-12-10;6;0.9846845723
25;2025-12-10;7;0.9846845723
25;2025-12-10;8;0.9846845723
25;2025-12-10;9;0.9846845723
25;2025-12-10;10;0.9846845723
25;2025-12-10;11;0.9846845723
25;2025-12-10;12;0.9846845723
25;2025-12-10;13;0.9846845723
25;2025-12-10;14;0.9846845723
25;2025-12-10;15;0.9846845723
25;2025-12-10;16;0.9846845723
25;2025-12-10;17;0.9846845723
25;2025-12-10;18;0.9846845723
25;2025-12-10;19;0.9846845723
25;2025-12-10;20;0.9846845723
25;2025-12-10;21;0.9846845723
25;2025-12-10;22;0.9846845723
25;2025-12-10;23;0.9846845723
25;2025-12-11;0;0.9837160554
25;2025-12-11;1;0.9837160554
25;2025-12-11;2;0.9837160554
25;2025-12-11;3;0.9837160554
25;2025-12-11;4;0.9837160554
25;2025-12-11;5;0.9837160554
25;2025-12-11;6;0.9837160554
25;2025-12-11;7;0.9837160554
25;2025-12-11;8;0.9837160554
25;2025-12-11;9;0.9837160554
25;2025-12-11;10;0.9837160554
25;2025-12-11;11;0.9837160554
25;2025-12-11;12;0.9837160554
25;2025-12-11;13;0.9837160554
25;2025-12-11;14;0.9837160554
25;2025-12-11;15;0.9837160554
25;2025-12-11;16;0.9837160554
25;2025-12-11;17;0.9837160554
25;2025-12-11;18;0.9837160554
25;2025-12-11;19;0.9837160554
25;2025-12-11;20;0.9837160554
25;2025-12-11;21;0.9837160554
25;2025-12-11;22;0.9837160554
25;2025-12-11;23;0.9837160554
25;2025-12-12;0;0.9836417402
25;2025-12-12;1;0.9836417402
25;2025-12-12;2;0.9836417402
25;2025-12-12;3;0.9836417402
25;2025-12-12;4;0.9836417402
25;2025-12-12;5;0.9836417402
25;2025-12-12;6;0.9836417402
25;2025-12-12;7;0.9836417402
25;2025-12-12;8;0.9836417402
25;2025-12-12;9;0.9836417402
25;2025-12-12;10;0.9836417402
25;2025-12-12;11;0.9836417402
25;2025-12-12;12;0.9836417402
25;2025-12-12;13;0.9836417402
25;2025-12-12;14;0.9836417402
25;2025-12-12;15;0.9836417402
25;2025-12-12;16;0.9836417402
25;2025-12-12;17;0.9836417402
25;2025-12-12;18;0.9836417402
25;2025-12-12;19;0.9836417402
25;2025-12-12;20;0.9836417402
25;2025-12-12;21;0.9836417402
25;2025-12-12;22;0.9836417402
25;2025-12-12;23;0.9836417402
25;2025-12-13;0;0.9796057941
25;2025-12-13;1;0.9796057941
25;2025-12-13;2;0.9796057941
25;2025-12-13;3;0.9796057941
25;2025-12-13;4;0.9796057941
25;2025-12-13;5;0.9796057941
25;2025-12-13;6;0.9796057941
25;2025-12-13;7;0.9796057941
25;2025-12-13;8;0.9796057941
25;2025-12-13;9;0.9796057941
25;2025-12-13;10;0.9796057941
25;2025-12-13;11;0.9796057941
25;2025-12-13;12;0.9796057941
25;2025-12-13;13;0.9796057941
25;2025-12-13;14;0.9796057941
25;2025-12-13;15;0.9796057941
25;2025-12-13;16;0.9796057941
25;2025-12-13;17;0.9796057941
25;2025-12-13;18;0.9796057941
25;2025-12-13;19;0.9796057941
25;2025-12-13;20;0.9796057941
25;2025-12-13;21;0.9796057941
25;2025-12-13;22;0.9796057941
25;2025-12-13;23;0.9796057941
25;2025-12-14;0;0.988696203
25;2025-12-14;1;0.988696203
25;2025-12-14;2;0.988696203
25;2025-12-14;3;0.988696203
25;2025-12-14;4;0.988696203
25;2025-12-14;5;0.988696203
25;2025-12-14;6;0.988696203
25;2025-12-14;7;0.988696203
25;2025-12-14;8;0.988696203
25;2025-12-14;9;0.988696203
25;2025-12-14;10;0.988696203
25;2025-12-14;11;0.988696203
25;2025-12-14;12;0.988696203
25;2025-12-14;13;0.988696203
25;2025-12-14;14;0.988696203
25;2025-12-14;15;0.988696203
25;2025-12-14;16;0.988696203
25;2025-12-14;17;0.988696203
25;2025-12-14;18;0.988696203
25;2025-12-14;19;0.988696203
25;2025-12-14;20;0.988696203
25;2025-12-14;21;0.988696203
25;2025-12-14;22;0.988696203
25;2025-12-14;23;0.988696203
25;2025-12-15;0;0.9952415048
25;2025-12-15;1;0.9952415048
25;2025-12-15;2;0.9952415048
25;2025-12-15;3;0.9952415048
25;2025-12-15;4;0.9952415048
25;2025-12-15;5;0.9952415048
25;2025-12-15;6;0.9952415048
25;2025-12-15;7;0.9952415048
25;2025-12-15;8;0.9952415048
25;2025-12-15;9;0.9952415048
25;2025-12-15;10;0.9952415048
25;2025-12-15;11;0.9952415048
25;2025-12-15;12;0.9952415048
25;2025-12-15;13;0.9952415048
25;2025-12-15;14;0.9952415048
25;2025-12-15;15;0.9952415048
25;2025-12-15;16;0.9952415048
25;2025-12-15;17;0.9952415048
25;2025-12-15;18;0.9952415048
25;2025-12-15;19;0.9952415048
25;2025-12-15;20;0.9952415048
25;2025-12-15;21;0.9952415048
25;2025-12-15;22;0.9952415048
25;2025-12-15;23;0.9952415048
25;2025-12-16;0;0.9863627864
25;2025-12-16;1;0.9863627864
25;2025-12-16;2;0.9863627864
25;2025-12-16;3;0.9863627864
25;2025-12-16;4;0.9863627864
25;2025-12-16;5;0.9863627864
25;2025-12-16;6;0.9863627864
25;2025-12-16;7;0.9863627864
25;2025-12-16;8;0.9863627864
25;2025-12-16;9;0.9863627864
25;2025-12-16;10;0.9863627864
25;2025-12-16;11;0.9863627864
25;2025-12-16;12;0.9863627864
25;2025-12-16;13;0.9863627864
25;2025-12-16;14;0.9863627864
25;2025-12-16;15;0.9863627864
25;2025-12-16;16;0.9863627864
25;2025-12-16;17;0.9863627864
25;2025-12-16;18;0.9863627864
25;2025-12-16;19;0.9863627864
25;2025-12-16;20;0.9863627864
25;2025-12-16;21;0.9863627864
25;2025-12-16;22;0.9863627864
25;2025-12-16;23;0.9863627864
25;2025-12-17;0;1.0006581121
25;2025-12-17;1;1.0006581121
25;2025-12-17;2;1.0006581121
25;2025-12-17;3;1.0006581121
25;2025-12-17;4;1.0006581121
25;2025-12-17;5;1.0006581121
25;2025-12-17;6;1.0006581121
25;2025-12-17;7;1.0006581121
25;2025-12-17;8;1.0006581121
25;2025-12-17;9;1.0006581121
25;2025-12-17;10;1.0006581121
25;2025-12-17;11;1.0006581121
25;2025-12-17;12;1.0006581121
25;2025-12-17;13;1.0006581121
25;2025-12-17;14;1.0006581121
25;2025-12-17;15;1.0006581121
25;2025-12-17;16;1.0006581121
25;2025-12-17;17;1.0006581121
25;2025-12-17;18;1.0006581121
25;2025-12-17;19;1.0006581121
25;2025-12-17;20;1.0006581121
25;2025-12-17;21;1.0006581121
25;2025-12-17;22;1.0006581121
25;2025-12-17;23;1.0006581121
25;2025-12-18;0;1.0051072698
25;2025-12-18;1;1.0051072698
25;2025-12-18;2;1.0051072698
25;2025-12-18;3;1.0051072698
25;2025-12-18;4;1.0051072698
25;2025-12-18;5;1.0051072698
25;2025-12-18;6;1.0051072698
25;2025-12-18;7;1.0051072698
25;2025-12-18;8;1.0051072698
25;2025-12-18;9;1.0051072698
25;2025-12-18;10;1.0051072698
25;2025-12-18;11;1.0051072698
25;2025-12-18;12;1.0051072698
25;2025-12-18;13;1.0051072698
25;2025-12-18;14;1.0051072698
25;2025-12-18;15;1.0051072698
25;2025-12-18;16;1.0051072698
25;2025-12-18;17;1.0051072698
25;2025-12-18;18;1.0051072698
25;2025-12-18;19;1.0051072698
25;2025-12-18;20;1.0051072698
25;2025-12-18;21;1.0051072698
25;2025-12-18;22;1.0051072698
25;2025-12-18;23;1.0051072698
25;2025-12-19;0;0.9953449401
25;2025-12-19;1;0.9953449401
25;2025-12-19;2;0.9953449401
25;2025-12-19;3;0.9953449401
25;2025-12-19;4;0.9953449401
25;2025-12-19;5;0.9953449401
25;2025-12-19;6;0.9953449401
25;2025-12-19;7;0.9953449401
25;2025-12-19;8;0.9953449401
25;2025-12-19;9;0.9953449401
25;2025-12-19;10;0.9953449401
25;2025-12-19;11;0.9953449401
25;2025-12-19;12;0.9953449401
25;2025-12-19;13;0.9953449401
25;2025-12-19;14;0.9953449401
25;2025-12-19;15;0.9953449401
25;2025-12-19;16;0.9953449401
25;2025-12-19;17;0.9953449401
25;2025-12-19;18;0.9953449401
25;2025-12-19;19;0.9953449401
25;2025-12-19;20;0.9953449401
25;2025-12-19;21;0.9953449401
25;2025-12-19;22;0.9953449401
25;2025-12-19;23;0.9953449401
25;2025-12-20;0;1.0060818121
25;2025-12-20;1;1.0060818121
25;2025-12-20;2;1.0060818121
25;2025-12-20;3;1.0060818121
25;2025-12-20;4;1.0060818121
25;2025-12-20;5;1.0060818121
25;2025-12-20;6;1.0060818121
25;2025-12-20;7;1.0060818121
25;2025-12-20;8;1.0060818121
25;2025-12-20;9;1.0060818121
25;2025-12-20;10;1.0060818121
25;2025-12-20;11;1.0060818121
25;2025-12-20;12;1.0060818121
25;2025-12-20;13;1.0060818121
25;2025-12-20;14;1.0060818121
25;2025-12-20;15;1.0060818121
25;2025-12-20;16;1.0060818121
25;2025-12-20;17;1.0060818121
25;2025-12-20;18;1.0060818121
25;2025-12-20;19;1.0060818121
25;2025-12-20;20;1.0060818121
25;2025-12-20;21;1.0060818121
25;2025-12-20;22;1.0060818121
25;2025-12-20;23;1.0060818121
25;2025-12-21;0;1.0036638198
25;2025-12-21;1;1.0036638198
25;2025-12-21;2;1.0036638198
25;2025-12-21;3;1.0036638198
25;2025-12-21;4;1.0036638198
25;2025-12-21;5;1.0036638198
25;2025-12-21;6;1.0036638198
25;2025-12-21;7;1.0036638198
25;2025-12-21;8;1.0036638198
25;2025-12-21;9;1.0036638198
25;2025-12-21;10;1.0036638198
25;2025-12-21;11;1.0036638198
25;2025-12-21;12;1.0036638198
25;2025-12-21;13;1.0036638198
25;2025-12-21;14;1.0036638198
25;2025-12-21;15;1.0036638198
25;2025-12-21;16;1.0036638198
25;2025-12-21;17;1.0036638198
25;2025-12-21;18;1.0036638198
25;2025-12-21;19;1.0036638198
25;2025-12-21;20;1.0036638198
25;2025-12-21;21;1.0036638198
25;2025-12-21;22;1.0036638198
25;2025-12-21;23;1.0036638198
25;2025-12-22;0;0.9785101209
25;2025-12-22;1;0.9785101209
25;2025-12-22;2;0.9785101209
25;2025-12-22;3;0.9785101209
25;2025-12-22;4;0.9785101209
25;2025-12-22;5;0.9785101209
25;2025-12-22;6;0.9785101209
25;2025-12-22;7;0.9785101209
25;2025-12-22;8;0.9785101209
25;2025-12-22;9;0.9785101209
25;2025-12-22;10;0.9785101209
25;2025-12-22;11;0.9785101209
25;2025-12-22;12;0.9785101209
25;2025-12-22;13;0.9785101209
25;2025-12-22;14;0.9785101209
25;2025-12-22;15;0.9785101209
25;2025-12-22;16;0.9785101209
25;2025-12-22;17;0.9785101209
25;2025-12-22;18;0.9785101209
25;2025-12-22;19;0.9785101209
25;2025-12-22;20;0.9785101209
25;2025-12-22;21;0.9785101209
25;2025-12-22;22;0.9785101209
25;2025-12-22;23;0.9785101209
25;2025-12-23;0;1.0098227246
25;2025-12-23;1;1.0098227246
25;2025-12-23;2;1.0098227246
25;2025-12-23;3;1.0098227246
25;2025-12-23;4;1.0098227246
25;2025-12-23;5;1.0098227246
25;2025-12-23;6;1.0098227246
25;2025-12-23;7;1.0098227246
25;2025-12-23;8;1.0098227246
25;2025-12-23;9;1.0098227246
25;2025-12-23;10;1.0098227246
25;2025-12-23;11;1.0098227246
25;2025-12-23;12;1.0098227246
25;2025-12-23;13;1.0098227246
25;2025-12-23;14;1.0098227246
25;2025-12-23;15;1.0098227246
25;2025-12-23;16;1.0098227246
25;2025-12-23;17;1.0098227246
25;2025-12-23;18;1.0098227246
25;2025-12-23;19;1.0098227246
25;2025-12-23;20;1.0098227246
25;2025-12-23;21;1.0098227246
25;2025-12-23;22;1.0098227246
25;2025-12-23;23;1.0098227246
25;2025-12-24;0;0.996330165
25;2025-12-24;1;0.996330165
25;2025-12-24;2;0.996330165
25;2025-12-24;3;0.996330165
25;2025-12-24;4;0.996330165
25;2025-12-24;5;0.996330165
25;2025-12-24;6;0.996330165
25;2025-12-24;7;0.996330165
25;2025-12-24;8;0.996330165
25;2025-12-24;9;0.996330165
25;2025-12-24;10;0.996330165
25;2025-12-24;11;0.996330165
25;2025-12-24;12;0.996330165
25;2025-12-24;13;0.996330165
25;2025-12-24;14;0.996330165
25;2025-12-24;15;0.996330165
25;2025-12-24;16;0.996330165
25;2025-12-24;17;0.996330165
25;2025-12-24;18;0.996330165
25;2025-12-24;19;0.996330165
25;2025-12-24;20;0.996330165
25;2025-12-24;21;0.996330165
25;2025-12-24;22;0.996330165
25;2025-12-24;23;0.996330165
25;2025-12-25;0;0.9886548463
25;2025-12-25;1;0.9886548463
25;2025-12-25;2;0.9886548463
25;2025-12-25;3;0.9886548463
25;2025-12-25;4;0.9886548463
25;2025-12-25;5;0.9886548463
25;2025-12-25;6;0.9886548463
25;2025-12-25;7;0.9886548463
25;2025-12-25;8;0.9886548463
25;2025-12-25;9;0.9886548463
25;2025-12-25;10;0.9886548463
25;2025-12-25;11;0.9886548463
25;2025-12-25;12;0.9886548463
25;2025-12-25;13;0.9886548463
25;2025-12-25;14;0.9886548463
25;2025-12-25;15;0.9886548463
25;2025-12-25;16;0.9886548463
25;2025-12-25;17;0.9886548463
25;2025-12-25;18;0.9886548463
25;2025-12-25;19;0.9886548463
25;2025-12-25;20;0.9886548463
25;2025-12-25;21;0.9886548463
25;2025-12-25;22;0.9886548463
25;2025-12-25;23;0.9886548463
25;2025-12-26;0;0.9576087228
25;2025-12-26;1;0.9576087228
25;2025-12-26;2;0.9576087228
25;2025-12-26;3;0.9576087228
25;2025-12-26;4;0.9576087228
25;2025-12-26;5;0.9576087228
25;2025-12-26;6;0.9576087228
25;2025-12-26;7;0.9576087228
25;2025-12-26;8;0.9576087228
25;2025-12-26;9;0.9576087228
25;2025-12-26;10;0.9576087228
25;2025-12-26;11;0.9576087228
25;2025-12-26;12;0.9576087228
25;2025-12-26;13;0.9576087228
25;2025-12-26;14;0.9576087228
25;2025-12-26;15;0.9576087228
25;2025-12-26;16;0.9576087228
25;2025-12-26;17;0.9576087228
25;2025-12-26;18;0.9576087228
25;2025-12-26;19;0.9576087228
25;2025-12-26;20;0.9576087228
25;2025-12-26;21;0.9576087228
25;2025-12-26;22;0.9576087228
25;2025-12-26;23;0.9576087228
25;2025-12-27;0;0.9897658934
25;2025-12-27;1;0.9897658934
25;2025-12-27;2;0.9897658934
25;2025-12-27;3;0.9897658934
25;2025-12-27;4;0.9897658934
25;2025-12-27;5;0.9897658934
25;2025-12-27;6;0.9897658934
25;2025-12-27;7;0.9897658934
25;2025-12-27;8;0.9897658934
25;2025-12-27;9;0.9897658934
25;2025-12-27;10;0.9897658934
25;2025-12-27;11;0.9897658934
25;2025-12-27;12;0.9897658934
25;2025-12-27;13;0.9897658934
25;2025-12-27;14;0.9897658934
25;2025-12-27;15;0.9897658934
25;2025-12-27;16;0.9897658934
25;2025-12-27;17;0.9897658934
25;2025-12-27;18;0.9897658934
25;2025-12-27;19;0.9897658934
25;2025-12-27;20;0.9897658934
25;2025-12-27;21;0.9897658934
25;2025-12-27;22;0.9897658934
25;2025-12-27;23;0.9897658934
25;2025-12-28;0;0.9753361341
25;2025-12-28;1;0.9753361341
25;2025-12-28;2;0.9753361341
25;2025-12-28;3;0.9753361341
25;2025-12-28;4;0.9753361341
25;2025-12-28;5;0.9753361341
25;2025-12-28;6;0.9753361341
25;2025-12-28;7;0.9753361341
25;2025-12-28;8;0.9753361341
25;2025-12-28;9;0.9753361341
25;2025-12-28;10;0.9753361341
25;2025-12-28;11;0.9753361341
25;2025-12-28;12;0.9753361341
25;2025-12-28;13;0.9753361341
25;2025-12-28;14;0.9753361341
25;2025-12-28;15;0.9753361341
25;2025-12-28;16;0.9753361341
25;2025-12-28;17;0.9753361341
25;2025-12-28;18;0.9753361341
25;2025-12-28;19;0.9753361341
25;2025-12-28;20;0.9753361341
25;2025-12-28;21;0.9753361341
25;2025-12-28;22;0.9753361341
25;2025-12-28;23;0.9753361341
25;2025-12-29;0;0.9806931687
25;2025-12-29;1;0.9806931687
25;2025-12-29;2;0.9806931687
25;2025-12-29;3;0.9806931687
25;2025-12-29;4;0.9806931687
25;2025-12-29;5;0.9806931687
25;2025-12-29;6;0.9806931687
25;2025-12-29;7;0.9806931687
25;2025-12-29;8;0.9806931687
25;2025-12-29;9;0.9806931687
25;2025-12-29;10;0.9806931687
25;2025-12-29;11;0.9806931687
25;2025-12-29;12;0.9806931687
25;2025-12-29;13;0.9806931687
25;2025-12-29;14;0.9806931687
25;2025-12-29;15;0.9806931687
25;2025-12-29;16;0.9806931687
25;2025-12-29;17;0.9806931687
25;2025-12-29;18;0.9806931687
25;2025-12-29;19;0.9806931687
25;2025-12-29;20;0.9806931687
25;2025-12-29;21;0.9806931687
25;2025-12-29;22;0.9806931687
25;2025-12-29;23;0.9806931687
25;2025-12-30;0;0.973773422
25;2025-12-30;1;0.973773422
25;2025-12-30;2;0.973773422
25;2025-12-30;3;0.973773422
25;2025-12-30;4;0.973773422
25;2025-12-30;5;0.973773422
25;2025-12-30;6;0.973773422
25;2025-12-30;7;0.973773422
25;2025-12-30;8;0.973773422
25;2025-12-30;9;0.973773422
25;2025-12-30;10;0.973773422
25;2025-12-30;11;0.973773422
25;2025-12-30;12;0.973773422
25;2025-12-30;13;0.973773422
25;2025-12-30;14;0.973773422
25;2025-12-30;15;0.973773422
25;2025-12-30;16;0.973773422
25;2025-12-30;17;0.973773422
25;2025-12-30;18;0.973773422
25;2025-12-30;19;0.973773422
25;2025-12-30;20;0.973773422
25;2025-12-30;21;0.973773422
25;2025-12-30;22;0.973773422
25;2025-12-30;23;0.973773422
25;2025-12-31;0;0.9825412097
25;2025-12-31;1;0.9825412097
25;2025-12-31;2;0.9825412097
25;2025-12-31;3;0.9825412097
25;2025-12-31;4;0.9825412097
25;2025-12-31;5;0.9825412097
25;2025-12-31;6;0.9825412097
25;2025-12-31;7;0.9825412097
25;2025-12-31;8;0.9825412097
25;2025-12-31;9;0.9825412097
25;2025-12-31;10;0.9825412097
25;2025-12-31;11;0.9825412097
25;2025-12-31;12;0.9825412097
25;2025-12-31;13;0.9825412097
25;2025-12-31;14;0.9825412097
25;2025-12-31;15;0.9825412097
25;2025-12-31;16;0.9825412097
25;2025-12-31;17;0.9825412097
25;2025-12-31;18;0.9825412097
25;2025-12-31;19;0.9825412097
25;2025-12-31;20;0.9825412097
25;2025-12-31;21;0.9825412097
25;2025-12-31;22;0.9825412097
25;2025-12-31;23;0.9825412097
26;2025-11-01;0;1.0123563556
26;2025-11-01;1;1.0123563556
26;2025-11-01;2;1.0123563556
26;2025-11-01;3;1.0123563556
26;2025-11-01;4;1.0123563556
26;2025-11-01;5;1.0123563556
26;2025-11-01;6;1.0123563556
26;2025-11-01;7;1.0123563556
26;2025-11-01;8;1.0123563556
26;2025-11-01;9;1.0123563556
26;2025-11-01;10;1.0123563556
26;2025-11-01;11;1.0123563556
26;2025-11-01;12;1.0123563556
26;2025-11-01;13;1.0123563556
26;2025-11-01;14;1.0123563556
26;2025-11-01;15;1.0123563556
26;2025-11-01;16;1.0123563556
26;2025-11-01;17;1.0123563556
26;2025-11-01;18;1.0123563556
26;2025-11-01;19;1.0123563556
26;2025-11-01;20;1.0123563556
26;2025-11-01;21;1.0123563556
26;2025-11-01;22;1.0123563556
26;2025-11-01;23;1.0123563556
26;2025-11-02;0;1.0138169109
26;2025-11-02;1;1.0138169109
26;2025-11-02;2;1.0138169109
26;2025-11-02;3;1.0138169109
26;2025-11-02;4;1.0138169109
26;2025-11-02;5;1.0138169109
26;2025-11-02;6;1.0138169109
26;2025-11-02;7;1.0138169109
26;2025-11-02;8;1.0138169109
26;2025-11-02;9;1.0138169109
26;2025-11-02;10;1.0138169109
26;2025-11-02;11;1.0138169109
26;2025-11-02;12;1.0138169109
26;2025-11-02;13;1.0138169109
26;2025-11-02;14;1.0138169109
26;2025-11-02;15;1.0138169109
26;2025-11-02;16;1.0138169109
26;2025-11-02;17;1.0138169109
26;2025-11-02;18;1.0138169109
26;2025-11-02;19;1.0138169109
26;2025-11-02;20;1.0138169109
26;2025-11-02;21;1.0138169109
26;2025-11-02;22;1.0138169109
26;2025-11-02;23;1.0138169109
26;2025-11-03;0;0.9743236388
26;2025-11-03;1;0.9743236388
26;2025-11-03;2;0.9743236388
26;2025-11-03;3;0.9743236388
26;2025-11-03;4;0.9743236388
26;2025-11-03;5;0.9743236388
26;2025-11-03;6;0.9743236388
26;2025-11-03;7;0.9743236388
26;2025-11-03;8;0.9743236388
26;2025-11-03;9;0.9743236388
26;2025-11-03;10;0.9743236388
26;2025-11-03;11;0.9743236388
26;2025-11-03;12;0.9743236388
26;2025-11-03;13;0.9743236388
26;2025-11-03;14;0.9743236388
26;2025-11-03;15;0.9743236388
26;2025-11-03;16;0.9743236388
26;2025-11-03;17;0.9743236388
26;2025-11-03;18;0.9743236388
26;2025-11-03;19;0.9743236388
26;2025-11-03;20;0.9743236388
26;2025-11-03;21;0.9743236388
26;2025-11-03;22;0.9743236388
26;2025-11-03;23;0.9743236388
26;2025-11-04;0;0.9694818524
26;2025-11-04;1;0.9694818524
26;2025-11-04;2;0.9694818524
26;2025-11-04;3;0.9694818524
26;2025-11-04;4;0.9694818524
26;2025-11-04;5;0.9694818524
26;2025-11-04;6;0.9694818524
26;2025-11-04;7;0.9694818524
26;2025-11-04;8;0.9694818524
26;2025-11-04;9;0.9694818524
26;2025-11-04;10;0.9694818524
26;2025-11-04;11;0.9694818524
26;2025-11-04;12;0.9694818524
26;2025-11-04;13;0.9694818524
26;2025-11-04;14;0.9694818524
26;2025-11-04;15;0.9694818524
26;2025-11-04;16;0.9694818524
26;2025-11-04;17;0.9694818524
26;2025-11-04;18;0.9694818524
26;2025-11-04;19;0.9694818524
26;2025-11-04;20;0.9694818524
26;2025-11-04;21;0.9694818524
26;2025-11-04;22;0.9694818524
26;2025-11-04;23;0.9694818524
26;2025-11-05;0;1.0183639767
26;2025-11-05;1;1.0183639767
26;2025-11-05;2;1.0183639767
26;2025-11-05;3;1.0183639767
26;2025-11-05;4;1.0183639767
26;2025-11-05;5;1.0183639767
26;2025-11-05;6;1.0183639767
26;2025-11-05;7;1.0183639767
26;2025-11-05;8;1.0183639767
26;2025-11-05;9;1.0183639767
26;2025-11-05;10;1.0183639767
26;2025-11-05;11;1.0183639767
26;2025-11-05;12;1.0183639767
26;2025-11-05;13;1.0183639767
26;2025-11-05;14;1.0183639767
26;2025-11-05;15;1.0183639767
26;2025-11-05;16;1.0183639767
26;2025-11-05;17;1.0183639767
26;2025-11-05;18;1.0183639767
26;2025-11-05;19;1.0183639767
26;2025-11-05;20;1.0183639767
26;2025-11-05;21;1.0183639767
26;2025-11-05;22;1.0183639767
26;2025-11-05;23;1.0183639767
26;2025-11-06;0;0.9960730071
26;2025-11-06;1;0.9960730071
26;2025-11-06;2;0.9960730071
26;2025-11-06;3;0.9960730071
26;2025-11-06;4;0.9960730071
26;2025-11-06;5;0.9960730071
26;2025-11-06;6;0.9960730071
26;2025-11-06;7;0.9960730071
26;2025-11-06;8;0.9960730071
26;2025-11-06;9;0.9960730071
26;2025-11-06;10;0.9960730071
26;2025-11-06;11;0.9960730071
26;2025-11-06;12;0.9960730071
26;2025-11-06;13;0.9960730071
26;2025-11-06;14;0.9960730071
26;2025-11-06;15;0.9960730071
26;2025-11-06;16;0.9960730071
26;2025-11-06;17;0.9960730071
26;2025-11-06;18;0.9960730071
26;2025-11-06;19;0.9960730071
26;2025-11-06;20;0.9960730071
26;2025-11-06;21;0.9960730071
26;2025-11-06;22;0.9960730071
26;2025-11-06;23;0.9960730071
26;2025-11-07;0;0.9926853634
26;2025-11-07;1;0.9926853634
26;2025-11-07;2;0.9926853634
26;2025-11-07;3;0.9926853634
26;2025-11-07;4;0.9926853634
26;2025-11-07;5;0.9926853634
26;2025-11-07;6;0.9926853634
26;2025-11-07;7;0.9926853634
26;2025-11-07;8;0.9926853634
26;2025-11-07;9;0.9926853634
26;2025-11-07;10;0.9926853634
26;2025-11-07;11;0.9926853634
26;2025-11-07;12;0.9926853634
26;2025-11-07;13;0.9926853634
26;2025-11-07;14;0.9926853634
26;2025-11-07;15;0.9926853634
26;2025-11-07;16;0.9926853634
26;2025-11-07;17;0.9926853634
26;2025-11-07;18;0.9926853634
26;2025-11-07;19;0.9926853634
26;2025-11-07;20;0.9926853634
26;2025-11-07;21;0.9926853634
26;2025-11-07;22;0.9926853634
26;2025-11-07;23;0.9926853634
26;2025-11-08;0;1.0140565501
26;2025-11-08;1;1.0140565501
26;2025-11-08;2;1.0140565501
26;2025-11-08;3;1.0140565501
26;2025-11-08;4;1.0140565501
26;2025-11-08;5;1.0140565501
26;2025-11-08;6;1.0140565501
26;2025-11-08;7;1.0140565501
26;2025-11-08;8;1.0140565501
26;2025-11-08;9;1.0140565501
26;2025-11-08;10;1.0140565501
26;2025-11-08;11;1.0140565501
26;2025-11-08;12;1.0140565501
26;2025-11-08;13;1.0140565501
26;2025-11-08;14;1.0140565501
26;2025-11-08;15;1.0140565501
26;2025-11-08;16;1.0140565501
26;2025-11-08;17;1.0140565501
26;2025-11-08;18;1.0140565501
26;2025-11-08;19;1.0140565501
26;2025-11-08;20;1.0140565501
26;2025-11-08;21;1.0140565501
26;2025-11-08;22;1.0140565501
26;2025-11-08;23;1.0140565501
26;2025-11-09;0;1.0121246429
26;2025-11-09;1;1.0121246429
26;2025-11-09;2;1.0121246429
26;2025-11-09;3;1.0121246429
26;2025-11-09;4;1.0121246429
26;2025-11-09;5;1.0121246429
26;2025-11-09;6;1.0121246429
26;2025-11-09;7;1.0121246429
26;2025-11-09;8;1.0121246429
26;2025-11-09;9;1.0121246429
26;2025-11-09;10;1.0121246429
26;2025-11-09;11;1.0121246429
26;2025-11-09;12;1.0121246429
26;2025-11-09;13;1.0121246429
26;2025-11-09;14;1.0121246429
26;2025-11-09;15;1.0121246429
26;2025-11-09;16;1.0121246429
26;2025-11-09;17;1.0121246429
26;2025-11-09;18;1.0121246429
26;2025-11-09;19;1.0121246429
26;2025-11-09;20;1.0121246429
26;2025-11-09;21;1.0121246429
26;2025-11-09;22;1.0121246429
26;2025-11-09;23;1.0121246429
26;2025-11-10;0;1.0127787619
26;2025-11-10;1;1.0127787619
26;2025-11-10;2;1.0127787619
26;2025-11-10;3;1.0127787619
26;2025-11-10;4;1.0127787619
26;2025-11-10;5;1.0127787619
26;2025-11-10;6;1.0127787619
26;2025-11-10;7;1.0127787619
26;2025-11-10;8;1.0127787619
26;2025-11-10;9;1.0127787619
26;2025-11-10;10;1.0127787619
26;2025-11-10;11;1.0127787619
26;2025-11-10;12;1.0127787619
26;2025-11-10;13;1.0127787619
26;2025-11-10;14;1.0127787619
26;2025-11-10;15;1.0127787619
26;2025-11-10;16;1.0127787619
26;2025-11-10;17;1.0127787619
26;2025-11-10;18;1.0127787619
26;2025-11-10;19;1.0127787619
26;2025-11-10;20;1.0127787619
26;2025-11-10;21;1.0127787619
26;2025-11-10;22;1.0127787619
26;2025-11-10;23;1.0127787619
26;2025-11-11;0;1.0155391184
26;2025-11-11;1;1.0155391184
26;2025-11-11;2;1.0155391184
26;2025-11-11;3;1.0155391184
26;2025-11-11;4;1.0155391184
26;2025-11-11;5;1.0155391184
26;2025-11-11;6;1.0155391184
26;2025-11-11;7;1.0155391184
26;2025-11-11;8;1.0155391184
26;2025-11-11;9;1.0155391184
26;2025-11-11;10;1.0155391184
26;2025-11-11;11;1.0155391184
26;2025-11-11;12;1.0155391184
26;2025-11-11;13;1.0155391184
26;2025-11-11;14;1.0155391184
26;2025-11-11;15;1.0155391184
26;2025-11-11;16;1.0155391184
26;2025-11-11;17;1.0155391184
26;2025-11-11;18;1.0155391184
26;2025-11-11;19;1.0155391184
26;2025-11-11;20;1.0155391184
26;2025-11-11;21;1.0155391184
26;2025-11-11;22;1.0155391184
26;2025-11-11;23;1.0155391184
26;2025-11-12;0;0.9993574627
26;2025-11-12;1;0.9993574627
26;2025-11-12;2;0.9993574627
26;2025-11-12;3;0.9993574627
26;2025-11-12;4;0.9993574627
26;2025-11-12;5;0.9993574627
26;2025-11-12;6;0.9993574627
26;2025-11-12;7;0.9993574627
26;2025-11-12;8;0.9993574627
26;2025-11-12;9;0.9993574627
26;2025-11-12;10;0.9993574627
26;2025-11-12;11;0.9993574627
26;2025-11-12;12;0.9993574627
26;2025-11-12;13;0.9993574627
26;2025-11-12;14;0.9993574627
26;2025-11-12;15;0.9993574627
26;2025-11-12;16;0.9993574627
26;2025-11-12;17;0.9993574627
26;2025-11-12;18;0.9993574627
26;2025-11-12;19;0.9993574627
26;2025-11-12;20;0.9993574627
26;2025-11-12;21;0.9993574627
26;2025-11-12;22;0.9993574627
26;2025-11-12;23;0.9993574627
26;2025-11-13;0;1.0111086917
26;2025-11-13;1;1.0111086917
26;2025-11-13;2;1.0111086917
26;2025-11-13;3;1.0111086917
26;2025-11-13;4;1.0111086917
26;2025-11-13;5;1.0111086917
26;2025-11-13;6;1.0111086917
26;2025-11-13;7;1.0111086917
26;2025-11-13;8;1.0111086917
26;2025-11-13;9;1.0111086917
26;2025-11-13;10;1.0111086917
26;2025-11-13;11;1.0111086917
26;2025-11-13;12;1.0111086917
26;2025-11-13;13;1.0111086917
26;2025-11-13;14;1.0111086917
26;2025-11-13;15;1.0111086917
26;2025-11-13;16;1.0111086917
26;2025-11-13;17;1.0111086917
26;2025-11-13;18;1.0111086917
26;2025-11-13;19;1.0111086917
26;2025-11-13;20;1.0111086917
26;2025-11-13;21;1.0111086917
26;2025-11-13;22;1.0111086917
26;2025-11-13;23;1.0111086917
26;2025-11-14;0;1.0035373777
26;2025-11-14;1;1.0035373777
26;2025-11-14;2;1.0035373777
26;2025-11-14;3;1.0035373777
26;2025-11-14;4;1.0035373777
26;2025-11-14;5;1.0035373777
26;2025-11-14;6;1.0035373777
26;2025-11-14;7;1.0035373777
26;2025-11-14;8;1.0035373777
26;2025-11-14;9;1.0035373777
26;2025-11-14;10;1.0035373777
26;2025-11-14;11;1.0035373777
26;2025-11-14;12;1.0035373777
26;2025-11-14;13;1.0035373777
26;2025-11-14;14;1.0035373777
26;2025-11-14;15;1.0035373777
26;2025-11-14;16;1.0035373777
26;2025-11-14;17;1.0035373777
26;2025-11-14;18;1.0035373777
26;2025-11-14;19;1.0035373777
26;2025-11-14;20;1.0035373777
26;2025-11-14;21;1.0035373777
26;2025-11-14;22;1.0035373777
26;2025-11-14;23;1.0035373777
26;2025-11-15;0;0.9318392958
26;2025-11-15;1;0.9318392958
26;2025-11-15;2;0.9318392958
26;2025-11-15;3;0.9318392958
26;2025-11-15;4;0.9318392958
26;2025-11-15;5;0.9318392958
26;2025-11-15;6;0.9318392958
26;2025-11-15;7;0.9318392958
26;2025-11-15;8;0.9318392958
26;2025-11-15;9;0.9318392958
26;2025-11-15;10;0.9318392958
26;2025-11-15;11;0.9318392958
26;2025-11-15;12;0.9318392958
26;2025-11-15;13;0.9318392958
26;2025-11-15;14;0.9318392958
26;2025-11-15;15;0.9318392958
26;2025-11-15;16;0.9318392958
26;2025-11-15;17;0.9318392958
26;2025-11-15;18;0.9318392958
26;2025-11-15;19;0.9318392958
26;2025-11-15;20;0.9318392958
26;2025-11-15;21;0.9318392958
26;2025-11-15;22;0.9318392958
26;2025-11-15;23;0.9318392958
26;2025-11-16;0;1.0157930772
26;2025-11-16;1;1.0157930772
26;2025-11-16;2;1.0157930772
26;2025-11-16;3;1.0157930772
26;2025-11-16;4;1.0157930772
26;2025-11-16;5;1.0157930772
26;2025-11-16;6;1.0157930772
26;2025-11-16;7;1.0157930772
26;2025-11-16;8;1.0157930772
26;2025-11-16;9;1.0157930772
26;2025-11-16;10;1.0157930772
26;2025-11-16;11;1.0157930772
26;2025-11-16;12;1.0157930772
26;2025-11-16;13;1.0157930772
26;2025-11-16;14;1.0157930772
26;2025-11-16;15;1.0157930772
26;2025-11-16;16;1.0157930772
26;2025-11-16;17;1.0157930772
26;2025-11-16;18;1.0157930772
26;2025-11-16;19;1.0157930772
26;2025-11-16;20;1.0157930772
26;2025-11-16;21;1.0157930772
26;2025-11-16;22;1.0157930772
26;2025-11-16;23;1.0157930772
26;2025-11-17;0;0.9858461373
26;2025-11-17;1;0.9858461373
26;2025-11-17;2;0.9858461373
26;2025-11-17;3;0.9858461373
26;2025-11-17;4;0.9858461373
26;2025-11-17;5;0.9858461373
26;2025-11-17;6;0.9858461373
26;2025-11-17;7;0.9858461373
26;2025-11-17;8;0.9858461373
26;2025-11-17;9;0.9858461373
26;2025-11-17;10;0.9858461373
26;2025-11-17;11;0.9858461373
26;2025-11-17;12;0.9858461373
26;2025-11-17;13;0.9858461373
26;2025-11-17;14;0.9858461373
26;2025-11-17;15;0.9858461373
26;2025-11-17;16;0.9858461373
26;2025-11-17;17;0.9858461373
26;2025-11-17;18;0.9858461373
26;2025-11-17;19;0.9858461373
26;2025-11-17;20;0.9858461373
26;2025-11-17;21;0.9858461373
26;2025-11-17;22;0.9858461373
26;2025-11-17;23;0.9858461373
26;2025-11-18;0;0.9540599578
26;2025-11-18;1;0.9540599578
26;2025-11-18;2;0.9540599578
26;2025-11-18;3;0.9540599578
26;2025-11-18;4;0.9540599578
26;2025-11-18;5;0.9540599578
26;2025-11-18;6;0.9540599578
26;2025-11-18;7;0.9540599578
26;2025-11-18;8;0.9540599578
26;2025-11-18;9;0.9540599578
26;2025-11-18;10;0.9540599578
26;2025-11-18;11;0.9540599578
26;2025-11-18;12;0.9540599578
26;2025-11-18;13;0.9540599578
26;2025-11-18;14;0.9540599578
26;2025-11-18;15;0.9540599578
26;2025-11-18;16;0.9540599578
26;2025-11-18;17;0.9540599578
26;2025-11-18;18;0.9540599578
26;2025-11-18;19;0.9540599578
26;2025-11-18;20;0.9540599578
26;2025-11-18;21;0.9540599578
26;2025-11-18;22;0.9540599578
26;2025-11-18;23;0.9540599578
26;2025-11-19;0;1.016164475
26;2025-11-19;1;1.016164475
26;2025-11-19;2;1.016164475
26;2025-11-19;3;1.016164475
26;2025-11-19;4;1.016164475
26;2025-11-19;5;1.016164475
26;2025-11-19;6;1.016164475
26;2025-11-19;7;1.016164475
26;2025-11-19;8;1.016164475
26;2025-11-19;9;1.016164475
26;2025-11-19;10;1.016164475
26;2025-11-19;11;1.016164475
26;2025-11-19;12;1.016164475
26;2025-11-19;13;1.016164475
26;2025-11-19;14;1.016164475
26;2025-11-19;15;1.016164475
26;2025-11-19;16;1.016164475
26;2025-11-19;17;1.016164475
26;2025-11-19;18;1.016164475
26;2025-11-19;19;1.016164475
26;2025-11-19;20;1.016164475
26;2025-11-19;21;1.016164475
26;2025-11-19;22;1.016164475
26;2025-11-19;23;1.016164475
26;2025-11-20;0;1.014549952
26;2025-11-20;1;1.014549952
26;2025-11-20;2;1.014549952
26;2025-11-20;3;1.014549952
26;2025-11-20;4;1.014549952
26;2025-11-20;5;1.014549952
26;2025-11-20;6;1.014549952
26;2025-11-20;7;1.014549952
26;2025-11-20;8;1.014549952
26;2025-11-20;9;1.014549952
26;2025-11-20;10;1.014549952
26;2025-11-20;11;1.014549952
26;2025-11-20;12;1.014549952
26;2025-11-20;13;1.014549952
26;2025-11-20;14;1.014549952
26;2025-11-20;15;1.014549952
26;2025-11-20;16;1.014549952
26;2025-11-20;17;1.014549952
26;2025-11-20;18;1.014549952
26;2025-11-20;19;1.014549952
26;2025-11-20;20;1.014549952
26;2025-11-20;21;1.014549952
26;2025-11-20;22;1.014549952
26;2025-11-20;23;1.014549952
26;2025-11-21;0;1.0049686723
26;2025-11-21;1;1.0049686723
26;2025-11-21;2;1.0049686723
26;2025-11-21;3;1.0049686723
26;2025-11-21;4;1.0049686723
26;2025-11-21;5;1.0049686723
26;2025-11-21;6;1.0049686723
26;2025-11-21;7;1.0049686723
26;2025-11-21;8;1.0049686723
26;2025-11-21;9;1.0049686723
26;2025-11-21;10;1.0049686723
26;2025-11-21;11;1.0049686723
26;2025-11-21;12;1.0049686723
26;2025-11-21;13;1.0049686723
26;2025-11-21;14;1.0049686723
26;2025-11-21;15;1.0049686723
26;2025-11-21;16;1.0049686723
26;2025-11-21;17;1.0049686723
26;2025-11-21;18;1.0049686723
26;2025-11-21;19;1.0049686723
26;2025-11-21;20;1.0049686723
26;2025-11-21;21;1.0049686723
26;2025-11-21;22;1.0049686723
26;2025-11-21;23;1.0049686723
26;2025-11-22;0;0.975436075
26;2025-11-22;1;0.975436075
26;2025-11-22;2;0.975436075
26;2025-11-22;3;0.975436075
26;2025-11-22;4;0.975436075
26;2025-11-22;5;0.975436075
26;2025-11-22;6;0.975436075
26;2025-11-22;7;0.975436075
26;2025-11-22;8;0.975436075
26;2025-11-22;9;0.975436075
26;2025-11-22;10;0.975436075
26;2025-11-22;11;0.975436075
26;2025-11-22;12;0.975436075
26;2025-11-22;13;0.975436075
26;2025-11-22;14;0.975436075
26;2025-11-22;15;0.975436075
26;2025-11-22;16;0.975436075
26;2025-11-22;17;0.975436075
26;2025-11-22;18;0.975436075
26;2025-11-22;19;0.975436075
26;2025-11-22;20;0.975436075
26;2025-11-22;21;0.975436075
26;2025-11-22;22;0.975436075
26;2025-11-22;23;0.975436075
26;2025-11-23;0;1.0179030453
26;2025-11-23;1;1.0179030453
26;2025-11-23;2;1.0179030453
26;2025-11-23;3;1.0179030453
26;2025-11-23;4;1.0179030453
26;2025-11-23;5;1.0179030453
26;2025-11-23;6;1.0179030453
26;2025-11-23;7;1.0179030453
26;2025-11-23;8;1.0179030453
26;2025-11-23;9;1.0179030453
26;2025-11-23;10;1.0179030453
26;2025-11-23;11;1.0179030453
26;2025-11-23;12;1.0179030453
26;2025-11-23;13;1.0179030453
26;2025-11-23;14;1.0179030453
26;2025-11-23;15;1.0179030453
26;2025-11-23;16;1.0179030453
26;2025-11-23;17;1.0179030453
26;2025-11-23;18;1.0179030453
26;2025-11-23;19;1.0179030453
26;2025-11-23;20;1.0179030453
26;2025-11-23;21;1.0179030453
26;2025-11-23;22;1.0179030453
26;2025-11-23;23;1.0179030453
26;2025-11-24;0;0.9464505179
26;2025-11-24;1;0.9464505179
26;2025-11-24;2;0.9464505179
26;2025-11-24;3;0.9464505179
26;2025-11-24;4;0.9464505179
26;2025-11-24;5;0.9464505179
26;2025-11-24;6;0.9464505179
26;2025-11-24;7;0.9464505179
26;2025-11-24;8;0.9464505179
26;2025-11-24;9;0.9464505179
26;2025-11-24;10;0.9464505179
26;2025-11-24;11;0.9464505179
26;2025-11-24;12;0.9464505179
26;2025-11-24;13;0.9464505179
26;2025-11-24;14;0.9464505179
26;2025-11-24;15;0.9464505179
26;2025-11-24;16;0.9464505179
26;2025-11-24;17;0.9464505179
26;2025-11-24;18;0.9464505179
26;2025-11-24;19;0.9464505179
26;2025-11-24;20;0.9464505179
26;2025-11-24;21;0.9464505179
26;2025-11-24;22;0.9464505179
26;2025-11-24;23;0.9464505179
26;2025-11-25;0;1.0148531735
26;2025-11-25;1;1.0148531735
26;2025-11-25;2;1.0148531735
26;2025-11-25;3;1.0148531735
26;2025-11-25;4;1.0148531735
26;2025-11-25;5;1.0148531735
26;2025-11-25;6;1.0148531735
26;2025-11-25;7;1.0148531735
26;2025-11-25;8;1.0148531735
26;2025-11-25;9;1.0148531735
26;2025-11-25;10;1.0148531735
26;2025-11-25;11;1.0148531735
26;2025-11-25;12;1.0148531735
26;2025-11-25;13;1.0148531735
26;2025-11-25;14;1.0148531735
26;2025-11-25;15;1.0148531735
26;2025-11-25;16;1.0148531735
26;2025-11-25;17;1.0148531735
26;2025-11-25;18;1.0148531735
26;2025-11-25;19;1.0148531735
26;2025-11-25;20;1.0148531735
26;2025-11-25;21;1.0148531735
26;2025-11-25;22;1.0148531735
26;2025-11-25;23;1.0148531735
26;2025-11-26;0;0.9595684172
26;2025-11-26;1;0.9595684172
26;2025-11-26;2;0.9595684172
26;2025-11-26;3;0.9595684172
26;2025-11-26;4;0.9595684172
26;2025-11-26;5;0.9595684172
26;2025-11-26;6;0.9595684172
26;2025-11-26;7;0.9595684172
26;2025-11-26;8;0.9595684172
26;2025-11-26;9;0.9595684172
26;2025-11-26;10;0.9595684172
26;2025-11-26;11;0.9595684172
26;2025-11-26;12;0.9595684172
26;2025-11-26;13;0.9595684172
26;2025-11-26;14;0.9595684172
26;2025-11-26;15;0.9595684172
26;2025-11-26;16;0.9595684172
26;2025-11-26;17;0.9595684172
26;2025-11-26;18;0.9595684172
26;2025-11-26;19;0.9595684172
26;2025-11-26;20;0.9595684172
26;2025-11-26;21;0.9595684172
26;2025-11-26;22;0.9595684172
26;2025-11-26;23;0.9595684172
26;2025-11-27;0;0.9636474483
26;2025-11-27;1;0.9636474483
26;2025-11-27;2;0.9636474483
26;2025-11-27;3;0.9636474483
26;2025-11-27;4;0.9636474483
26;2025-11-27;5;0.9636474483
26;2025-11-27;6;0.9636474483
26;2025-11-27;7;0.9636474483
26;2025-11-27;8;0.9636474483
26;2025-11-27;9;0.9636474483
26;2025-11-27;10;0.9636474483
26;2025-11-27;11;0.9636474483
26;2025-11-27;12;0.9636474483
26;2025-11-27;13;0.9636474483
26;2025-11-27;14;0.9636474483
26;2025-11-27;15;0.9636474483
26;2025-11-27;16;0.9636474483
26;2025-11-27;17;0.9636474483
26;2025-11-27;18;0.9636474483
26;2025-11-27;19;0.9636474483
26;2025-11-27;20;0.9636474483
26;2025-11-27;21;0.9636474483
26;2025-11-27;22;0.9636474483
26;2025-11-27;23;0.9636474483
26;2025-11-28;0;0.9705263127
26;2025-11-28;1;0.9705263127
26;2025-11-28;2;0.9705263127
26;2025-11-28;3;0.9705263127
26;2025-11-28;4;0.9705263127
26;2025-11-28;5;0.9705263127
26;2025-11-28;6;0.9705263127
26;2025-11-28;7;0.9705263127
26;2025-11-28;8;0.9705263127
26;2025-11-28;9;0.9705263127
26;2025-11-28;10;0.9705263127
26;2025-11-28;11;0.9705263127
26;2025-11-28;12;0.9705263127
26;2025-11-28;13;0.9705263127
26;2025-11-28;14;0.9705263127
26;2025-11-28;15;0.9705263127
26;2025-11-28;16;0.9705263127
26;2025-11-28;17;0.9705263127
26;2025-11-28;18;0.9705263127
26;2025-11-28;19;0.9705263127
26;2025-11-28;20;0.9705263127
26;2025-11-28;21;0.9705263127
26;2025-11-28;22;0.9705263127
26;2025-11-28;23;0.9705263127
26;2025-11-29;0;1.0159764513
26;2025-11-29;1;1.0159764513
26;2025-11-29;2;1.0159764513
26;2025-11-29;3;1.0159764513
26;2025-11-29;4;1.0159764513
26;2025-11-29;5;1.0159764513
26;2025-11-29;6;1.0159764513
26;2025-11-29;7;1.0159764513
26;2025-11-29;8;1.0159764513
26;2025-11-29;9;1.0159764513
26;2025-11-29;10;1.0159764513
26;2025-11-29;11;1.0159764513
26;2025-11-29;12;1.0159764513
26;2025-11-29;13;1.0159764513
26;2025-11-29;14;1.0159764513
26;2025-11-29;15;1.0159764513
26;2025-11-29;16;1.0159764513
26;2025-11-29;17;1.0159764513
26;2025-11-29;18;1.0159764513
26;2025-11-29;19;1.0159764513
26;2025-11-29;20;1.0159764513
26;2025-11-29;21;1.0159764513
26;2025-11-29;22;1.0159764513
26;2025-11-29;23;1.0159764513
26;2025-11-30;0;1.0109900767
26;2025-11-30;1;1.0109900767
26;2025-11-30;2;1.0109900767
26;2025-11-30;3;1.0109900767
26;2025-11-30;4;1.0109900767
26;2025-11-30;5;1.0109900767
26;2025-11-30;6;1.0109900767
26;2025-11-30;7;1.0109900767
26;2025-11-30;8;1.0109900767
26;2025-11-30;9;1.0109900767
26;2025-11-30;10;1.0109900767
26;2025-11-30;11;1.0109900767
26;2025-11-30;12;1.0109900767
26;2025-11-30;13;1.0109900767
26;2025-11-30;14;1.0109900767
26;2025-11-30;15;1.0109900767
26;2025-11-30;16;1.0109900767
26;2025-11-30;17;1.0109900767
26;2025-11-30;18;1.0109900767
26;2025-11-30;19;1.0109900767
26;2025-11-30;20;1.0109900767
26;2025-11-30;21;1.0109900767
26;2025-11-30;22;1.0109900767
26;2025-11-30;23;1.0109900767
26;2025-12-01;0;1.0116663654
26;2025-12-01;1;1.0116663654
26;2025-12-01;2;1.0116663654
26;2025-12-01;3;1.0116663654
26;2025-12-01;4;1.0116663654
26;2025-12-01;5;1.0116663654
26;2025-12-01;6;1.0116663654
26;2025-12-01;7;1.0116663654
26;2025-12-01;8;1.0116663654
26;2025-12-01;9;1.0116663654
26;2025-12-01;10;1.0116663654
26;2025-12-01;11;1.0116663654
26;2025-12-01;12;1.0116663654
26;2025-12-01;13;1.0116663654
26;2025-12-01;14;1.0116663654
26;2025-12-01;15;1.0116663654
26;2025-12-01;16;1.0116663654
26;2025-12-01;17;1.0116663654
26;2025-12-01;18;1.0116663654
26;2025-12-01;19;1.0116663654
26;2025-12-01;20;1.0116663654
26;2025-12-01;21;1.0116663654
26;2025-12-01;22;1.0116663654
26;2025-12-01;23;1.0116663654
26;2025-12-02;0;1.0109060535
26;2025-12-02;1;1.0109060535
26;2025-12-02;2;1.0109060535
26;2025-12-02;3;1.0109060535
26;2025-12-02;4;1.0109060535
26;2025-12-02;5;1.0109060535
26;2025-12-02;6;1.0109060535
26;2025-12-02;7;1.0109060535
26;2025-12-02;8;1.0109060535
26;2025-12-02;9;1.0109060535
26;2025-12-02;10;1.0109060535
26;2025-12-02;11;1.0109060535
26;2025-12-02;12;1.0109060535
26;2025-12-02;13;1.0109060535
26;2025-12-02;14;1.0109060535
26;2025-12-02;15;1.0109060535
26;2025-12-02;16;1.0109060535
26;2025-12-02;17;1.0109060535
26;2025-12-02;18;1.0109060535
26;2025-12-02;19;1.0109060535
26;2025-12-02;20;1.0109060535
26;2025-12-02;21;1.0109060535
26;2025-12-02;22;1.0109060535
26;2025-12-02;23;1.0109060535
26;2025-12-03;0;1.0118238405
26;2025-12-03;1;1.0118238405
26;2025-12-03;2;1.0118238405
26;2025-12-03;3;1.0118238405
26;2025-12-03;4;1.0118238405
26;2025-12-03;5;1.0118238405
26;2025-12-03;6;1.0118238405
26;2025-12-03;7;1.0118238405
26;2025-12-03;8;1.0118238405
26;2025-12-03;9;1.0118238405
26;2025-12-03;10;1.0118238405
26;2025-12-03;11;1.0118238405
26;2025-12-03;12;1.0118238405
26;2025-12-03;13;1.0118238405
26;2025-12-03;14;1.0118238405
26;2025-12-03;15;1.0118238405
26;2025-12-03;16;1.0118238405
26;2025-12-03;17;1.0118238405
26;2025-12-03;18;1.0118238405
26;2025-12-03;19;1.0118238405
26;2025-12-03;20;1.0118238405
26;2025-12-03;21;1.0118238405
26;2025-12-03;22;1.0118238405
26;2025-12-03;23;1.0118238405
26;2025-12-04;0;1.0105818038
26;2025-12-04;1;1.0105818038
26;2025-12-04;2;1.0105818038
26;2025-12-04;3;1.0105818038
26;2025-12-04;4;1.0105818038
26;2025-12-04;5;1.0105818038
26;2025-12-04;6;1.0105818038
26;2025-12-04;7;1.0105818038
26;2025-12-04;8;1.0105818038
26;2025-12-04;9;1.0105818038
26;2025-12-04;10;1.0105818038
26;2025-12-04;11;1.0105818038
26;2025-12-04;12;1.0105818038
26;2025-12-04;13;1.0105818038
26;2025-12-04;14;1.0105818038
26;2025-12-04;15;1.0105818038
26;2025-12-04;16;1.0105818038
26;2025-12-04;17;1.0105818038
26;2025-12-04;18;1.0105818038
26;2025-12-04;19;1.0105818038
26;2025-12-04;20;1.0105818038
26;2025-12-04;21;1.0105818038
26;2025-12-04;22;1.0105818038
26;2025-12-04;23;1.0105818038
26;2025-12-05;0;1.0106485531
26;2025-12-05;1;1.0106485531
26;2025-12-05;2;1.0106485531
26;2025-12-05;3;1.0106485531
26;2025-12-05;4;1.0106485531
26;2025-12-05;5;1.0106485531
26;2025-12-05;6;1.0106485531
26;2025-12-05;7;1.0106485531
26;2025-12-05;8;1.0106485531
26;2025-12-05;9;1.0106485531
26;2025-12-05;10;1.0106485531
26;2025-12-05;11;1.0106485531
26;2025-12-05;12;1.0106485531
26;2025-12-05;13;1.0106485531
26;2025-12-05;14;1.0106485531
26;2025-12-05;15;1.0106485531
26;2025-12-05;16;1.0106485531
26;2025-12-05;17;1.0106485531
26;2025-12-05;18;1.0106485531
26;2025-12-05;19;1.0106485531
26;2025-12-05;20;1.0106485531
26;2025-12-05;21;1.0106485531
26;2025-12-05;22;1.0106485531
26;2025-12-05;23;1.0106485531
26;2025-12-06;0;1.0139626791
26;2025-12-06;1;1.0139626791
26;2025-12-06;2;1.0139626791
26;2025-12-06;3;1.0139626791
26;2025-12-06;4;1.0139626791
26;2025-12-06;5;1.0139626791
26;2025-12-06;6;1.0139626791
26;2025-12-06;7;1.0139626791
26;2025-12-06;8;1.0139626791
26;2025-12-06;9;1.0139626791
26;2025-12-06;10;1.0139626791
26;2025-12-06;11;1.0139626791
26;2025-12-06;12;1.0139626791
26;2025-12-06;13;1.0139626791
26;2025-12-06;14;1.0139626791
26;2025-12-06;15;1.0139626791
26;2025-12-06;16;1.0139626791
26;2025-12-06;17;1.0139626791
26;2025-12-06;18;1.0139626791
26;2025-12-06;19;1.0139626791
26;2025-12-06;20;1.0139626791
26;2025-12-06;21;1.0139626791
26;2025-12-06;22;1.0139626791
26;2025-12-06;23;1.0139626791
26;2025-12-07;0;1.0156051182
26;2025-12-07;1;1.0156051182
26;2025-12-07;2;1.0156051182
26;2025-12-07;3;1.0156051182
26;2025-12-07;4;1.0156051182
26;2025-12-07;5;1.0156051182
26;2025-12-07;6;1.0156051182
26;2025-12-07;7;1.0156051182
26;2025-12-07;8;1.0156051182
26;2025-12-07;9;1.0156051182
26;2025-12-07;10;1.0156051182
26;2025-12-07;11;1.0156051182
26;2025-12-07;12;1.0156051182
26;2025-12-07;13;1.0156051182
26;2025-12-07;14;1.0156051182
26;2025-12-07;15;1.0156051182
26;2025-12-07;16;1.0156051182
26;2025-12-07;17;1.0156051182
26;2025-12-07;18;1.0156051182
26;2025-12-07;19;1.0156051182
26;2025-12-07;20;1.0156051182
26;2025-12-07;21;1.0156051182
26;2025-12-07;22;1.0156051182
26;2025-12-07;23;1.0156051182
26;2025-12-08;0;1.0132147706
26;2025-12-08;1;1.0132147706
26;2025-12-08;2;1.0132147706
26;2025-12-08;3;1.0132147706
26;2025-12-08;4;1.0132147706
26;2025-12-08;5;1.0132147706
26;2025-12-08;6;1.0132147706
26;2025-12-08;7;1.0132147706
26;2025-12-08;8;1.0132147706
26;2025-12-08;9;1.0132147706
26;2025-12-08;10;1.0132147706
26;2025-12-08;11;1.0132147706
26;2025-12-08;12;1.0132147706
26;2025-12-08;13;1.0132147706
26;2025-12-08;14;1.0132147706
26;2025-12-08;15;1.0132147706
26;2025-12-08;16;1.0132147706
26;2025-12-08;17;1.0132147706
26;2025-12-08;18;1.0132147706
26;2025-12-08;19;1.0132147706
26;2025-12-08;20;1.0132147706
26;2025-12-08;21;1.0132147706
26;2025-12-08;22;1.0132147706
26;2025-12-08;23;1.0132147706
26;2025-12-09;0;1.0139112952
26;2025-12-09;1;1.0139112952
26;2025-12-09;2;1.0139112952
26;2025-12-09;3;1.0139112952
26;2025-12-09;4;1.0139112952
26;2025-12-09;5;1.0139112952
26;2025-12-09;6;1.0139112952
26;2025-12-09;7;1.0139112952
26;2025-12-09;8;1.0139112952
26;2025-12-09;9;1.0139112952
26;2025-12-09;10;1.0139112952
26;2025-12-09;11;1.0139112952
26;2025-12-09;12;1.0139112952
26;2025-12-09;13;1.0139112952
26;2025-12-09;14;1.0139112952
26;2025-12-09;15;1.0139112952
26;2025-12-09;16;1.0139112952
26;2025-12-09;17;1.0139112952
26;2025-12-09;18;1.0139112952
26;2025-12-09;19;1.0139112952
26;2025-12-09;20;1.0139112952
26;2025-12-09;21;1.0139112952
26;2025-12-09;22;1.0139112952
26;2025-12-09;23;1.0139112952
26;2025-12-10;0;1.0004922775
26;2025-12-10;1;1.0004922775
26;2025-12-10;2;1.0004922775
26;2025-12-10;3;1.0004922775
26;2025-12-10;4;1.0004922775
26;2025-12-10;5;1.0004922775
26;2025-12-10;6;1.0004922775
26;2025-12-10;7;1.0004922775
26;2025-12-10;8;1.0004922775
26;2025-12-10;9;1.0004922775
26;2025-12-10;10;1.0004922775
26;2025-12-10;11;1.0004922775
26;2025-12-10;12;1.0004922775
26;2025-12-10;13;1.0004922775
26;2025-12-10;14;1.0004922775
26;2025-12-10;15;1.0004922775
26;2025-12-10;16;1.0004922775
26;2025-12-10;17;1.0004922775
26;2025-12-10;18;1.0004922775
26;2025-12-10;19;1.0004922775
26;2025-12-10;20;1.0004922775
26;2025-12-10;21;1.0004922775
26;2025-12-10;22;1.0004922775
26;2025-12-10;23;1.0004922775
26;2025-12-11;0;0.9819489491
26;2025-12-11;1;0.9819489491
26;2025-12-11;2;0.9819489491
26;2025-12-11;3;0.9819489491
26;2025-12-11;4;0.9819489491
26;2025-12-11;5;0.9819489491
26;2025-12-11;6;0.9819489491
26;2025-12-11;7;0.9819489491
26;2025-12-11;8;0.9819489491
26;2025-12-11;9;0.9819489491
26;2025-12-11;10;0.9819489491
26;2025-12-11;11;0.9819489491
26;2025-12-11;12;0.9819489491
26;2025-12-11;13;0.9819489491
26;2025-12-11;14;0.9819489491
26;2025-12-11;15;0.9819489491
26;2025-12-11;16;0.9819489491
26;2025-12-11;17;0.9819489491
26;2025-12-11;18;0.9819489491
26;2025-12-11;19;0.9819489491
26;2025-12-11;20;0.9819489491
26;2025-12-11;21;0.9819489491
26;2025-12-11;22;0.9819489491
26;2025-12-11;23;0.9819489491
26;2025-12-12;0;0.9762209706
26;2025-12-12;1;0.9762209706
26;2025-12-12;2;0.9762209706
26;2025-12-12;3;0.9762209706
26;2025-12-12;4;0.9762209706
26;2025-12-12;5;0.9762209706
26;2025-12-12;6;0.9762209706
26;2025-12-12;7;0.9762209706
26;2025-12-12;8;0.9762209706
26;2025-12-12;9;0.9762209706
26;2025-12-12;10;0.9762209706
26;2025-12-12;11;0.9762209706
26;2025-12-12;12;0.9762209706
26;2025-12-12;13;0.9762209706
26;2025-12-12;14;0.9762209706
26;2025-12-12;15;0.9762209706
26;2025-12-12;16;0.9762209706
26;2025-12-12;17;0.9762209706
26;2025-12-12;18;0.9762209706
26;2025-12-12;19;0.9762209706
26;2025-12-12;20;0.9762209706
26;2025-12-12;21;0.9762209706
26;2025-12-12;22;0.9762209706
26;2025-12-12;23;0.9762209706
26;2025-12-13;0;0.9958577729
26;2025-12-13;1;0.9958577729
26;2025-12-13;2;0.9958577729
26;2025-12-13;3;0.9958577729
26;2025-12-13;4;0.9958577729
26;2025-12-13;5;0.9958577729
26;2025-12-13;6;0.9958577729
26;2025-12-13;7;0.9958577729
26;2025-12-13;8;0.9958577729
26;2025-12-13;9;0.9958577729
26;2025-12-13;10;0.9958577729
26;2025-12-13;11;0.9958577729
26;2025-12-13;12;0.9958577729
26;2025-12-13;13;0.9958577729
26;2025-12-13;14;0.9958577729
26;2025-12-13;15;0.9958577729
26;2025-12-13;16;0.9958577729
26;2025-12-13;17;0.9958577729
26;2025-12-13;18;0.9958577729
26;2025-12-13;19;0.9958577729
26;2025-12-13;20;0.9958577729
26;2025-12-13;21;0.9958577729
26;2025-12-13;22;0.9958577729
26;2025-12-13;23;0.9958577729
26;2025-12-14;0;1.0113444092
26;2025-12-14;1;1.0113444092
26;2025-12-14;2;1.0113444092
26;2025-12-14;3;1.0113444092
26;2025-12-14;4;1.0113444092
26;2025-12-14;5;1.0113444092
26;2025-12-14;6;1.0113444092
26;2025-12-14;7;1.0113444092
26;2025-12-14;8;1.0113444092
26;2025-12-14;9;1.0113444092
26;2025-12-14;10;1.0113444092
26;2025-12-14;11;1.0113444092
26;2025-12-14;12;1.0113444092
26;2025-12-14;13;1.0113444092
26;2025-12-14;14;1.0113444092
26;2025-12-14;15;1.0113444092
26;2025-12-14;16;1.0113444092
26;2025-12-14;17;1.0113444092
26;2025-12-14;18;1.0113444092
26;2025-12-14;19;1.0113444092
26;2025-12-14;20;1.0113444092
26;2025-12-14;21;1.0113444092
26;2025-12-14;22;1.0113444092
26;2025-12-14;23;1.0113444092
26;2025-12-15;0;1.0127670883
26;2025-12-15;1;1.0127670883
26;2025-12-15;2;1.0127670883
26;2025-12-15;3;1.0127670883
26;2025-12-15;4;1.0127670883
26;2025-12-15;5;1.0127670883
26;2025-12-15;6;1.0127670883
26;2025-12-15;7;1.0127670883
26;2025-12-15;8;1.0127670883
26;2025-12-15;9;1.0127670883
26;2025-12-15;10;1.0127670883
26;2025-12-15;11;1.0127670883
26;2025-12-15;12;1.0127670883
26;2025-12-15;13;1.0127670883
26;2025-12-15;14;1.0127670883
26;2025-12-15;15;1.0127670883
26;2025-12-15;16;1.0127670883
26;2025-12-15;17;1.0127670883
26;2025-12-15;18;1.0127670883
26;2025-12-15;19;1.0127670883
26;2025-12-15;20;1.0127670883
26;2025-12-15;21;1.0127670883
26;2025-12-15;22;1.0127670883
26;2025-12-15;23;1.0127670883
26;2025-12-16;0;1.0005401571
26;2025-12-16;1;1.0005401571
26;2025-12-16;2;1.0005401571
26;2025-12-16;3;1.0005401571
26;2025-12-16;4;1.0005401571
26;2025-12-16;5;1.0005401571
26;2025-12-16;6;1.0005401571
26;2025-12-16;7;1.0005401571
26;2025-12-16;8;1.0005401571
26;2025-12-16;9;1.0005401571
26;2025-12-16;10;1.0005401571
26;2025-12-16;11;1.0005401571
26;2025-12-16;12;1.0005401571
26;2025-12-16;13;1.0005401571
26;2025-12-16;14;1.0005401571
26;2025-12-16;15;1.0005401571
26;2025-12-16;16;1.0005401571
26;2025-12-16;17;1.0005401571
26;2025-12-16;18;1.0005401571
26;2025-12-16;19;1.0005401571
26;2025-12-16;20;1.0005401571
26;2025-12-16;21;1.0005401571
26;2025-12-16;22;1.0005401571
26;2025-12-16;23;1.0005401571
26;2025-12-17;0;1.0115933317
26;2025-12-17;1;1.0115933317
26;2025-12-17;2;1.0115933317
26;2025-12-17;3;1.0115933317
26;2025-12-17;4;1.0115933317
26;2025-12-17;5;1.0115933317
26;2025-12-17;6;1.0115933317
26;2025-12-17;7;1.0115933317
26;2025-12-17;8;1.0115933317
26;2025-12-17;9;1.0115933317
26;2025-12-17;10;1.0115933317
26;2025-12-17;11;1.0115933317
26;2025-12-17;12;1.0115933317
26;2025-12-17;13;1.0115933317
26;2025-12-17;14;1.0115933317
26;2025-12-17;15;1.0115933317
26;2025-12-17;16;1.0115933317
26;2025-12-17;17;1.0115933317
26;2025-12-17;18;1.0115933317
26;2025-12-17;19;1.0115933317
26;2025-12-17;20;1.0115933317
26;2025-12-17;21;1.0115933317
26;2025-12-17;22;1.0115933317
26;2025-12-17;23;1.0115933317
26;2025-12-18;0;1.0185291249
26;2025-12-18;1;1.0185291249
26;2025-12-18;2;1.0185291249
26;2025-12-18;3;1.0185291249
26;2025-12-18;4;1.0185291249
26;2025-12-18;5;1.0185291249
26;2025-12-18;6;1.0185291249
26;2025-12-18;7;1.0185291249
26;2025-12-18;8;1.0185291249
26;2025-12-18;9;1.0185291249
26;2025-12-18;10;1.0185291249
26;2025-12-18;11;1.0185291249
26;2025-12-18;12;1.0185291249
26;2025-12-18;13;1.0185291249
26;2025-12-18;14;1.0185291249
26;2025-12-18;15;1.0185291249
26;2025-12-18;16;1.0185291249
26;2025-12-18;17;1.0185291249
26;2025-12-18;18;1.0185291249
26;2025-12-18;19;1.0185291249
26;2025-12-18;20;1.0185291249
26;2025-12-18;21;1.0185291249
26;2025-12-18;22;1.0185291249
26;2025-12-18;23;1.0185291249
26;2025-12-19;0;1.0067601885
26;2025-12-19;1;1.0067601885
26;2025-12-19;2;1.0067601885
26;2025-12-19;3;1.0067601885
26;2025-12-19;4;1.0067601885
26;2025-12-19;5;1.0067601885
26;2025-12-19;6;1.0067601885
26;2025-12-19;7;1.0067601885
26;2025-12-19;8;1.0067601885
26;2025-12-19;9;1.0067601885
26;2025-12-19;10;1.0067601885
26;2025-12-19;11;1.0067601885
26;2025-12-19;12;1.0067601885
26;2025-12-19;13;1.0067601885
26;2025-12-19;14;1.0067601885
26;2025-12-19;15;1.0067601885
26;2025-12-19;16;1.0067601885
26;2025-12-19;17;1.0067601885
26;2025-12-19;18;1.0067601885
26;2025-12-19;19;1.0067601885
26;2025-12-19;20;1.0067601885
26;2025-12-19;21;1.0067601885
26;2025-12-19;22;1.0067601885
26;2025-12-19;23;1.0067601885
26;2025-12-20;0;1.0142401786
26;2025-12-20;1;1.0142401786
26;2025-12-20;2;1.0142401786
26;2025-12-20;3;1.0142401786
26;2025-12-20;4;1.0142401786
26;2025-12-20;5;1.0142401786
26;2025-12-20;6;1.0142401786
26;2025-12-20;7;1.0142401786
26;2025-12-20;8;1.0142401786
26;2025-12-20;9;1.0142401786
26;2025-12-20;10;1.0142401786
26;2025-12-20;11;1.0142401786
26;2025-12-20;12;1.0142401786
26;2025-12-20;13;1.0142401786
26;2025-12-20;14;1.0142401786
26;2025-12-20;15;1.0142401786
26;2025-12-20;16;1.0142401786
26;2025-12-20;17;1.0142401786
26;2025-12-20;18;1.0142401786
26;2025-12-20;19;1.0142401786
26;2025-12-20;20;1.0142401786
26;2025-12-20;21;1.0142401786
26;2025-12-20;22;1.0142401786
26;2025-12-20;23;1.0142401786
26;2025-12-21;0;1.0042345911
26;2025-12-21;1;1.0042345911
26;2025-12-21;2;1.0042345911
26;2025-12-21;3;1.0042345911
26;2025-12-21;4;1.0042345911
26;2025-12-21;5;1.0042345911
26;2025-12-21;6;1.0042345911
26;2025-12-21;7;1.0042345911
26;2025-12-21;8;1.0042345911
26;2025-12-21;9;1.0042345911
26;2025-12-21;10;1.0042345911
26;2025-12-21;11;1.0042345911
26;2025-12-21;12;1.0042345911
26;2025-12-21;13;1.0042345911
26;2025-12-21;14;1.0042345911
26;2025-12-21;15;1.0042345911
26;2025-12-21;16;1.0042345911
26;2025-12-21;17;1.0042345911
26;2025-12-21;18;1.0042345911
26;2025-12-21;19;1.0042345911
26;2025-12-21;20;1.0042345911
26;2025-12-21;21;1.0042345911
26;2025-12-21;22;1.0042345911
26;2025-12-21;23;1.0042345911
26;2025-12-22;0;0.9921493973
26;2025-12-22;1;0.9921493973
26;2025-12-22;2;0.9921493973
26;2025-12-22;3;0.9921493973
26;2025-12-22;4;0.9921493973
26;2025-12-22;5;0.9921493973
26;2025-12-22;6;0.9921493973
26;2025-12-22;7;0.9921493973
26;2025-12-22;8;0.9921493973
26;2025-12-22;9;0.9921493973
26;2025-12-22;10;0.9921493973
26;2025-12-22;11;0.9921493973
26;2025-12-22;12;0.9921493973
26;2025-12-22;13;0.9921493973
26;2025-12-22;14;0.9921493973
26;2025-12-22;15;0.9921493973
26;2025-12-22;16;0.9921493973
26;2025-12-22;17;0.9921493973
26;2025-12-22;18;0.9921493973
26;2025-12-22;19;0.9921493973
26;2025-12-22;20;0.9921493973
26;2025-12-22;21;0.9921493973
26;2025-12-22;22;0.9921493973
26;2025-12-22;23;0.9921493973
26;2025-12-23;0;1.0174495642
26;2025-12-23;1;1.0174495642
26;2025-12-23;2;1.0174495642
26;2025-12-23;3;1.0174495642
26;2025-12-23;4;1.0174495642
26;2025-12-23;5;1.0174495642
26;2025-12-23;6;1.0174495642
26;2025-12-23;7;1.0174495642
26;2025-12-23;8;1.0174495642
26;2025-12-23;9;1.0174495642
26;2025-12-23;10;1.0174495642
26;2025-12-23;11;1.0174495642
26;2025-12-23;12;1.0174495642
26;2025-12-23;13;1.0174495642
26;2025-12-23;14;1.0174495642
26;2025-12-23;15;1.0174495642
26;2025-12-23;16;1.0174495642
26;2025-12-23;17;1.0174495642
26;2025-12-23;18;1.0174495642
26;2025-12-23;19;1.0174495642
26;2025-12-23;20;1.0174495642
26;2025-12-23;21;1.0174495642
26;2025-12-23;22;1.0174495642
26;2025-12-23;23;1.0174495642
26;2025-12-24;0;1.0109045194
26;2025-12-24;1;1.0109045194
26;2025-12-24;2;1.0109045194
26;2025-12-24;3;1.0109045194
26;2025-12-24;4;1.0109045194
26;2025-12-24;5;1.0109045194
26;2025-12-24;6;1.0109045194
26;2025-12-24;7;1.0109045194
26;2025-12-24;8;1.0109045194
26;2025-12-24;9;1.0109045194
26;2025-12-24;10;1.0109045194
26;2025-12-24;11;1.0109045194
26;2025-12-24;12;1.0109045194
26;2025-12-24;13;1.0109045194
26;2025-12-24;14;1.0109045194
26;2025-12-24;15;1.0109045194
26;2025-12-24;16;1.0109045194
26;2025-12-24;17;1.0109045194
26;2025-12-24;18;1.0109045194
26;2025-12-24;19;1.0109045194
26;2025-12-24;20;1.0109045194
26;2025-12-24;21;1.0109045194
26;2025-12-24;22;1.0109045194
26;2025-12-24;23;1.0109045194
26;2025-12-25;0;1.0020117615
26;2025-12-25;1;1.0020117615
26;2025-12-25;2;1.0020117615
26;2025-12-25;3;1.0020117615
26;2025-12-25;4;1.0020117615
26;2025-12-25;5;1.0020117615
26;2025-12-25;6;1.0020117615
26;2025-12-25;7;1.0020117615
26;2025-12-25;8;1.0020117615
26;2025-12-25;9;1.0020117615
26;2025-12-25;10;1.0020117615
26;2025-12-25;11;1.0020117615
26;2025-12-25;12;1.0020117615
26;2025-12-25;13;1.0020117615
26;2025-12-25;14;1.0020117615
26;2025-12-25;15;1.0020117615
26;2025-12-25;16;1.0020117615
26;2025-12-25;17;1.0020117615
26;2025-12-25;18;1.0020117615
26;2025-12-25;19;1.0020117615
26;2025-12-25;20;1.0020117615
26;2025-12-25;21;1.0020117615
26;2025-12-25;22;1.0020117615
26;2025-12-25;23;1.0020117615
26;2025-12-26;0;0.9567210994
26;2025-12-26;1;0.9567210994
26;2025-12-26;2;0.9567210994
26;2025-12-26;3;0.9567210994
26;2025-12-26;4;0.9567210994
26;2025-12-26;5;0.9567210994
26;2025-12-26;6;0.9567210994
26;2025-12-26;7;0.9567210994
26;2025-12-26;8;0.9567210994
26;2025-12-26;9;0.9567210994
26;2025-12-26;10;0.9567210994
26;2025-12-26;11;0.9567210994
26;2025-12-26;12;0.9567210994
26;2025-12-26;13;0.9567210994
26;2025-12-26;14;0.9567210994
26;2025-12-26;15;0.9567210994
26;2025-12-26;16;0.9567210994
26;2025-12-26;17;0.9567210994
26;2025-12-26;18;0.9567210994
26;2025-12-26;19;0.9567210994
26;2025-12-26;20;0.9567210994
26;2025-12-26;21;0.9567210994
26;2025-12-26;22;0.9567210994
26;2025-12-26;23;0.9567210994
26;2025-12-27;0;1.0059964499
26;2025-12-27;1;1.0059964499
26;2025-12-27;2;1.0059964499
26;2025-12-27;3;1.0059964499
26;2025-12-27;4;1.0059964499
26;2025-12-27;5;1.0059964499
26;2025-12-27;6;1.0059964499
26;2025-12-27;7;1.0059964499
26;2025-12-27;8;1.0059964499
26;2025-12-27;9;1.0059964499
26;2025-12-27;10;1.0059964499
26;2025-12-27;11;1.0059964499
26;2025-12-27;12;1.0059964499
26;2025-12-27;13;1.0059964499
26;2025-12-27;14;1.0059964499
26;2025-12-27;15;1.0059964499
26;2025-12-27;16;1.0059964499
26;2025-12-27;17;1.0059964499
26;2025-12-27;18;1.0059964499
26;2025-12-27;19;1.0059964499
26;2025-12-27;20;1.0059964499
26;2025-12-27;21;1.0059964499
26;2025-12-27;22;1.0059964499
26;2025-12-27;23;1.0059964499
26;2025-12-28;0;0.9963916664
26;2025-12-28;1;0.9963916664
26;2025-12-28;2;0.9963916664
26;2025-12-28;3;0.9963916664
26;2025-12-28;4;0.9963916664
26;2025-12-28;5;0.9963916664
26;2025-12-28;6;0.9963916664
26;2025-12-28;7;0.9963916664
26;2025-12-28;8;0.9963916664
26;2025-12-28;9;0.9963916664
26;2025-12-28;10;0.9963916664
26;2025-12-28;11;0.9963916664
26;2025-12-28;12;0.9963916664
26;2025-12-28;13;0.9963916664
26;2025-12-28;14;0.9963916664
26;2025-12-28;15;0.9963916664
26;2025-12-28;16;0.9963916664
26;2025-12-28;17;0.9963916664
26;2025-12-28;18;0.9963916664
26;2025-12-28;19;0.9963916664
26;2025-12-28;20;0.9963916664
26;2025-12-28;21;0.9963916664
26;2025-12-28;22;0.9963916664
26;2025-12-28;23;0.9963916664
26;2025-12-29;0;0.9988111107
26;2025-12-29;1;0.9988111107
26;2025-12-29;2;0.9988111107
26;2025-12-29;3;0.9988111107
26;2025-12-29;4;0.9988111107
26;2025-12-29;5;0.9988111107
26;2025-12-29;6;0.9988111107
26;2025-12-29;7;0.9988111107
26;2025-12-29;8;0.9988111107
26;2025-12-29;9;0.9988111107
26;2025-12-29;10;0.9988111107
26;2025-12-29;11;0.9988111107
26;2025-12-29;12;0.9988111107
26;2025-12-29;13;0.9988111107
26;2025-12-29;14;0.9988111107
26;2025-12-29;15;0.9988111107
26;2025-12-29;16;0.9988111107
26;2025-12-29;17;0.9988111107
26;2025-12-29;18;0.9988111107
26;2025-12-29;19;0.9988111107
26;2025-12-29;20;0.9988111107
26;2025-12-29;21;0.9988111107
26;2025-12-29;22;0.9988111107
26;2025-12-29;23;0.9988111107
26;2025-12-30;0;0.9927324369
26;2025-12-30;1;0.9927324369
26;2025-12-30;2;0.9927324369
26;2025-12-30;3;0.9927324369
26;2025-12-30;4;0.9927324369
26;2025-12-30;5;0.9927324369
26;2025-12-30;6;0.9927324369
26;2025-12-30;7;0.9927324369
26;2025-12-30;8;0.9927324369
26;2025-12-30;9;0.9927324369
26;2025-12-30;10;0.9927324369
26;2025-12-30;11;0.9927324369
26;2025-12-30;12;0.9927324369
26;2025-12-30;13;0.9927324369
26;2025-12-30;14;0.9927324369
26;2025-12-30;15;0.9927324369
26;2025-12-30;16;0.9927324369
26;2025-12-30;17;0.9927324369
26;2025-12-30;18;0.9927324369
26;2025-12-30;19;0.9927324369
26;2025-12-30;20;0.9927324369
26;2025-12-30;21;0.9927324369
26;2025-12-30;22;0.9927324369
26;2025-12-30;23;0.9927324369
26;2025-12-31;0;0.994798073
26;2025-12-31;1;0.994798073
26;2025-12-31;2;0.994798073
26;2025-12-31;3;0.994798073
26;2025-12-31;4;0.994798073
26;2025-12-31;5;0.994798073
26;2025-12-31;6;0.994798073
26;2025-12-31;7;0.994798073
26;2025-12-31;8;0.994798073
26;2025-12-31;9;0.994798073
26;2025-12-31;10;0.994798073
26;2025-12-31;11;0.994798073
26;2025-12-31;12;0.994798073
26;2025-12-31;13;0.994798073
26;2025-12-31;14;0.994798073
26;2025-12-31;15;0.994798073
26;2025-12-31;16;0.994798073
26;2025-12-31;17;0.994798073
26;2025-12-31;18;0.994798073
26;2025-12-31;19;0.994798073
26;2025-12-31;20;0.994798073
26;2025-12-31;21;0.994798073
26;2025-12-31;22;0.994798073
26;2025-12-31;23;0.994798073
28;2025-11-01;0;1.0098158019
28;2025-11-01;1;1.0098158019
28;2025-11-01;2;1.0098158019
28;2025-11-01;3;1.0098158019
28;2025-11-01;4;1.0098158019
28;2025-11-01;5;1.0098158019
28;2025-11-01;6;1.0098158019
28;2025-11-01;7;1.0098158019
28;2025-11-01;8;1.0098158019
28;2025-11-01;9;1.0098158019
28;2025-11-01;10;1.0098158019
28;2025-11-01;11;1.0098158019
28;2025-11-01;12;1.0098158019
28;2025-11-01;13;1.0098158019
28;2025-11-01;14;1.0098158019
28;2025-11-01;15;1.0098158019
28;2025-11-01;16;1.0098158019
28;2025-11-01;17;1.0098158019
28;2025-11-01;18;1.0098158019
28;2025-11-01;19;1.0098158019
28;2025-11-01;20;1.0098158019
28;2025-11-01;21;1.0098158019
28;2025-11-01;22;1.0098158019
28;2025-11-01;23;1.0098158019
28;2025-11-02;0;1.0146684135
28;2025-11-02;1;1.0146684135
28;2025-11-02;2;1.0146684135
28;2025-11-02;3;1.0146684135
28;2025-11-02;4;1.0146684135
28;2025-11-02;5;1.0146684135
28;2025-11-02;6;1.0146684135
28;2025-11-02;7;1.0146684135
28;2025-11-02;8;1.0146684135
28;2025-11-02;9;1.0146684135
28;2025-11-02;10;1.0146684135
28;2025-11-02;11;1.0146684135
28;2025-11-02;12;1.0146684135
28;2025-11-02;13;1.0146684135
28;2025-11-02;14;1.0146684135
28;2025-11-02;15;1.0146684135
28;2025-11-02;16;1.0146684135
28;2025-11-02;17;1.0146684135
28;2025-11-02;18;1.0146684135
28;2025-11-02;19;1.0146684135
28;2025-11-02;20;1.0146684135
28;2025-11-02;21;1.0146684135
28;2025-11-02;22;1.0146684135
28;2025-11-02;23;1.0146684135
28;2025-11-03;0;0.9712965993
28;2025-11-03;1;0.9712965993
28;2025-11-03;2;0.9712965993
28;2025-11-03;3;0.9712965993
28;2025-11-03;4;0.9712965993
28;2025-11-03;5;0.9712965993
28;2025-11-03;6;0.9712965993
28;2025-11-03;7;0.9712965993
28;2025-11-03;8;0.9712965993
28;2025-11-03;9;0.9712965993
28;2025-11-03;10;0.9712965993
28;2025-11-03;11;0.9712965993
28;2025-11-03;12;0.9712965993
28;2025-11-03;13;0.9712965993
28;2025-11-03;14;0.9712965993
28;2025-11-03;15;0.9712965993
28;2025-11-03;16;0.9712965993
28;2025-11-03;17;0.9712965993
28;2025-11-03;18;0.9712965993
28;2025-11-03;19;0.9712965993
28;2025-11-03;20;0.9712965993
28;2025-11-03;21;0.9712965993
28;2025-11-03;22;0.9712965993
28;2025-11-03;23;0.9712965993
28;2025-11-04;0;0.965207254
28;2025-11-04;1;0.965207254
28;2025-11-04;2;0.965207254
28;2025-11-04;3;0.965207254
28;2025-11-04;4;0.965207254
28;2025-11-04;5;0.965207254
28;2025-11-04;6;0.965207254
28;2025-11-04;7;0.965207254
28;2025-11-04;8;0.965207254
28;2025-11-04;9;0.965207254
28;2025-11-04;10;0.965207254
28;2025-11-04;11;0.965207254
28;2025-11-04;12;0.965207254
28;2025-11-04;13;0.965207254
28;2025-11-04;14;0.965207254
28;2025-11-04;15;0.965207254
28;2025-11-04;16;0.965207254
28;2025-11-04;17;0.965207254
28;2025-11-04;18;0.965207254
28;2025-11-04;19;0.965207254
28;2025-11-04;20;0.965207254
28;2025-11-04;21;0.965207254
28;2025-11-04;22;0.965207254
28;2025-11-04;23;0.965207254
28;2025-11-05;0;1.0116863697
28;2025-11-05;1;1.0116863697
28;2025-11-05;2;1.0116863697
28;2025-11-05;3;1.0116863697
28;2025-11-05;4;1.0116863697
28;2025-11-05;5;1.0116863697
28;2025-11-05;6;1.0116863697
28;2025-11-05;7;1.0116863697
28;2025-11-05;8;1.0116863697
28;2025-11-05;9;1.0116863697
28;2025-11-05;10;1.0116863697
28;2025-11-05;11;1.0116863697
28;2025-11-05;12;1.0116863697
28;2025-11-05;13;1.0116863697
28;2025-11-05;14;1.0116863697
28;2025-11-05;15;1.0116863697
28;2025-11-05;16;1.0116863697
28;2025-11-05;17;1.0116863697
28;2025-11-05;18;1.0116863697
28;2025-11-05;19;1.0116863697
28;2025-11-05;20;1.0116863697
28;2025-11-05;21;1.0116863697
28;2025-11-05;22;1.0116863697
28;2025-11-05;23;1.0116863697
28;2025-11-06;0;0.9948762287
28;2025-11-06;1;0.9948762287
28;2025-11-06;2;0.9948762287
28;2025-11-06;3;0.9948762287
28;2025-11-06;4;0.9948762287
28;2025-11-06;5;0.9948762287
28;2025-11-06;6;0.9948762287
28;2025-11-06;7;0.9948762287
28;2025-11-06;8;0.9948762287
28;2025-11-06;9;0.9948762287
28;2025-11-06;10;0.9948762287
28;2025-11-06;11;0.9948762287
28;2025-11-06;12;0.9948762287
28;2025-11-06;13;0.9948762287
28;2025-11-06;14;0.9948762287
28;2025-11-06;15;0.9948762287
28;2025-11-06;16;0.9948762287
28;2025-11-06;17;0.9948762287
28;2025-11-06;18;0.9948762287
28;2025-11-06;19;0.9948762287
28;2025-11-06;20;0.9948762287
28;2025-11-06;21;0.9948762287
28;2025-11-06;22;0.9948762287
28;2025-11-06;23;0.9948762287
28;2025-11-07;0;0.9951440794
28;2025-11-07;1;0.9951440794
28;2025-11-07;2;0.9951440794
28;2025-11-07;3;0.9951440794
28;2025-11-07;4;0.9951440794
28;2025-11-07;5;0.9951440794
28;2025-11-07;6;0.9951440794
28;2025-11-07;7;0.9951440794
28;2025-11-07;8;0.9951440794
28;2025-11-07;9;0.9951440794
28;2025-11-07;10;0.9951440794
28;2025-11-07;11;0.9951440794
28;2025-11-07;12;0.9951440794
28;2025-11-07;13;0.9951440794
28;2025-11-07;14;0.9951440794
28;2025-11-07;15;0.9951440794
28;2025-11-07;16;0.9951440794
28;2025-11-07;17;0.9951440794
28;2025-11-07;18;0.9951440794
28;2025-11-07;19;0.9951440794
28;2025-11-07;20;0.9951440794
28;2025-11-07;21;0.9951440794
28;2025-11-07;22;0.9951440794
28;2025-11-07;23;0.9951440794
28;2025-11-08;0;1.0113835114
28;2025-11-08;1;1.0113835114
28;2025-11-08;2;1.0113835114
28;2025-11-08;3;1.0113835114
28;2025-11-08;4;1.0113835114
28;2025-11-08;5;1.0113835114
28;2025-11-08;6;1.0113835114
28;2025-11-08;7;1.0113835114
28;2025-11-08;8;1.0113835114
28;2025-11-08;9;1.0113835114
28;2025-11-08;10;1.0113835114
28;2025-11-08;11;1.0113835114
28;2025-11-08;12;1.0113835114
28;2025-11-08;13;1.0113835114
28;2025-11-08;14;1.0113835114
28;2025-11-08;15;1.0113835114
28;2025-11-08;16;1.0113835114
28;2025-11-08;17;1.0113835114
28;2025-11-08;18;1.0113835114
28;2025-11-08;19;1.0113835114
28;2025-11-08;20;1.0113835114
28;2025-11-08;21;1.0113835114
28;2025-11-08;22;1.0113835114
28;2025-11-08;23;1.0113835114
28;2025-11-09;0;1.0196975961
28;2025-11-09;1;1.0196975961
28;2025-11-09;2;1.0196975961
28;2025-11-09;3;1.0196975961
28;2025-11-09;4;1.0196975961
28;2025-11-09;5;1.0196975961
28;2025-11-09;6;1.0196975961
28;2025-11-09;7;1.0196975961
28;2025-11-09;8;1.0196975961
28;2025-11-09;9;1.0196975961
28;2025-11-09;10;1.0196975961
28;2025-11-09;11;1.0196975961
28;2025-11-09;12;1.0196975961
28;2025-11-09;13;1.0196975961
28;2025-11-09;14;1.0196975961
28;2025-11-09;15;1.0196975961
28;2025-11-09;16;1.0196975961
28;2025-11-09;17;1.0196975961
28;2025-11-09;18;1.0196975961
28;2025-11-09;19;1.0196975961
28;2025-11-09;20;1.0196975961
28;2025-11-09;21;1.0196975961
28;2025-11-09;22;1.0196975961
28;2025-11-09;23;1.0196975961
28;2025-11-10;0;1.0116575061
28;2025-11-10;1;1.0116575061
28;2025-11-10;2;1.0116575061
28;2025-11-10;3;1.0116575061
28;2025-11-10;4;1.0116575061
28;2025-11-10;5;1.0116575061
28;2025-11-10;6;1.0116575061
28;2025-11-10;7;1.0116575061
28;2025-11-10;8;1.0116575061
28;2025-11-10;9;1.0116575061
28;2025-11-10;10;1.0116575061
28;2025-11-10;11;1.0116575061
28;2025-11-10;12;1.0116575061
28;2025-11-10;13;1.0116575061
28;2025-11-10;14;1.0116575061
28;2025-11-10;15;1.0116575061
28;2025-11-10;16;1.0116575061
28;2025-11-10;17;1.0116575061
28;2025-11-10;18;1.0116575061
28;2025-11-10;19;1.0116575061
28;2025-11-10;20;1.0116575061
28;2025-11-10;21;1.0116575061
28;2025-11-10;22;1.0116575061
28;2025-11-10;23;1.0116575061
28;2025-11-11;0;1.0130319937
28;2025-11-11;1;1.0130319937
28;2025-11-11;2;1.0130319937
28;2025-11-11;3;1.0130319937
28;2025-11-11;4;1.0130319937
28;2025-11-11;5;1.0130319937
28;2025-11-11;6;1.0130319937
28;2025-11-11;7;1.0130319937
28;2025-11-11;8;1.0130319937
28;2025-11-11;9;1.0130319937
28;2025-11-11;10;1.0130319937
28;2025-11-11;11;1.0130319937
28;2025-11-11;12;1.0130319937
28;2025-11-11;13;1.0130319937
28;2025-11-11;14;1.0130319937
28;2025-11-11;15;1.0130319937
28;2025-11-11;16;1.0130319937
28;2025-11-11;17;1.0130319937
28;2025-11-11;18;1.0130319937
28;2025-11-11;19;1.0130319937
28;2025-11-11;20;1.0130319937
28;2025-11-11;21;1.0130319937
28;2025-11-11;22;1.0130319937
28;2025-11-11;23;1.0130319937
28;2025-11-12;0;0.9988713942
28;2025-11-12;1;0.9988713942
28;2025-11-12;2;0.9988713942
28;2025-11-12;3;0.9988713942
28;2025-11-12;4;0.9988713942
28;2025-11-12;5;0.9988713942
28;2025-11-12;6;0.9988713942
28;2025-11-12;7;0.9988713942
28;2025-11-12;8;0.9988713942
28;2025-11-12;9;0.9988713942
28;2025-11-12;10;0.9988713942
28;2025-11-12;11;0.9988713942
28;2025-11-12;12;0.9988713942
28;2025-11-12;13;0.9988713942
28;2025-11-12;14;0.9988713942
28;2025-11-12;15;0.9988713942
28;2025-11-12;16;0.9988713942
28;2025-11-12;17;0.9988713942
28;2025-11-12;18;0.9988713942
28;2025-11-12;19;0.9988713942
28;2025-11-12;20;0.9988713942
28;2025-11-12;21;0.9988713942
28;2025-11-12;22;0.9988713942
28;2025-11-12;23;0.9988713942
28;2025-11-13;0;1.0064782127
28;2025-11-13;1;1.0064782127
28;2025-11-13;2;1.0064782127
28;2025-11-13;3;1.0064782127
28;2025-11-13;4;1.0064782127
28;2025-11-13;5;1.0064782127
28;2025-11-13;6;1.0064782127
28;2025-11-13;7;1.0064782127
28;2025-11-13;8;1.0064782127
28;2025-11-13;9;1.0064782127
28;2025-11-13;10;1.0064782127
28;2025-11-13;11;1.0064782127
28;2025-11-13;12;1.0064782127
28;2025-11-13;13;1.0064782127
28;2025-11-13;14;1.0064782127
28;2025-11-13;15;1.0064782127
28;2025-11-13;16;1.0064782127
28;2025-11-13;17;1.0064782127
28;2025-11-13;18;1.0064782127
28;2025-11-13;19;1.0064782127
28;2025-11-13;20;1.0064782127
28;2025-11-13;21;1.0064782127
28;2025-11-13;22;1.0064782127
28;2025-11-13;23;1.0064782127
28;2025-11-14;0;1.0071766971
28;2025-11-14;1;1.0071766971
28;2025-11-14;2;1.0071766971
28;2025-11-14;3;1.0071766971
28;2025-11-14;4;1.0071766971
28;2025-11-14;5;1.0071766971
28;2025-11-14;6;1.0071766971
28;2025-11-14;7;1.0071766971
28;2025-11-14;8;1.0071766971
28;2025-11-14;9;1.0071766971
28;2025-11-14;10;1.0071766971
28;2025-11-14;11;1.0071766971
28;2025-11-14;12;1.0071766971
28;2025-11-14;13;1.0071766971
28;2025-11-14;14;1.0071766971
28;2025-11-14;15;1.0071766971
28;2025-11-14;16;1.0071766971
28;2025-11-14;17;1.0071766971
28;2025-11-14;18;1.0071766971
28;2025-11-14;19;1.0071766971
28;2025-11-14;20;1.0071766971
28;2025-11-14;21;1.0071766971
28;2025-11-14;22;1.0071766971
28;2025-11-14;23;1.0071766971
28;2025-11-15;0;0.9162144848
28;2025-11-15;1;0.9162144848
28;2025-11-15;2;0.9162144848
28;2025-11-15;3;0.9162144848
28;2025-11-15;4;0.9162144848
28;2025-11-15;5;0.9162144848
28;2025-11-15;6;0.9162144848
28;2025-11-15;7;0.9162144848
28;2025-11-15;8;0.9162144848
28;2025-11-15;9;0.9162144848
28;2025-11-15;10;0.9162144848
28;2025-11-15;11;0.9162144848
28;2025-11-15;12;0.9162144848
28;2025-11-15;13;0.9162144848
28;2025-11-15;14;0.9162144848
28;2025-11-15;15;0.9162144848
28;2025-11-15;16;0.9162144848
28;2025-11-15;17;0.9162144848
28;2025-11-15;18;0.9162144848
28;2025-11-15;19;0.9162144848
28;2025-11-15;20;0.9162144848
28;2025-11-15;21;0.9162144848
28;2025-11-15;22;0.9162144848
28;2025-11-15;23;0.9162144848
28;2025-11-16;0;1.0148130651
28;2025-11-16;1;1.0148130651
28;2025-11-16;2;1.0148130651
28;2025-11-16;3;1.0148130651
28;2025-11-16;4;1.0148130651
28;2025-11-16;5;1.0148130651
28;2025-11-16;6;1.0148130651
28;2025-11-16;7;1.0148130651
28;2025-11-16;8;1.0148130651
28;2025-11-16;9;1.0148130651
28;2025-11-16;10;1.0148130651
28;2025-11-16;11;1.0148130651
28;2025-11-16;12;1.0148130651
28;2025-11-16;13;1.0148130651
28;2025-11-16;14;1.0148130651
28;2025-11-16;15;1.0148130651
28;2025-11-16;16;1.0148130651
28;2025-11-16;17;1.0148130651
28;2025-11-16;18;1.0148130651
28;2025-11-16;19;1.0148130651
28;2025-11-16;20;1.0148130651
28;2025-11-16;21;1.0148130651
28;2025-11-16;22;1.0148130651
28;2025-11-16;23;1.0148130651
28;2025-11-17;0;0.9795079457
28;2025-11-17;1;0.9795079457
28;2025-11-17;2;0.9795079457
28;2025-11-17;3;0.9795079457
28;2025-11-17;4;0.9795079457
28;2025-11-17;5;0.9795079457
28;2025-11-17;6;0.9795079457
28;2025-11-17;7;0.9795079457
28;2025-11-17;8;0.9795079457
28;2025-11-17;9;0.9795079457
28;2025-11-17;10;0.9795079457
28;2025-11-17;11;0.9795079457
28;2025-11-17;12;0.9795079457
28;2025-11-17;13;0.9795079457
28;2025-11-17;14;0.9795079457
28;2025-11-17;15;0.9795079457
28;2025-11-17;16;0.9795079457
28;2025-11-17;17;0.9795079457
28;2025-11-17;18;0.9795079457
28;2025-11-17;19;0.9795079457
28;2025-11-17;20;0.9795079457
28;2025-11-17;21;0.9795079457
28;2025-11-17;22;0.9795079457
28;2025-11-17;23;0.9795079457
28;2025-11-18;0;0.9597224475
28;2025-11-18;1;0.9597224475
28;2025-11-18;2;0.9597224475
28;2025-11-18;3;0.9597224475
28;2025-11-18;4;0.9597224475
28;2025-11-18;5;0.9597224475
28;2025-11-18;6;0.9597224475
28;2025-11-18;7;0.9597224475
28;2025-11-18;8;0.9597224475
28;2025-11-18;9;0.9597224475
28;2025-11-18;10;0.9597224475
28;2025-11-18;11;0.9597224475
28;2025-11-18;12;0.9597224475
28;2025-11-18;13;0.9597224475
28;2025-11-18;14;0.9597224475
28;2025-11-18;15;0.9597224475
28;2025-11-18;16;0.9597224475
28;2025-11-18;17;0.9597224475
28;2025-11-18;18;0.9597224475
28;2025-11-18;19;0.9597224475
28;2025-11-18;20;0.9597224475
28;2025-11-18;21;0.9597224475
28;2025-11-18;22;0.9597224475
28;2025-11-18;23;0.9597224475
28;2025-11-19;0;1.0078553036
28;2025-11-19;1;1.0078553036
28;2025-11-19;2;1.0078553036
28;2025-11-19;3;1.0078553036
28;2025-11-19;4;1.0078553036
28;2025-11-19;5;1.0078553036
28;2025-11-19;6;1.0078553036
28;2025-11-19;7;1.0078553036
28;2025-11-19;8;1.0078553036
28;2025-11-19;9;1.0078553036
28;2025-11-19;10;1.0078553036
28;2025-11-19;11;1.0078553036
28;2025-11-19;12;1.0078553036
28;2025-11-19;13;1.0078553036
28;2025-11-19;14;1.0078553036
28;2025-11-19;15;1.0078553036
28;2025-11-19;16;1.0078553036
28;2025-11-19;17;1.0078553036
28;2025-11-19;18;1.0078553036
28;2025-11-19;19;1.0078553036
28;2025-11-19;20;1.0078553036
28;2025-11-19;21;1.0078553036
28;2025-11-19;22;1.0078553036
28;2025-11-19;23;1.0078553036
28;2025-11-20;0;1.0033931424
28;2025-11-20;1;1.0033931424
28;2025-11-20;2;1.0033931424
28;2025-11-20;3;1.0033931424
28;2025-11-20;4;1.0033931424
28;2025-11-20;5;1.0033931424
28;2025-11-20;6;1.0033931424
28;2025-11-20;7;1.0033931424
28;2025-11-20;8;1.0033931424
28;2025-11-20;9;1.0033931424
28;2025-11-20;10;1.0033931424
28;2025-11-20;11;1.0033931424
28;2025-11-20;12;1.0033931424
28;2025-11-20;13;1.0033931424
28;2025-11-20;14;1.0033931424
28;2025-11-20;15;1.0033931424
28;2025-11-20;16;1.0033931424
28;2025-11-20;17;1.0033931424
28;2025-11-20;18;1.0033931424
28;2025-11-20;19;1.0033931424
28;2025-11-20;20;1.0033931424
28;2025-11-20;21;1.0033931424
28;2025-11-20;22;1.0033931424
28;2025-11-20;23;1.0033931424
28;2025-11-21;0;0.9983807272
28;2025-11-21;1;0.9983807272
28;2025-11-21;2;0.9983807272
28;2025-11-21;3;0.9983807272
28;2025-11-21;4;0.9983807272
28;2025-11-21;5;0.9983807272
28;2025-11-21;6;0.9983807272
28;2025-11-21;7;0.9983807272
28;2025-11-21;8;0.9983807272
28;2025-11-21;9;0.9983807272
28;2025-11-21;10;0.9983807272
28;2025-11-21;11;0.9983807272
28;2025-11-21;12;0.9983807272
28;2025-11-21;13;0.9983807272
28;2025-11-21;14;0.9983807272
28;2025-11-21;15;0.9983807272
28;2025-11-21;16;0.9983807272
28;2025-11-21;17;0.9983807272
28;2025-11-21;18;0.9983807272
28;2025-11-21;19;0.9983807272
28;2025-11-21;20;0.9983807272
28;2025-11-21;21;0.9983807272
28;2025-11-21;22;0.9983807272
28;2025-11-21;23;0.9983807272
28;2025-11-22;0;0.9669019508
28;2025-11-22;1;0.9669019508
28;2025-11-22;2;0.9669019508
28;2025-11-22;3;0.9669019508
28;2025-11-22;4;0.9669019508
28;2025-11-22;5;0.9669019508
28;2025-11-22;6;0.9669019508
28;2025-11-22;7;0.9669019508
28;2025-11-22;8;0.9669019508
28;2025-11-22;9;0.9669019508
28;2025-11-22;10;0.9669019508
28;2025-11-22;11;0.9669019508
28;2025-11-22;12;0.9669019508
28;2025-11-22;13;0.9669019508
28;2025-11-22;14;0.9669019508
28;2025-11-22;15;0.9669019508
28;2025-11-22;16;0.9669019508
28;2025-11-22;17;0.9669019508
28;2025-11-22;18;0.9669019508
28;2025-11-22;19;0.9669019508
28;2025-11-22;20;0.9669019508
28;2025-11-22;21;0.9669019508
28;2025-11-22;22;0.9669019508
28;2025-11-22;23;0.9669019508
28;2025-11-23;0;1.0097132204
28;2025-11-23;1;1.0097132204
28;2025-11-23;2;1.0097132204
28;2025-11-23;3;1.0097132204
28;2025-11-23;4;1.0097132204
28;2025-11-23;5;1.0097132204
28;2025-11-23;6;1.0097132204
28;2025-11-23;7;1.0097132204
28;2025-11-23;8;1.0097132204
28;2025-11-23;9;1.0097132204
28;2025-11-23;10;1.0097132204
28;2025-11-23;11;1.0097132204
28;2025-11-23;12;1.0097132204
28;2025-11-23;13;1.0097132204
28;2025-11-23;14;1.0097132204
28;2025-11-23;15;1.0097132204
28;2025-11-23;16;1.0097132204
28;2025-11-23;17;1.0097132204
28;2025-11-23;18;1.0097132204
28;2025-11-23;19;1.0097132204
28;2025-11-23;20;1.0097132204
28;2025-11-23;21;1.0097132204
28;2025-11-23;22;1.0097132204
28;2025-11-23;23;1.0097132204
28;2025-11-24;0;0.947285911
28;2025-11-24;1;0.947285911
28;2025-11-24;2;0.947285911
28;2025-11-24;3;0.947285911
28;2025-11-24;4;0.947285911
28;2025-11-24;5;0.947285911
28;2025-11-24;6;0.947285911
28;2025-11-24;7;0.947285911
28;2025-11-24;8;0.947285911
28;2025-11-24;9;0.947285911
28;2025-11-24;10;0.947285911
28;2025-11-24;11;0.947285911
28;2025-11-24;12;0.947285911
28;2025-11-24;13;0.947285911
28;2025-11-24;14;0.947285911
28;2025-11-24;15;0.947285911
28;2025-11-24;16;0.947285911
28;2025-11-24;17;0.947285911
28;2025-11-24;18;0.947285911
28;2025-11-24;19;0.947285911
28;2025-11-24;20;0.947285911
28;2025-11-24;21;0.947285911
28;2025-11-24;22;0.947285911
28;2025-11-24;23;0.947285911
28;2025-11-25;0;1.0121138524
28;2025-11-25;1;1.0121138524
28;2025-11-25;2;1.0121138524
28;2025-11-25;3;1.0121138524
28;2025-11-25;4;1.0121138524
28;2025-11-25;5;1.0121138524
28;2025-11-25;6;1.0121138524
28;2025-11-25;7;1.0121138524
28;2025-11-25;8;1.0121138524
28;2025-11-25;9;1.0121138524
28;2025-11-25;10;1.0121138524
28;2025-11-25;11;1.0121138524
28;2025-11-25;12;1.0121138524
28;2025-11-25;13;1.0121138524
28;2025-11-25;14;1.0121138524
28;2025-11-25;15;1.0121138524
28;2025-11-25;16;1.0121138524
28;2025-11-25;17;1.0121138524
28;2025-11-25;18;1.0121138524
28;2025-11-25;19;1.0121138524
28;2025-11-25;20;1.0121138524
28;2025-11-25;21;1.0121138524
28;2025-11-25;22;1.0121138524
28;2025-11-25;23;1.0121138524
28;2025-11-26;0;0.96194461
28;2025-11-26;1;0.96194461
28;2025-11-26;2;0.96194461
28;2025-11-26;3;0.96194461
28;2025-11-26;4;0.96194461
28;2025-11-26;5;0.96194461
28;2025-11-26;6;0.96194461
28;2025-11-26;7;0.96194461
28;2025-11-26;8;0.96194461
28;2025-11-26;9;0.96194461
28;2025-11-26;10;0.96194461
28;2025-11-26;11;0.96194461
28;2025-11-26;12;0.96194461
28;2025-11-26;13;0.96194461
28;2025-11-26;14;0.96194461
28;2025-11-26;15;0.96194461
28;2025-11-26;16;0.96194461
28;2025-11-26;17;0.96194461
28;2025-11-26;18;0.96194461
28;2025-11-26;19;0.96194461
28;2025-11-26;20;0.96194461
28;2025-11-26;21;0.96194461
28;2025-11-26;22;0.96194461
28;2025-11-26;23;0.96194461
28;2025-11-27;0;0.9679008787
28;2025-11-27;1;0.9679008787
28;2025-11-27;2;0.9679008787
28;2025-11-27;3;0.9679008787
28;2025-11-27;4;0.9679008787
28;2025-11-27;5;0.9679008787
28;2025-11-27;6;0.9679008787
28;2025-11-27;7;0.9679008787
28;2025-11-27;8;0.9679008787
28;2025-11-27;9;0.9679008787
28;2025-11-27;10;0.9679008787
28;2025-11-27;11;0.9679008787
28;2025-11-27;12;0.9679008787
28;2025-11-27;13;0.9679008787
28;2025-11-27;14;0.9679008787
28;2025-11-27;15;0.9679008787
28;2025-11-27;16;0.9679008787
28;2025-11-27;17;0.9679008787
28;2025-11-27;18;0.9679008787
28;2025-11-27;19;0.9679008787
28;2025-11-27;20;0.9679008787
28;2025-11-27;21;0.9679008787
28;2025-11-27;22;0.9679008787
28;2025-11-27;23;0.9679008787
28;2025-11-28;0;0.9759104201
28;2025-11-28;1;0.9759104201
28;2025-11-28;2;0.9759104201
28;2025-11-28;3;0.9759104201
28;2025-11-28;4;0.9759104201
28;2025-11-28;5;0.9759104201
28;2025-11-28;6;0.9759104201
28;2025-11-28;7;0.9759104201
28;2025-11-28;8;0.9759104201
28;2025-11-28;9;0.9759104201
28;2025-11-28;10;0.9759104201
28;2025-11-28;11;0.9759104201
28;2025-11-28;12;0.9759104201
28;2025-11-28;13;0.9759104201
28;2025-11-28;14;0.9759104201
28;2025-11-28;15;0.9759104201
28;2025-11-28;16;0.9759104201
28;2025-11-28;17;0.9759104201
28;2025-11-28;18;0.9759104201
28;2025-11-28;19;0.9759104201
28;2025-11-28;20;0.9759104201
28;2025-11-28;21;0.9759104201
28;2025-11-28;22;0.9759104201
28;2025-11-28;23;0.9759104201
28;2025-11-29;0;1.0102813157
28;2025-11-29;1;1.0102813157
28;2025-11-29;2;1.0102813157
28;2025-11-29;3;1.0102813157
28;2025-11-29;4;1.0102813157
28;2025-11-29;5;1.0102813157
28;2025-11-29;6;1.0102813157
28;2025-11-29;7;1.0102813157
28;2025-11-29;8;1.0102813157
28;2025-11-29;9;1.0102813157
28;2025-11-29;10;1.0102813157
28;2025-11-29;11;1.0102813157
28;2025-11-29;12;1.0102813157
28;2025-11-29;13;1.0102813157
28;2025-11-29;14;1.0102813157
28;2025-11-29;15;1.0102813157
28;2025-11-29;16;1.0102813157
28;2025-11-29;17;1.0102813157
28;2025-11-29;18;1.0102813157
28;2025-11-29;19;1.0102813157
28;2025-11-29;20;1.0102813157
28;2025-11-29;21;1.0102813157
28;2025-11-29;22;1.0102813157
28;2025-11-29;23;1.0102813157
28;2025-11-30;0;1.0097011705
28;2025-11-30;1;1.0097011705
28;2025-11-30;2;1.0097011705
28;2025-11-30;3;1.0097011705
28;2025-11-30;4;1.0097011705
28;2025-11-30;5;1.0097011705
28;2025-11-30;6;1.0097011705
28;2025-11-30;7;1.0097011705
28;2025-11-30;8;1.0097011705
28;2025-11-30;9;1.0097011705
28;2025-11-30;10;1.0097011705
28;2025-11-30;11;1.0097011705
28;2025-11-30;12;1.0097011705
28;2025-11-30;13;1.0097011705
28;2025-11-30;14;1.0097011705
28;2025-11-30;15;1.0097011705
28;2025-11-30;16;1.0097011705
28;2025-11-30;17;1.0097011705
28;2025-11-30;18;1.0097011705
28;2025-11-30;19;1.0097011705
28;2025-11-30;20;1.0097011705
28;2025-11-30;21;1.0097011705
28;2025-11-30;22;1.0097011705
28;2025-11-30;23;1.0097011705
28;2025-12-01;0;1.0109883636
28;2025-12-01;1;1.0109883636
28;2025-12-01;2;1.0109883636
28;2025-12-01;3;1.0109883636
28;2025-12-01;4;1.0109883636
28;2025-12-01;5;1.0109883636
28;2025-12-01;6;1.0109883636
28;2025-12-01;7;1.0109883636
28;2025-12-01;8;1.0109883636
28;2025-12-01;9;1.0109883636
28;2025-12-01;10;1.0109883636
28;2025-12-01;11;1.0109883636
28;2025-12-01;12;1.0109883636
28;2025-12-01;13;1.0109883636
28;2025-12-01;14;1.0109883636
28;2025-12-01;15;1.0109883636
28;2025-12-01;16;1.0109883636
28;2025-12-01;17;1.0109883636
28;2025-12-01;18;1.0109883636
28;2025-12-01;19;1.0109883636
28;2025-12-01;20;1.0109883636
28;2025-12-01;21;1.0109883636
28;2025-12-01;22;1.0109883636
28;2025-12-01;23;1.0109883636
28;2025-12-02;0;1.0104805309
28;2025-12-02;1;1.0104805309
28;2025-12-02;2;1.0104805309
28;2025-12-02;3;1.0104805309
28;2025-12-02;4;1.0104805309
28;2025-12-02;5;1.0104805309
28;2025-12-02;6;1.0104805309
28;2025-12-02;7;1.0104805309
28;2025-12-02;8;1.0104805309
28;2025-12-02;9;1.0104805309
28;2025-12-02;10;1.0104805309
28;2025-12-02;11;1.0104805309
28;2025-12-02;12;1.0104805309
28;2025-12-02;13;1.0104805309
28;2025-12-02;14;1.0104805309
28;2025-12-02;15;1.0104805309
28;2025-12-02;16;1.0104805309
28;2025-12-02;17;1.0104805309
28;2025-12-02;18;1.0104805309
28;2025-12-02;19;1.0104805309
28;2025-12-02;20;1.0104805309
28;2025-12-02;21;1.0104805309
28;2025-12-02;22;1.0104805309
28;2025-12-02;23;1.0104805309
28;2025-12-03;0;1.0053326788
28;2025-12-03;1;1.0053326788
28;2025-12-03;2;1.0053326788
28;2025-12-03;3;1.0053326788
28;2025-12-03;4;1.0053326788
28;2025-12-03;5;1.0053326788
28;2025-12-03;6;1.0053326788
28;2025-12-03;7;1.0053326788
28;2025-12-03;8;1.0053326788
28;2025-12-03;9;1.0053326788
28;2025-12-03;10;1.0053326788
28;2025-12-03;11;1.0053326788
28;2025-12-03;12;1.0053326788
28;2025-12-03;13;1.0053326788
28;2025-12-03;14;1.0053326788
28;2025-12-03;15;1.0053326788
28;2025-12-03;16;1.0053326788
28;2025-12-03;17;1.0053326788
28;2025-12-03;18;1.0053326788
28;2025-12-03;19;1.0053326788
28;2025-12-03;20;1.0053326788
28;2025-12-03;21;1.0053326788
28;2025-12-03;22;1.0053326788
28;2025-12-03;23;1.0053326788
28;2025-12-04;0;1.0058811301
28;2025-12-04;1;1.0058811301
28;2025-12-04;2;1.0058811301
28;2025-12-04;3;1.0058811301
28;2025-12-04;4;1.0058811301
28;2025-12-04;5;1.0058811301
28;2025-12-04;6;1.0058811301
28;2025-12-04;7;1.0058811301
28;2025-12-04;8;1.0058811301
28;2025-12-04;9;1.0058811301
28;2025-12-04;10;1.0058811301
28;2025-12-04;11;1.0058811301
28;2025-12-04;12;1.0058811301
28;2025-12-04;13;1.0058811301
28;2025-12-04;14;1.0058811301
28;2025-12-04;15;1.0058811301
28;2025-12-04;16;1.0058811301
28;2025-12-04;17;1.0058811301
28;2025-12-04;18;1.0058811301
28;2025-12-04;19;1.0058811301
28;2025-12-04;20;1.0058811301
28;2025-12-04;21;1.0058811301
28;2025-12-04;22;1.0058811301
28;2025-12-04;23;1.0058811301
28;2025-12-05;0;1.007221685
28;2025-12-05;1;1.007221685
28;2025-12-05;2;1.007221685
28;2025-12-05;3;1.007221685
28;2025-12-05;4;1.007221685
28;2025-12-05;5;1.007221685
28;2025-12-05;6;1.007221685
28;2025-12-05;7;1.007221685
28;2025-12-05;8;1.007221685
28;2025-12-05;9;1.007221685
28;2025-12-05;10;1.007221685
28;2025-12-05;11;1.007221685
28;2025-12-05;12;1.007221685
28;2025-12-05;13;1.007221685
28;2025-12-05;14;1.007221685
28;2025-12-05;15;1.007221685
28;2025-12-05;16;1.007221685
28;2025-12-05;17;1.007221685
28;2025-12-05;18;1.007221685
28;2025-12-05;19;1.007221685
28;2025-12-05;20;1.007221685
28;2025-12-05;21;1.007221685
28;2025-12-05;22;1.007221685
28;2025-12-05;23;1.007221685
28;2025-12-06;0;1.0134151826
28;2025-12-06;1;1.0134151826
28;2025-12-06;2;1.0134151826
28;2025-12-06;3;1.0134151826
28;2025-12-06;4;1.0134151826
28;2025-12-06;5;1.0134151826
28;2025-12-06;6;1.0134151826
28;2025-12-06;7;1.0134151826
28;2025-12-06;8;1.0134151826
28;2025-12-06;9;1.0134151826
28;2025-12-06;10;1.0134151826
28;2025-12-06;11;1.0134151826
28;2025-12-06;12;1.0134151826
28;2025-12-06;13;1.0134151826
28;2025-12-06;14;1.0134151826
28;2025-12-06;15;1.0134151826
28;2025-12-06;16;1.0134151826
28;2025-12-06;17;1.0134151826
28;2025-12-06;18;1.0134151826
28;2025-12-06;19;1.0134151826
28;2025-12-06;20;1.0134151826
28;2025-12-06;21;1.0134151826
28;2025-12-06;22;1.0134151826
28;2025-12-06;23;1.0134151826
28;2025-12-07;0;1.0155891188
28;2025-12-07;1;1.0155891188
28;2025-12-07;2;1.0155891188
28;2025-12-07;3;1.0155891188
28;2025-12-07;4;1.0155891188
28;2025-12-07;5;1.0155891188
28;2025-12-07;6;1.0155891188
28;2025-12-07;7;1.0155891188
28;2025-12-07;8;1.0155891188
28;2025-12-07;9;1.0155891188
28;2025-12-07;10;1.0155891188
28;2025-12-07;11;1.0155891188
28;2025-12-07;12;1.0155891188
28;2025-12-07;13;1.0155891188
28;2025-12-07;14;1.0155891188
28;2025-12-07;15;1.0155891188
28;2025-12-07;16;1.0155891188
28;2025-12-07;17;1.0155891188
28;2025-12-07;18;1.0155891188
28;2025-12-07;19;1.0155891188
28;2025-12-07;20;1.0155891188
28;2025-12-07;21;1.0155891188
28;2025-12-07;22;1.0155891188
28;2025-12-07;23;1.0155891188
28;2025-12-08;0;1.0096254982
28;2025-12-08;1;1.0096254982
28;2025-12-08;2;1.0096254982
28;2025-12-08;3;1.0096254982
28;2025-12-08;4;1.0096254982
28;2025-12-08;5;1.0096254982
28;2025-12-08;6;1.0096254982
28;2025-12-08;7;1.0096254982
28;2025-12-08;8;1.0096254982
28;2025-12-08;9;1.0096254982
28;2025-12-08;10;1.0096254982
28;2025-12-08;11;1.0096254982
28;2025-12-08;12;1.0096254982
28;2025-12-08;13;1.0096254982
28;2025-12-08;14;1.0096254982
28;2025-12-08;15;1.0096254982
28;2025-12-08;16;1.0096254982
28;2025-12-08;17;1.0096254982
28;2025-12-08;18;1.0096254982
28;2025-12-08;19;1.0096254982
28;2025-12-08;20;1.0096254982
28;2025-12-08;21;1.0096254982
28;2025-12-08;22;1.0096254982
28;2025-12-08;23;1.0096254982
28;2025-12-09;0;1.0073088093
28;2025-12-09;1;1.0073088093
28;2025-12-09;2;1.0073088093
28;2025-12-09;3;1.0073088093
28;2025-12-09;4;1.0073088093
28;2025-12-09;5;1.0073088093
28;2025-12-09;6;1.0073088093
28;2025-12-09;7;1.0073088093
28;2025-12-09;8;1.0073088093
28;2025-12-09;9;1.0073088093
28;2025-12-09;10;1.0073088093
28;2025-12-09;11;1.0073088093
28;2025-12-09;12;1.0073088093
28;2025-12-09;13;1.0073088093
28;2025-12-09;14;1.0073088093
28;2025-12-09;15;1.0073088093
28;2025-12-09;16;1.0073088093
28;2025-12-09;17;1.0073088093
28;2025-12-09;18;1.0073088093
28;2025-12-09;19;1.0073088093
28;2025-12-09;20;1.0073088093
28;2025-12-09;21;1.0073088093
28;2025-12-09;22;1.0073088093
28;2025-12-09;23;1.0073088093
28;2025-12-10;0;0.9915365087
28;2025-12-10;1;0.9915365087
28;2025-12-10;2;0.9915365087
28;2025-12-10;3;0.9915365087
28;2025-12-10;4;0.9915365087
28;2025-12-10;5;0.9915365087
28;2025-12-10;6;0.9915365087
28;2025-12-10;7;0.9915365087
28;2025-12-10;8;0.9915365087
28;2025-12-10;9;0.9915365087
28;2025-12-10;10;0.9915365087
28;2025-12-10;11;0.9915365087
28;2025-12-10;12;0.9915365087
28;2025-12-10;13;0.9915365087
28;2025-12-10;14;0.9915365087
28;2025-12-10;15;0.9915365087
28;2025-12-10;16;0.9915365087
28;2025-12-10;17;0.9915365087
28;2025-12-10;18;0.9915365087
28;2025-12-10;19;0.9915365087
28;2025-12-10;20;0.9915365087
28;2025-12-10;21;0.9915365087
28;2025-12-10;22;0.9915365087
28;2025-12-10;23;0.9915365087
28;2025-12-11;0;0.9796314448
28;2025-12-11;1;0.9796314448
28;2025-12-11;2;0.9796314448
28;2025-12-11;3;0.9796314448
28;2025-12-11;4;0.9796314448
28;2025-12-11;5;0.9796314448
28;2025-12-11;6;0.9796314448
28;2025-12-11;7;0.9796314448
28;2025-12-11;8;0.9796314448
28;2025-12-11;9;0.9796314448
28;2025-12-11;10;0.9796314448
28;2025-12-11;11;0.9796314448
28;2025-12-11;12;0.9796314448
28;2025-12-11;13;0.9796314448
28;2025-12-11;14;0.9796314448
28;2025-12-11;15;0.9796314448
28;2025-12-11;16;0.9796314448
28;2025-12-11;17;0.9796314448
28;2025-12-11;18;0.9796314448
28;2025-12-11;19;0.9796314448
28;2025-12-11;20;0.9796314448
28;2025-12-11;21;0.9796314448
28;2025-12-11;22;0.9796314448
28;2025-12-11;23;0.9796314448
28;2025-12-12;0;0.9785635039
28;2025-12-12;1;0.9785635039
28;2025-12-12;2;0.9785635039
28;2025-12-12;3;0.9785635039
28;2025-12-12;4;0.9785635039
28;2025-12-12;5;0.9785635039
28;2025-12-12;6;0.9785635039
28;2025-12-12;7;0.9785635039
28;2025-12-12;8;0.9785635039
28;2025-12-12;9;0.9785635039
28;2025-12-12;10;0.9785635039
28;2025-12-12;11;0.9785635039
28;2025-12-12;12;0.9785635039
28;2025-12-12;13;0.9785635039
28;2025-12-12;14;0.9785635039
28;2025-12-12;15;0.9785635039
28;2025-12-12;16;0.9785635039
28;2025-12-12;17;0.9785635039
28;2025-12-12;18;0.9785635039
28;2025-12-12;19;0.9785635039
28;2025-12-12;20;0.9785635039
28;2025-12-12;21;0.9785635039
28;2025-12-12;22;0.9785635039
28;2025-12-12;23;0.9785635039
28;2025-12-13;0;0.9977874178
28;2025-12-13;1;0.9977874178
28;2025-12-13;2;0.9977874178
28;2025-12-13;3;0.9977874178
28;2025-12-13;4;0.9977874178
28;2025-12-13;5;0.9977874178
28;2025-12-13;6;0.9977874178
28;2025-12-13;7;0.9977874178
28;2025-12-13;8;0.9977874178
28;2025-12-13;9;0.9977874178
28;2025-12-13;10;0.9977874178
28;2025-12-13;11;0.9977874178
28;2025-12-13;12;0.9977874178
28;2025-12-13;13;0.9977874178
28;2025-12-13;14;0.9977874178
28;2025-12-13;15;0.9977874178
28;2025-12-13;16;0.9977874178
28;2025-12-13;17;0.9977874178
28;2025-12-13;18;0.9977874178
28;2025-12-13;19;0.9977874178
28;2025-12-13;20;0.9977874178
28;2025-12-13;21;0.9977874178
28;2025-12-13;22;0.9977874178
28;2025-12-13;23;0.9977874178
28;2025-12-14;0;1.0006881517
28;2025-12-14;1;1.0006881517
28;2025-12-14;2;1.0006881517
28;2025-12-14;3;1.0006881517
28;2025-12-14;4;1.0006881517
28;2025-12-14;5;1.0006881517
28;2025-12-14;6;1.0006881517
28;2025-12-14;7;1.0006881517
28;2025-12-14;8;1.0006881517
28;2025-12-14;9;1.0006881517
28;2025-12-14;10;1.0006881517
28;2025-12-14;11;1.0006881517
28;2025-12-14;12;1.0006881517
28;2025-12-14;13;1.0006881517
28;2025-12-14;14;1.0006881517
28;2025-12-14;15;1.0006881517
28;2025-12-14;16;1.0006881517
28;2025-12-14;17;1.0006881517
28;2025-12-14;18;1.0006881517
28;2025-12-14;19;1.0006881517
28;2025-12-14;20;1.0006881517
28;2025-12-14;21;1.0006881517
28;2025-12-14;22;1.0006881517
28;2025-12-14;23;1.0006881517
28;2025-12-15;0;1.0096633565
28;2025-12-15;1;1.0096633565
28;2025-12-15;2;1.0096633565
28;2025-12-15;3;1.0096633565
28;2025-12-15;4;1.0096633565
28;2025-12-15;5;1.0096633565
28;2025-12-15;6;1.0096633565
28;2025-12-15;7;1.0096633565
28;2025-12-15;8;1.0096633565
28;2025-12-15;9;1.0096633565
28;2025-12-15;10;1.0096633565
28;2025-12-15;11;1.0096633565
28;2025-12-15;12;1.0096633565
28;2025-12-15;13;1.0096633565
28;2025-12-15;14;1.0096633565
28;2025-12-15;15;1.0096633565
28;2025-12-15;16;1.0096633565
28;2025-12-15;17;1.0096633565
28;2025-12-15;18;1.0096633565
28;2025-12-15;19;1.0096633565
28;2025-12-15;20;1.0096633565
28;2025-12-15;21;1.0096633565
28;2025-12-15;22;1.0096633565
28;2025-12-15;23;1.0096633565
28;2025-12-16;0;0.9961190592
28;2025-12-16;1;0.9961190592
28;2025-12-16;2;0.9961190592
28;2025-12-16;3;0.9961190592
28;2025-12-16;4;0.9961190592
28;2025-12-16;5;0.9961190592
28;2025-12-16;6;0.9961190592
28;2025-12-16;7;0.9961190592
28;2025-12-16;8;0.9961190592
28;2025-12-16;9;0.9961190592
28;2025-12-16;10;0.9961190592
28;2025-12-16;11;0.9961190592
28;2025-12-16;12;0.9961190592
28;2025-12-16;13;0.9961190592
28;2025-12-16;14;0.9961190592
28;2025-12-16;15;0.9961190592
28;2025-12-16;16;0.9961190592
28;2025-12-16;17;0.9961190592
28;2025-12-16;18;0.9961190592
28;2025-12-16;19;0.9961190592
28;2025-12-16;20;0.9961190592
28;2025-12-16;21;0.9961190592
28;2025-12-16;22;0.9961190592
28;2025-12-16;23;0.9961190592
28;2025-12-17;0;1.0056748083
28;2025-12-17;1;1.0056748083
28;2025-12-17;2;1.0056748083
28;2025-12-17;3;1.0056748083
28;2025-12-17;4;1.0056748083
28;2025-12-17;5;1.0056748083
28;2025-12-17;6;1.0056748083
28;2025-12-17;7;1.0056748083
28;2025-12-17;8;1.0056748083
28;2025-12-17;9;1.0056748083
28;2025-12-17;10;1.0056748083
28;2025-12-17;11;1.0056748083
28;2025-12-17;12;1.0056748083
28;2025-12-17;13;1.0056748083
28;2025-12-17;14;1.0056748083
28;2025-12-17;15;1.0056748083
28;2025-12-17;16;1.0056748083
28;2025-12-17;17;1.0056748083
28;2025-12-17;18;1.0056748083
28;2025-12-17;19;1.0056748083
28;2025-12-17;20;1.0056748083
28;2025-12-17;21;1.0056748083
28;2025-12-17;22;1.0056748083
28;2025-12-17;23;1.0056748083
28;2025-12-18;0;1.0055383519
28;2025-12-18;1;1.0055383519
28;2025-12-18;2;1.0055383519
28;2025-12-18;3;1.0055383519
28;2025-12-18;4;1.0055383519
28;2025-12-18;5;1.0055383519
28;2025-12-18;6;1.0055383519
28;2025-12-18;7;1.0055383519
28;2025-12-18;8;1.0055383519
28;2025-12-18;9;1.0055383519
28;2025-12-18;10;1.0055383519
28;2025-12-18;11;1.0055383519
28;2025-12-18;12;1.0055383519
28;2025-12-18;13;1.0055383519
28;2025-12-18;14;1.0055383519
28;2025-12-18;15;1.0055383519
28;2025-12-18;16;1.0055383519
28;2025-12-18;17;1.0055383519
28;2025-12-18;18;1.0055383519
28;2025-12-18;19;1.0055383519
28;2025-12-18;20;1.0055383519
28;2025-12-18;21;1.0055383519
28;2025-12-18;22;1.0055383519
28;2025-12-18;23;1.0055383519
28;2025-12-19;0;1.0011123245
28;2025-12-19;1;1.0011123245
28;2025-12-19;2;1.0011123245
28;2025-12-19;3;1.0011123245
28;2025-12-19;4;1.0011123245
28;2025-12-19;5;1.0011123245
28;2025-12-19;6;1.0011123245
28;2025-12-19;7;1.0011123245
28;2025-12-19;8;1.0011123245
28;2025-12-19;9;1.0011123245
28;2025-12-19;10;1.0011123245
28;2025-12-19;11;1.0011123245
28;2025-12-19;12;1.0011123245
28;2025-12-19;13;1.0011123245
28;2025-12-19;14;1.0011123245
28;2025-12-19;15;1.0011123245
28;2025-12-19;16;1.0011123245
28;2025-12-19;17;1.0011123245
28;2025-12-19;18;1.0011123245
28;2025-12-19;19;1.0011123245
28;2025-12-19;20;1.0011123245
28;2025-12-19;21;1.0011123245
28;2025-12-19;22;1.0011123245
28;2025-12-19;23;1.0011123245
28;2025-12-20;0;1.0089106355
28;2025-12-20;1;1.0089106355
28;2025-12-20;2;1.0089106355
28;2025-12-20;3;1.0089106355
28;2025-12-20;4;1.0089106355
28;2025-12-20;5;1.0089106355
28;2025-12-20;6;1.0089106355
28;2025-12-20;7;1.0089106355
28;2025-12-20;8;1.0089106355
28;2025-12-20;9;1.0089106355
28;2025-12-20;10;1.0089106355
28;2025-12-20;11;1.0089106355
28;2025-12-20;12;1.0089106355
28;2025-12-20;13;1.0089106355
28;2025-12-20;14;1.0089106355
28;2025-12-20;15;1.0089106355
28;2025-12-20;16;1.0089106355
28;2025-12-20;17;1.0089106355
28;2025-12-20;18;1.0089106355
28;2025-12-20;19;1.0089106355
28;2025-12-20;20;1.0089106355
28;2025-12-20;21;1.0089106355
28;2025-12-20;22;1.0089106355
28;2025-12-20;23;1.0089106355
28;2025-12-21;0;0.9994503258
28;2025-12-21;1;0.9994503258
28;2025-12-21;2;0.9994503258
28;2025-12-21;3;0.9994503258
28;2025-12-21;4;0.9994503258
28;2025-12-21;5;0.9994503258
28;2025-12-21;6;0.9994503258
28;2025-12-21;7;0.9994503258
28;2025-12-21;8;0.9994503258
28;2025-12-21;9;0.9994503258
28;2025-12-21;10;0.9994503258
28;2025-12-21;11;0.9994503258
28;2025-12-21;12;0.9994503258
28;2025-12-21;13;0.9994503258
28;2025-12-21;14;0.9994503258
28;2025-12-21;15;0.9994503258
28;2025-12-21;16;0.9994503258
28;2025-12-21;17;0.9994503258
28;2025-12-21;18;0.9994503258
28;2025-12-21;19;0.9994503258
28;2025-12-21;20;0.9994503258
28;2025-12-21;21;0.9994503258
28;2025-12-21;22;0.9994503258
28;2025-12-21;23;0.9994503258
28;2025-12-22;0;0.9894411984
28;2025-12-22;1;0.9894411984
28;2025-12-22;2;0.9894411984
28;2025-12-22;3;0.9894411984
28;2025-12-22;4;0.9894411984
28;2025-12-22;5;0.9894411984
28;2025-12-22;6;0.9894411984
28;2025-12-22;7;0.9894411984
28;2025-12-22;8;0.9894411984
28;2025-12-22;9;0.9894411984
28;2025-12-22;10;0.9894411984
28;2025-12-22;11;0.9894411984
28;2025-12-22;12;0.9894411984
28;2025-12-22;13;0.9894411984
28;2025-12-22;14;0.9894411984
28;2025-12-22;15;0.9894411984
28;2025-12-22;16;0.9894411984
28;2025-12-22;17;0.9894411984
28;2025-12-22;18;0.9894411984
28;2025-12-22;19;0.9894411984
28;2025-12-22;20;0.9894411984
28;2025-12-22;21;0.9894411984
28;2025-12-22;22;0.9894411984
28;2025-12-22;23;0.9894411984
28;2025-12-23;0;1.015550324
28;2025-12-23;1;1.015550324
28;2025-12-23;2;1.015550324
28;2025-12-23;3;1.015550324
28;2025-12-23;4;1.015550324
28;2025-12-23;5;1.015550324
28;2025-12-23;6;1.015550324
28;2025-12-23;7;1.015550324
28;2025-12-23;8;1.015550324
28;2025-12-23;9;1.015550324
28;2025-12-23;10;1.015550324
28;2025-12-23;11;1.015550324
28;2025-12-23;12;1.015550324
28;2025-12-23;13;1.015550324
28;2025-12-23;14;1.015550324
28;2025-12-23;15;1.015550324
28;2025-12-23;16;1.015550324
28;2025-12-23;17;1.015550324
28;2025-12-23;18;1.015550324
28;2025-12-23;19;1.015550324
28;2025-12-23;20;1.015550324
28;2025-12-23;21;1.015550324
28;2025-12-23;22;1.015550324
28;2025-12-23;23;1.015550324
28;2025-12-24;0;1.0018413597
28;2025-12-24;1;1.0018413597
28;2025-12-24;2;1.0018413597
28;2025-12-24;3;1.0018413597
28;2025-12-24;4;1.0018413597
28;2025-12-24;5;1.0018413597
28;2025-12-24;6;1.0018413597
28;2025-12-24;7;1.0018413597
28;2025-12-24;8;1.0018413597
28;2025-12-24;9;1.0018413597
28;2025-12-24;10;1.0018413597
28;2025-12-24;11;1.0018413597
28;2025-12-24;12;1.0018413597
28;2025-12-24;13;1.0018413597
28;2025-12-24;14;1.0018413597
28;2025-12-24;15;1.0018413597
28;2025-12-24;16;1.0018413597
28;2025-12-24;17;1.0018413597
28;2025-12-24;18;1.0018413597
28;2025-12-24;19;1.0018413597
28;2025-12-24;20;1.0018413597
28;2025-12-24;21;1.0018413597
28;2025-12-24;22;1.0018413597
28;2025-12-24;23;1.0018413597
28;2025-12-25;0;0.9927102555
28;2025-12-25;1;0.9927102555
28;2025-12-25;2;0.9927102555
28;2025-12-25;3;0.9927102555
28;2025-12-25;4;0.9927102555
28;2025-12-25;5;0.9927102555
28;2025-12-25;6;0.9927102555
28;2025-12-25;7;0.9927102555
28;2025-12-25;8;0.9927102555
28;2025-12-25;9;0.9927102555
28;2025-12-25;10;0.9927102555
28;2025-12-25;11;0.9927102555
28;2025-12-25;12;0.9927102555
28;2025-12-25;13;0.9927102555
28;2025-12-25;14;0.9927102555
28;2025-12-25;15;0.9927102555
28;2025-12-25;16;0.9927102555
28;2025-12-25;17;0.9927102555
28;2025-12-25;18;0.9927102555
28;2025-12-25;19;0.9927102555
28;2025-12-25;20;0.9927102555
28;2025-12-25;21;0.9927102555
28;2025-12-25;22;0.9927102555
28;2025-12-25;23;0.9927102555
28;2025-12-26;0;0.9706522994
28;2025-12-26;1;0.9706522994
28;2025-12-26;2;0.9706522994
28;2025-12-26;3;0.9706522994
28;2025-12-26;4;0.9706522994
28;2025-12-26;5;0.9706522994
28;2025-12-26;6;0.9706522994
28;2025-12-26;7;0.9706522994
28;2025-12-26;8;0.9706522994
28;2025-12-26;9;0.9706522994
28;2025-12-26;10;0.9706522994
28;2025-12-26;11;0.9706522994
28;2025-12-26;12;0.9706522994
28;2025-12-26;13;0.9706522994
28;2025-12-26;14;0.9706522994
28;2025-12-26;15;0.9706522994
28;2025-12-26;16;0.9706522994
28;2025-12-26;17;0.9706522994
28;2025-12-26;18;0.9706522994
28;2025-12-26;19;0.9706522994
28;2025-12-26;20;0.9706522994
28;2025-12-26;21;0.9706522994
28;2025-12-26;22;0.9706522994
28;2025-12-26;23;0.9706522994
28;2025-12-27;0;0.9957474085
28;2025-12-27;1;0.9957474085
28;2025-12-27;2;0.9957474085
28;2025-12-27;3;0.9957474085
28;2025-12-27;4;0.9957474085
28;2025-12-27;5;0.9957474085
28;2025-12-27;6;0.9957474085
28;2025-12-27;7;0.9957474085
28;2025-12-27;8;0.9957474085
28;2025-12-27;9;0.9957474085
28;2025-12-27;10;0.9957474085
28;2025-12-27;11;0.9957474085
28;2025-12-27;12;0.9957474085
28;2025-12-27;13;0.9957474085
28;2025-12-27;14;0.9957474085
28;2025-12-27;15;0.9957474085
28;2025-12-27;16;0.9957474085
28;2025-12-27;17;0.9957474085
28;2025-12-27;18;0.9957474085
28;2025-12-27;19;0.9957474085
28;2025-12-27;20;0.9957474085
28;2025-12-27;21;0.9957474085
28;2025-12-27;22;0.9957474085
28;2025-12-27;23;0.9957474085
28;2025-12-28;0;0.989141926
28;2025-12-28;1;0.989141926
28;2025-12-28;2;0.989141926
28;2025-12-28;3;0.989141926
28;2025-12-28;4;0.989141926
28;2025-12-28;5;0.989141926
28;2025-12-28;6;0.989141926
28;2025-12-28;7;0.989141926
28;2025-12-28;8;0.989141926
28;2025-12-28;9;0.989141926
28;2025-12-28;10;0.989141926
28;2025-12-28;11;0.989141926
28;2025-12-28;12;0.989141926
28;2025-12-28;13;0.989141926
28;2025-12-28;14;0.989141926
28;2025-12-28;15;0.989141926
28;2025-12-28;16;0.989141926
28;2025-12-28;17;0.989141926
28;2025-12-28;18;0.989141926
28;2025-12-28;19;0.989141926
28;2025-12-28;20;0.989141926
28;2025-12-28;21;0.989141926
28;2025-12-28;22;0.989141926
28;2025-12-28;23;0.989141926
28;2025-12-29;0;0.9959982914
28;2025-12-29;1;0.9959982914
28;2025-12-29;2;0.9959982914
28;2025-12-29;3;0.9959982914
28;2025-12-29;4;0.9959982914
28;2025-12-29;5;0.9959982914
28;2025-12-29;6;0.9959982914
28;2025-12-29;7;0.9959982914
28;2025-12-29;8;0.9959982914
28;2025-12-29;9;0.9959982914
28;2025-12-29;10;0.9959982914
28;2025-12-29;11;0.9959982914
28;2025-12-29;12;0.9959982914
28;2025-12-29;13;0.9959982914
28;2025-12-29;14;0.9959982914
28;2025-12-29;15;0.9959982914
28;2025-12-29;16;0.9959982914
28;2025-12-29;17;0.9959982914
28;2025-12-29;18;0.9959982914
28;2025-12-29;19;0.9959982914
28;2025-12-29;20;0.9959982914
28;2025-12-29;21;0.9959982914
28;2025-12-29;22;0.9959982914
28;2025-12-29;23;0.9959982914
28;2025-12-30;0;0.9880158826
28;2025-12-30;1;0.9880158826
28;2025-12-30;2;0.9880158826
28;2025-12-30;3;0.9880158826
28;2025-12-30;4;0.9880158826
28;2025-12-30;5;0.9880158826
28;2025-12-30;6;0.9880158826
28;2025-12-30;7;0.9880158826
28;2025-12-30;8;0.9880158826
28;2025-12-30;9;0.9880158826
28;2025-12-30;10;0.9880158826
28;2025-12-30;11;0.9880158826
28;2025-12-30;12;0.9880158826
28;2025-12-30;13;0.9880158826
28;2025-12-30;14;0.9880158826
28;2025-12-30;15;0.9880158826
28;2025-12-30;16;0.9880158826
28;2025-12-30;17;0.9880158826
28;2025-12-30;18;0.9880158826
28;2025-12-30;19;0.9880158826
28;2025-12-30;20;0.9880158826
28;2025-12-30;21;0.9880158826
28;2025-12-30;22;0.9880158826
28;2025-12-30;23;0.9880158826
28;2025-12-31;0;0.9913562552
28;2025-12-31;1;0.9913562552
28;2025-12-31;2;0.9913562552
28;2025-12-31;3;0.9913562552
28;2025-12-31;4;0.9913562552
28;2025-12-31;5;0.9913562552
28;2025-12-31;6;0.9913562552
28;2025-12-31;7;0.9913562552
28;2025-12-31;8;0.9913562552
28;2025-12-31;9;0.9913562552
28;2025-12-31;10;0.9913562552
28;2025-12-31;11;0.9913562552
28;2025-12-31;12;0.9913562552
28;2025-12-31;13;0.9913562552
28;2025-12-31;14;0.9913562552
28;2025-12-31;15;0.9913562552
28;2025-12-31;16;0.9913562552
28;2025-12-31;17;0.9913562552
28;2025-12-31;18;0.9913562552
28;2025-12-31;19;0.9913562552
28;2025-12-31;20;0.9913562552
28;2025-12-31;21;0.9913562552
28;2025-12-31;22;0.9913562552
28;2025-12-31;23;0.9913562552
50;2025-11-01;0;1.0199999148
50;2025-11-01;1;1.0199999148
50;2025-11-01;2;1.0199999148
50;2025-11-01;3;1.0199999148
50;2025-11-01;4;1.0199999148
50;2025-11-01;5;1.0199999148
50;2025-11-01;6;1.0199999148
50;2025-11-01;7;1.0199999148
50;2025-11-01;8;1.0199999148
50;2025-11-01;9;1.0199999148
50;2025-11-01;10;1.0199999148
50;2025-11-01;11;1.0199999148
50;2025-11-01;12;1.0199999148
50;2025-11-01;13;1.0199999148
50;2025-11-01;14;1.0199999148
50;2025-11-01;15;1.0199999148
50;2025-11-01;16;1.0199999148
50;2025-11-01;17;1.0199999148
50;2025-11-01;18;1.0199999148
50;2025-11-01;19;1.0199999148
50;2025-11-01;20;1.0199999148
50;2025-11-01;21;1.0199999148
50;2025-11-01;22;1.0199999148
50;2025-11-01;23;1.0199999148
50;2025-11-02;0;1.0084584927
50;2025-11-02;1;1.0084584927
50;2025-11-02;2;1.0084584927
50;2025-11-02;3;1.0084584927
50;2025-11-02;4;1.0084584927
50;2025-11-02;5;1.0084584927
50;2025-11-02;6;1.0084584927
50;2025-11-02;7;1.0084584927
50;2025-11-02;8;1.0084584927
50;2025-11-02;9;1.0084584927
50;2025-11-02;10;1.0084584927
50;2025-11-02;11;1.0084584927
50;2025-11-02;12;1.0084584927
50;2025-11-02;13;1.0084584927
50;2025-11-02;14;1.0084584927
50;2025-11-02;15;1.0084584927
50;2025-11-02;16;1.0084584927
50;2025-11-02;17;1.0084584927
50;2025-11-02;18;1.0084584927
50;2025-11-02;19;1.0084584927
50;2025-11-02;20;1.0084584927
50;2025-11-02;21;1.0084584927
50;2025-11-02;22;1.0084584927
50;2025-11-02;23;1.0084584927
50;2025-11-03;0;0.9885114333
50;2025-11-03;1;0.9885114333
50;2025-11-03;2;0.9885114333
50;2025-11-03;3;0.9885114333
50;2025-11-03;4;0.9885114333
50;2025-11-03;5;0.9885114333
50;2025-11-03;6;0.9885114333
50;2025-11-03;7;0.9885114333
50;2025-11-03;8;0.9885114333
50;2025-11-03;9;0.9885114333
50;2025-11-03;10;0.9885114333
50;2025-11-03;11;0.9885114333
50;2025-11-03;12;0.9885114333
50;2025-11-03;13;0.9885114333
50;2025-11-03;14;0.9885114333
50;2025-11-03;15;0.9885114333
50;2025-11-03;16;0.9885114333
50;2025-11-03;17;0.9885114333
50;2025-11-03;18;0.9885114333
50;2025-11-03;19;0.9885114333
50;2025-11-03;20;0.9885114333
50;2025-11-03;21;0.9885114333
50;2025-11-03;22;0.9885114333
50;2025-11-03;23;0.9885114333
50;2025-11-04;0;0.9759317055
50;2025-11-04;1;0.9759317055
50;2025-11-04;2;0.9759317055
50;2025-11-04;3;0.9759317055
50;2025-11-04;4;0.9759317055
50;2025-11-04;5;0.9759317055
50;2025-11-04;6;0.9759317055
50;2025-11-04;7;0.9759317055
50;2025-11-04;8;0.9759317055
50;2025-11-04;9;0.9759317055
50;2025-11-04;10;0.9759317055
50;2025-11-04;11;0.9759317055
50;2025-11-04;12;0.9759317055
50;2025-11-04;13;0.9759317055
50;2025-11-04;14;0.9759317055
50;2025-11-04;15;0.9759317055
50;2025-11-04;16;0.9759317055
50;2025-11-04;17;0.9759317055
50;2025-11-04;18;0.9759317055
50;2025-11-04;19;0.9759317055
50;2025-11-04;20;0.9759317055
50;2025-11-04;21;0.9759317055
50;2025-11-04;22;0.9759317055
50;2025-11-04;23;0.9759317055
50;2025-11-05;0;1.017694909
50;2025-11-05;1;1.017694909
50;2025-11-05;2;1.017694909
50;2025-11-05;3;1.017694909
50;2025-11-05;4;1.017694909
50;2025-11-05;5;1.017694909
50;2025-11-05;6;1.017694909
50;2025-11-05;7;1.017694909
50;2025-11-05;8;1.017694909
50;2025-11-05;9;1.017694909
50;2025-11-05;10;1.017694909
50;2025-11-05;11;1.017694909
50;2025-11-05;12;1.017694909
50;2025-11-05;13;1.017694909
50;2025-11-05;14;1.017694909
50;2025-11-05;15;1.017694909
50;2025-11-05;16;1.017694909
50;2025-11-05;17;1.017694909
50;2025-11-05;18;1.017694909
50;2025-11-05;19;1.017694909
50;2025-11-05;20;1.017694909
50;2025-11-05;21;1.017694909
50;2025-11-05;22;1.017694909
50;2025-11-05;23;1.017694909
50;2025-11-06;0;0.9990946175
50;2025-11-06;1;0.9990946175
50;2025-11-06;2;0.9990946175
50;2025-11-06;3;0.9990946175
50;2025-11-06;4;0.9990946175
50;2025-11-06;5;0.9990946175
50;2025-11-06;6;0.9990946175
50;2025-11-06;7;0.9990946175
50;2025-11-06;8;0.9990946175
50;2025-11-06;9;0.9990946175
50;2025-11-06;10;0.9990946175
50;2025-11-06;11;0.9990946175
50;2025-11-06;12;0.9990946175
50;2025-11-06;13;0.9990946175
50;2025-11-06;14;0.9990946175
50;2025-11-06;15;0.9990946175
50;2025-11-06;16;0.9990946175
50;2025-11-06;17;0.9990946175
50;2025-11-06;18;0.9990946175
50;2025-11-06;19;0.9990946175
50;2025-11-06;20;0.9990946175
50;2025-11-06;21;0.9990946175
50;2025-11-06;22;0.9990946175
50;2025-11-06;23;0.9990946175
50;2025-11-07;0;0.9946055037
50;2025-11-07;1;0.9946055037
50;2025-11-07;2;0.9946055037
50;2025-11-07;3;0.9946055037
50;2025-11-07;4;0.9946055037
50;2025-11-07;5;0.9946055037
50;2025-11-07;6;0.9946055037
50;2025-11-07;7;0.9946055037
50;2025-11-07;8;0.9946055037
50;2025-11-07;9;0.9946055037
50;2025-11-07;10;0.9946055037
50;2025-11-07;11;0.9946055037
50;2025-11-07;12;0.9946055037
50;2025-11-07;13;0.9946055037
50;2025-11-07;14;0.9946055037
50;2025-11-07;15;0.9946055037
50;2025-11-07;16;0.9946055037
50;2025-11-07;17;0.9946055037
50;2025-11-07;18;0.9946055037
50;2025-11-07;19;0.9946055037
50;2025-11-07;20;0.9946055037
50;2025-11-07;21;0.9946055037
50;2025-11-07;22;0.9946055037
50;2025-11-07;23;0.9946055037
50;2025-11-08;0;1.0124907569
50;2025-11-08;1;1.0124907569
50;2025-11-08;2;1.0124907569
50;2025-11-08;3;1.0124907569
50;2025-11-08;4;1.0124907569
50;2025-11-08;5;1.0124907569
50;2025-11-08;6;1.0124907569
50;2025-11-08;7;1.0124907569
50;2025-11-08;8;1.0124907569
50;2025-11-08;9;1.0124907569
50;2025-11-08;10;1.0124907569
50;2025-11-08;11;1.0124907569
50;2025-11-08;12;1.0124907569
50;2025-11-08;13;1.0124907569
50;2025-11-08;14;1.0124907569
50;2025-11-08;15;1.0124907569
50;2025-11-08;16;1.0124907569
50;2025-11-08;17;1.0124907569
50;2025-11-08;18;1.0124907569
50;2025-11-08;19;1.0124907569
50;2025-11-08;20;1.0124907569
50;2025-11-08;21;1.0124907569
50;2025-11-08;22;1.0124907569
50;2025-11-08;23;1.0124907569
50;2025-11-09;0;1.0092289995
50;2025-11-09;1;1.0092289995
50;2025-11-09;2;1.0092289995
50;2025-11-09;3;1.0092289995
50;2025-11-09;4;1.0092289995
50;2025-11-09;5;1.0092289995
50;2025-11-09;6;1.0092289995
50;2025-11-09;7;1.0092289995
50;2025-11-09;8;1.0092289995
50;2025-11-09;9;1.0092289995
50;2025-11-09;10;1.0092289995
50;2025-11-09;11;1.0092289995
50;2025-11-09;12;1.0092289995
50;2025-11-09;13;1.0092289995
50;2025-11-09;14;1.0092289995
50;2025-11-09;15;1.0092289995
50;2025-11-09;16;1.0092289995
50;2025-11-09;17;1.0092289995
50;2025-11-09;18;1.0092289995
50;2025-11-09;19;1.0092289995
50;2025-11-09;20;1.0092289995
50;2025-11-09;21;1.0092289995
50;2025-11-09;22;1.0092289995
50;2025-11-09;23;1.0092289995
50;2025-11-10;0;1.0151199675
50;2025-11-10;1;1.0151199675
50;2025-11-10;2;1.0151199675
50;2025-11-10;3;1.0151199675
50;2025-11-10;4;1.0151199675
50;2025-11-10;5;1.0151199675
50;2025-11-10;6;1.0151199675
50;2025-11-10;7;1.0151199675
50;2025-11-10;8;1.0151199675
50;2025-11-10;9;1.0151199675
50;2025-11-10;10;1.0151199675
50;2025-11-10;11;1.0151199675
50;2025-11-10;12;1.0151199675
50;2025-11-10;13;1.0151199675
50;2025-11-10;14;1.0151199675
50;2025-11-10;15;1.0151199675
50;2025-11-10;16;1.0151199675
50;2025-11-10;17;1.0151199675
50;2025-11-10;18;1.0151199675
50;2025-11-10;19;1.0151199675
50;2025-11-10;20;1.0151199675
50;2025-11-10;21;1.0151199675
50;2025-11-10;22;1.0151199675
50;2025-11-10;23;1.0151199675
50;2025-11-11;0;1.0134507586
50;2025-11-11;1;1.0134507586
50;2025-11-11;2;1.0134507586
50;2025-11-11;3;1.0134507586
50;2025-11-11;4;1.0134507586
50;2025-11-11;5;1.0134507586
50;2025-11-11;6;1.0134507586
50;2025-11-11;7;1.0134507586
50;2025-11-11;8;1.0134507586
50;2025-11-11;9;1.0134507586
50;2025-11-11;10;1.0134507586
50;2025-11-11;11;1.0134507586
50;2025-11-11;12;1.0134507586
50;2025-11-11;13;1.0134507586
50;2025-11-11;14;1.0134507586
50;2025-11-11;15;1.0134507586
50;2025-11-11;16;1.0134507586
50;2025-11-11;17;1.0134507586
50;2025-11-11;18;1.0134507586
50;2025-11-11;19;1.0134507586
50;2025-11-11;20;1.0134507586
50;2025-11-11;21;1.0134507586
50;2025-11-11;22;1.0134507586
50;2025-11-11;23;1.0134507586
50;2025-11-12;0;1.0056298337
50;2025-11-12;1;1.0056298337
50;2025-11-12;2;1.0056298337
50;2025-11-12;3;1.0056298337
50;2025-11-12;4;1.0056298337
50;2025-11-12;5;1.0056298337
50;2025-11-12;6;1.0056298337
50;2025-11-12;7;1.0056298337
50;2025-11-12;8;1.0056298337
50;2025-11-12;9;1.0056298337
50;2025-11-12;10;1.0056298337
50;2025-11-12;11;1.0056298337
50;2025-11-12;12;1.0056298337
50;2025-11-12;13;1.0056298337
50;2025-11-12;14;1.0056298337
50;2025-11-12;15;1.0056298337
50;2025-11-12;16;1.0056298337
50;2025-11-12;17;1.0056298337
50;2025-11-12;18;1.0056298337
50;2025-11-12;19;1.0056298337
50;2025-11-12;20;1.0056298337
50;2025-11-12;21;1.0056298337
50;2025-11-12;22;1.0056298337
50;2025-11-12;23;1.0056298337
50;2025-11-13;0;1.0136924356
50;2025-11-13;1;1.0136924356
50;2025-11-13;2;1.0136924356
50;2025-11-13;3;1.0136924356
50;2025-11-13;4;1.0136924356
50;2025-11-13;5;1.0136924356
50;2025-11-13;6;1.0136924356
50;2025-11-13;7;1.0136924356
50;2025-11-13;8;1.0136924356
50;2025-11-13;9;1.0136924356
50;2025-11-13;10;1.0136924356
50;2025-11-13;11;1.0136924356
50;2025-11-13;12;1.0136924356
50;2025-11-13;13;1.0136924356
50;2025-11-13;14;1.0136924356
50;2025-11-13;15;1.0136924356
50;2025-11-13;16;1.0136924356
50;2025-11-13;17;1.0136924356
50;2025-11-13;18;1.0136924356
50;2025-11-13;19;1.0136924356
50;2025-11-13;20;1.0136924356
50;2025-11-13;21;1.0136924356
50;2025-11-13;22;1.0136924356
50;2025-11-13;23;1.0136924356
50;2025-11-14;0;1.0063653943
50;2025-11-14;1;1.0063653943
50;2025-11-14;2;1.0063653943
50;2025-11-14;3;1.0063653943
50;2025-11-14;4;1.0063653943
50;2025-11-14;5;1.0063653943
50;2025-11-14;6;1.0063653943
50;2025-11-14;7;1.0063653943
50;2025-11-14;8;1.0063653943
50;2025-11-14;9;1.0063653943
50;2025-11-14;10;1.0063653943
50;2025-11-14;11;1.0063653943
50;2025-11-14;12;1.0063653943
50;2025-11-14;13;1.0063653943
50;2025-11-14;14;1.0063653943
50;2025-11-14;15;1.0063653943
50;2025-11-14;16;1.0063653943
50;2025-11-14;17;1.0063653943
50;2025-11-14;18;1.0063653943
50;2025-11-14;19;1.0063653943
50;2025-11-14;20;1.0063653943
50;2025-11-14;21;1.0063653943
50;2025-11-14;22;1.0063653943
50;2025-11-14;23;1.0063653943
50;2025-11-15;0;0.9316215567
50;2025-11-15;1;0.9316215567
50;2025-11-15;2;0.9316215567
50;2025-11-15;3;0.9316215567
50;2025-11-15;4;0.9316215567
50;2025-11-15;5;0.9316215567
50;2025-11-15;6;0.9316215567
50;2025-11-15;7;0.9316215567
50;2025-11-15;8;0.9316215567
50;2025-11-15;9;0.9316215567
50;2025-11-15;10;0.9316215567
50;2025-11-15;11;0.9316215567
50;2025-11-15;12;0.9316215567
50;2025-11-15;13;0.9316215567
50;2025-11-15;14;0.9316215567
50;2025-11-15;15;0.9316215567
50;2025-11-15;16;0.9316215567
50;2025-11-15;17;0.9316215567
50;2025-11-15;18;0.9316215567
50;2025-11-15;19;0.9316215567
50;2025-11-15;20;0.9316215567
50;2025-11-15;21;0.9316215567
50;2025-11-15;22;0.9316215567
50;2025-11-15;23;0.9316215567
50;2025-11-16;0;1.0123853544
50;2025-11-16;1;1.0123853544
50;2025-11-16;2;1.0123853544
50;2025-11-16;3;1.0123853544
50;2025-11-16;4;1.0123853544
50;2025-11-16;5;1.0123853544
50;2025-11-16;6;1.0123853544
50;2025-11-16;7;1.0123853544
50;2025-11-16;8;1.0123853544
50;2025-11-16;9;1.0123853544
50;2025-11-16;10;1.0123853544
50;2025-11-16;11;1.0123853544
50;2025-11-16;12;1.0123853544
50;2025-11-16;13;1.0123853544
50;2025-11-16;14;1.0123853544
50;2025-11-16;15;1.0123853544
50;2025-11-16;16;1.0123853544
50;2025-11-16;17;1.0123853544
50;2025-11-16;18;1.0123853544
50;2025-11-16;19;1.0123853544
50;2025-11-16;20;1.0123853544
50;2025-11-16;21;1.0123853544
50;2025-11-16;22;1.0123853544
50;2025-11-16;23;1.0123853544
50;2025-11-17;0;0.9929254493
50;2025-11-17;1;0.9929254493
50;2025-11-17;2;0.9929254493
50;2025-11-17;3;0.9929254493
50;2025-11-17;4;0.9929254493
50;2025-11-17;5;0.9929254493
50;2025-11-17;6;0.9929254493
50;2025-11-17;7;0.9929254493
50;2025-11-17;8;0.9929254493
50;2025-11-17;9;0.9929254493
50;2025-11-17;10;0.9929254493
50;2025-11-17;11;0.9929254493
50;2025-11-17;12;0.9929254493
50;2025-11-17;13;0.9929254493
50;2025-11-17;14;0.9929254493
50;2025-11-17;15;0.9929254493
50;2025-11-17;16;0.9929254493
50;2025-11-17;17;0.9929254493
50;2025-11-17;18;0.9929254493
50;2025-11-17;19;0.9929254493
50;2025-11-17;20;0.9929254493
50;2025-11-17;21;0.9929254493
50;2025-11-17;22;0.9929254493
50;2025-11-17;23;0.9929254493
50;2025-11-18;0;0.9714436138
50;2025-11-18;1;0.9714436138
50;2025-11-18;2;0.9714436138
50;2025-11-18;3;0.9714436138
50;2025-11-18;4;0.9714436138
50;2025-11-18;5;0.9714436138
50;2025-11-18;6;0.9714436138
50;2025-11-18;7;0.9714436138
50;2025-11-18;8;0.9714436138
50;2025-11-18;9;0.9714436138
50;2025-11-18;10;0.9714436138
50;2025-11-18;11;0.9714436138
50;2025-11-18;12;0.9714436138
50;2025-11-18;13;0.9714436138
50;2025-11-18;14;0.9714436138
50;2025-11-18;15;0.9714436138
50;2025-11-18;16;0.9714436138
50;2025-11-18;17;0.9714436138
50;2025-11-18;18;0.9714436138
50;2025-11-18;19;0.9714436138
50;2025-11-18;20;0.9714436138
50;2025-11-18;21;0.9714436138
50;2025-11-18;22;0.9714436138
50;2025-11-18;23;0.9714436138
50;2025-11-19;0;1.020881679
50;2025-11-19;1;1.020881679
50;2025-11-19;2;1.020881679
50;2025-11-19;3;1.020881679
50;2025-11-19;4;1.020881679
50;2025-11-19;5;1.020881679
50;2025-11-19;6;1.020881679
50;2025-11-19;7;1.020881679
50;2025-11-19;8;1.020881679
50;2025-11-19;9;1.020881679
50;2025-11-19;10;1.020881679
50;2025-11-19;11;1.020881679
50;2025-11-19;12;1.020881679
50;2025-11-19;13;1.020881679
50;2025-11-19;14;1.020881679
50;2025-11-19;15;1.020881679
50;2025-11-19;16;1.020881679
50;2025-11-19;17;1.020881679
50;2025-11-19;18;1.020881679
50;2025-11-19;19;1.020881679
50;2025-11-19;20;1.020881679
50;2025-11-19;21;1.020881679
50;2025-11-19;22;1.020881679
50;2025-11-19;23;1.020881679
50;2025-11-20;0;1.0179205083
50;2025-11-20;1;1.0179205083
50;2025-11-20;2;1.0179205083
50;2025-11-20;3;1.0179205083
50;2025-11-20;4;1.0179205083
50;2025-11-20;5;1.0179205083
50;2025-11-20;6;1.0179205083
50;2025-11-20;7;1.0179205083
50;2025-11-20;8;1.0179205083
50;2025-11-20;9;1.0179205083
50;2025-11-20;10;1.0179205083
50;2025-11-20;11;1.0179205083
50;2025-11-20;12;1.0179205083
50;2025-11-20;13;1.0179205083
50;2025-11-20;14;1.0179205083
50;2025-11-20;15;1.0179205083
50;2025-11-20;16;1.0179205083
50;2025-11-20;17;1.0179205083
50;2025-11-20;18;1.0179205083
50;2025-11-20;19;1.0179205083
50;2025-11-20;20;1.0179205083
50;2025-11-20;21;1.0179205083
50;2025-11-20;22;1.0179205083
50;2025-11-20;23;1.0179205083
50;2025-11-21;0;1.0086234704
50;2025-11-21;1;1.0086234704
50;2025-11-21;2;1.0086234704
50;2025-11-21;3;1.0086234704
50;2025-11-21;4;1.0086234704
50;2025-11-21;5;1.0086234704
50;2025-11-21;6;1.0086234704
50;2025-11-21;7;1.0086234704
50;2025-11-21;8;1.0086234704
50;2025-11-21;9;1.0086234704
50;2025-11-21;10;1.0086234704
50;2025-11-21;11;1.0086234704
50;2025-11-21;12;1.0086234704
50;2025-11-21;13;1.0086234704
50;2025-11-21;14;1.0086234704
50;2025-11-21;15;1.0086234704
50;2025-11-21;16;1.0086234704
50;2025-11-21;17;1.0086234704
50;2025-11-21;18;1.0086234704
50;2025-11-21;19;1.0086234704
50;2025-11-21;20;1.0086234704
50;2025-11-21;21;1.0086234704
50;2025-11-21;22;1.0086234704
50;2025-11-21;23;1.0086234704
50;2025-11-22;0;0.9689020355
50;2025-11-22;1;0.9689020355
50;2025-11-22;2;0.9689020355
50;2025-11-22;3;0.9689020355
50;2025-11-22;4;0.9689020355
50;2025-11-22;5;0.9689020355
50;2025-11-22;6;0.9689020355
50;2025-11-22;7;0.9689020355
50;2025-11-22;8;0.9689020355
50;2025-11-22;9;0.9689020355
50;2025-11-22;10;0.9689020355
50;2025-11-22;11;0.9689020355
50;2025-11-22;12;0.9689020355
50;2025-11-22;13;0.9689020355
50;2025-11-22;14;0.9689020355
50;2025-11-22;15;0.9689020355
50;2025-11-22;16;0.9689020355
50;2025-11-22;17;0.9689020355
50;2025-11-22;18;0.9689020355
50;2025-11-22;19;0.9689020355
50;2025-11-22;20;0.9689020355
50;2025-11-22;21;0.9689020355
50;2025-11-22;22;0.9689020355
50;2025-11-22;23;0.9689020355
50;2025-11-23;0;1.0096800732
50;2025-11-23;1;1.0096800732
50;2025-11-23;2;1.0096800732
50;2025-11-23;3;1.0096800732
50;2025-11-23;4;1.0096800732
50;2025-11-23;5;1.0096800732
50;2025-11-23;6;1.0096800732
50;2025-11-23;7;1.0096800732
50;2025-11-23;8;1.0096800732
50;2025-11-23;9;1.0096800732
50;2025-11-23;10;1.0096800732
50;2025-11-23;11;1.0096800732
50;2025-11-23;12;1.0096800732
50;2025-11-23;13;1.0096800732
50;2025-11-23;14;1.0096800732
50;2025-11-23;15;1.0096800732
50;2025-11-23;16;1.0096800732
50;2025-11-23;17;1.0096800732
50;2025-11-23;18;1.0096800732
50;2025-11-23;19;1.0096800732
50;2025-11-23;20;1.0096800732
50;2025-11-23;21;1.0096800732
50;2025-11-23;22;1.0096800732
50;2025-11-23;23;1.0096800732
50;2025-11-24;0;0.9624342764
50;2025-11-24;1;0.9624342764
50;2025-11-24;2;0.9624342764
50;2025-11-24;3;0.9624342764
50;2025-11-24;4;0.9624342764
50;2025-11-24;5;0.9624342764
50;2025-11-24;6;0.9624342764
50;2025-11-24;7;0.9624342764
50;2025-11-24;8;0.9624342764
50;2025-11-24;9;0.9624342764
50;2025-11-24;10;0.9624342764
50;2025-11-24;11;0.9624342764
50;2025-11-24;12;0.9624342764
50;2025-11-24;13;0.9624342764
50;2025-11-24;14;0.9624342764
50;2025-11-24;15;0.9624342764
50;2025-11-24;16;0.9624342764
50;2025-11-24;17;0.9624342764
50;2025-11-24;18;0.9624342764
50;2025-11-24;19;0.9624342764
50;2025-11-24;20;0.9624342764
50;2025-11-24;21;0.9624342764
50;2025-11-24;22;0.9624342764
50;2025-11-24;23;0.9624342764
50;2025-11-25;0;1.0151955635
50;2025-11-25;1;1.0151955635
50;2025-11-25;2;1.0151955635
50;2025-11-25;3;1.0151955635
50;2025-11-25;4;1.0151955635
50;2025-11-25;5;1.0151955635
50;2025-11-25;6;1.0151955635
50;2025-11-25;7;1.0151955635
50;2025-11-25;8;1.0151955635
50;2025-11-25;9;1.0151955635
50;2025-11-25;10;1.0151955635
50;2025-11-25;11;1.0151955635
50;2025-11-25;12;1.0151955635
50;2025-11-25;13;1.0151955635
50;2025-11-25;14;1.0151955635
50;2025-11-25;15;1.0151955635
50;2025-11-25;16;1.0151955635
50;2025-11-25;17;1.0151955635
50;2025-11-25;18;1.0151955635
50;2025-11-25;19;1.0151955635
50;2025-11-25;20;1.0151955635
50;2025-11-25;21;1.0151955635
50;2025-11-25;22;1.0151955635
50;2025-11-25;23;1.0151955635
50;2025-11-26;0;0.9700263224
50;2025-11-26;1;0.9700263224
50;2025-11-26;2;0.9700263224
50;2025-11-26;3;0.9700263224
50;2025-11-26;4;0.9700263224
50;2025-11-26;5;0.9700263224
50;2025-11-26;6;0.9700263224
50;2025-11-26;7;0.9700263224
50;2025-11-26;8;0.9700263224
50;2025-11-26;9;0.9700263224
50;2025-11-26;10;0.9700263224
50;2025-11-26;11;0.9700263224
50;2025-11-26;12;0.9700263224
50;2025-11-26;13;0.9700263224
50;2025-11-26;14;0.9700263224
50;2025-11-26;15;0.9700263224
50;2025-11-26;16;0.9700263224
50;2025-11-26;17;0.9700263224
50;2025-11-26;18;0.9700263224
50;2025-11-26;19;0.9700263224
50;2025-11-26;20;0.9700263224
50;2025-11-26;21;0.9700263224
50;2025-11-26;22;0.9700263224
50;2025-11-26;23;0.9700263224
50;2025-11-27;0;0.9754896943
50;2025-11-27;1;0.9754896943
50;2025-11-27;2;0.9754896943
50;2025-11-27;3;0.9754896943
50;2025-11-27;4;0.9754896943
50;2025-11-27;5;0.9754896943
50;2025-11-27;6;0.9754896943
50;2025-11-27;7;0.9754896943
50;2025-11-27;8;0.9754896943
50;2025-11-27;9;0.9754896943
50;2025-11-27;10;0.9754896943
50;2025-11-27;11;0.9754896943
50;2025-11-27;12;0.9754896943
50;2025-11-27;13;0.9754896943
50;2025-11-27;14;0.9754896943
50;2025-11-27;15;0.9754896943
50;2025-11-27;16;0.9754896943
50;2025-11-27;17;0.9754896943
50;2025-11-27;18;0.9754896943
50;2025-11-27;19;0.9754896943
50;2025-11-27;20;0.9754896943
50;2025-11-27;21;0.9754896943
50;2025-11-27;22;0.9754896943
50;2025-11-27;23;0.9754896943
50;2025-11-28;0;0.9795203584
50;2025-11-28;1;0.9795203584
50;2025-11-28;2;0.9795203584
50;2025-11-28;3;0.9795203584
50;2025-11-28;4;0.9795203584
50;2025-11-28;5;0.9795203584
50;2025-11-28;6;0.9795203584
50;2025-11-28;7;0.9795203584
50;2025-11-28;8;0.9795203584
50;2025-11-28;9;0.9795203584
50;2025-11-28;10;0.9795203584
50;2025-11-28;11;0.9795203584
50;2025-11-28;12;0.9795203584
50;2025-11-28;13;0.9795203584
50;2025-11-28;14;0.9795203584
50;2025-11-28;15;0.9795203584
50;2025-11-28;16;0.9795203584
50;2025-11-28;17;0.9795203584
50;2025-11-28;18;0.9795203584
50;2025-11-28;19;0.9795203584
50;2025-11-28;20;0.9795203584
50;2025-11-28;21;0.9795203584
50;2025-11-28;22;0.9795203584
50;2025-11-28;23;0.9795203584
50;2025-11-29;0;1.0144822612
50;2025-11-29;1;1.0144822612
50;2025-11-29;2;1.0144822612
50;2025-11-29;3;1.0144822612
50;2025-11-29;4;1.0144822612
50;2025-11-29;5;1.0144822612
50;2025-11-29;6;1.0144822612
50;2025-11-29;7;1.0144822612
50;2025-11-29;8;1.0144822612
50;2025-11-29;9;1.0144822612
50;2025-11-29;10;1.0144822612
50;2025-11-29;11;1.0144822612
50;2025-11-29;12;1.0144822612
50;2025-11-29;13;1.0144822612
50;2025-11-29;14;1.0144822612
50;2025-11-29;15;1.0144822612
50;2025-11-29;16;1.0144822612
50;2025-11-29;17;1.0144822612
50;2025-11-29;18;1.0144822612
50;2025-11-29;19;1.0144822612
50;2025-11-29;20;1.0144822612
50;2025-11-29;21;1.0144822612
50;2025-11-29;22;1.0144822612
50;2025-11-29;23;1.0144822612
50;2025-11-30;0;1.0047870889
50;2025-11-30;1;1.0047870889
50;2025-11-30;2;1.0047870889
50;2025-11-30;3;1.0047870889
50;2025-11-30;4;1.0047870889
50;2025-11-30;5;1.0047870889
50;2025-11-30;6;1.0047870889
50;2025-11-30;7;1.0047870889
50;2025-11-30;8;1.0047870889
50;2025-11-30;9;1.0047870889
50;2025-11-30;10;1.0047870889
50;2025-11-30;11;1.0047870889
50;2025-11-30;12;1.0047870889
50;2025-11-30;13;1.0047870889
50;2025-11-30;14;1.0047870889
50;2025-11-30;15;1.0047870889
50;2025-11-30;16;1.0047870889
50;2025-11-30;17;1.0047870889
50;2025-11-30;18;1.0047870889
50;2025-11-30;19;1.0047870889
50;2025-11-30;20;1.0047870889
50;2025-11-30;21;1.0047870889
50;2025-11-30;22;1.0047870889
50;2025-11-30;23;1.0047870889
50;2025-12-01;0;1.0197280058
50;2025-12-01;1;1.0197280058
50;2025-12-01;2;1.0197280058
50;2025-12-01;3;1.0197280058
50;2025-12-01;4;1.0197280058
50;2025-12-01;5;1.0197280058
50;2025-12-01;6;1.0197280058
50;2025-12-01;7;1.0197280058
50;2025-12-01;8;1.0197280058
50;2025-12-01;9;1.0197280058
50;2025-12-01;10;1.0197280058
50;2025-12-01;11;1.0197280058
50;2025-12-01;12;1.0197280058
50;2025-12-01;13;1.0197280058
50;2025-12-01;14;1.0197280058
50;2025-12-01;15;1.0197280058
50;2025-12-01;16;1.0197280058
50;2025-12-01;17;1.0197280058
50;2025-12-01;18;1.0197280058
50;2025-12-01;19;1.0197280058
50;2025-12-01;20;1.0197280058
50;2025-12-01;21;1.0197280058
50;2025-12-01;22;1.0197280058
50;2025-12-01;23;1.0197280058
50;2025-12-02;0;1.0190780294
50;2025-12-02;1;1.0190780294
50;2025-12-02;2;1.0190780294
50;2025-12-02;3;1.0190780294
50;2025-12-02;4;1.0190780294
50;2025-12-02;5;1.0190780294
50;2025-12-02;6;1.0190780294
50;2025-12-02;7;1.0190780294
50;2025-12-02;8;1.0190780294
50;2025-12-02;9;1.0190780294
50;2025-12-02;10;1.0190780294
50;2025-12-02;11;1.0190780294
50;2025-12-02;12;1.0190780294
50;2025-12-02;13;1.0190780294
50;2025-12-02;14;1.0190780294
50;2025-12-02;15;1.0190780294
50;2025-12-02;16;1.0190780294
50;2025-12-02;17;1.0190780294
50;2025-12-02;18;1.0190780294
50;2025-12-02;19;1.0190780294
50;2025-12-02;20;1.0190780294
50;2025-12-02;21;1.0190780294
50;2025-12-02;22;1.0190780294
50;2025-12-02;23;1.0190780294
50;2025-12-03;0;1.0197343683
50;2025-12-03;1;1.0197343683
50;2025-12-03;2;1.0197343683
50;2025-12-03;3;1.0197343683
50;2025-12-03;4;1.0197343683
50;2025-12-03;5;1.0197343683
50;2025-12-03;6;1.0197343683
50;2025-12-03;7;1.0197343683
50;2025-12-03;8;1.0197343683
50;2025-12-03;9;1.0197343683
50;2025-12-03;10;1.0197343683
50;2025-12-03;11;1.0197343683
50;2025-12-03;12;1.0197343683
50;2025-12-03;13;1.0197343683
50;2025-12-03;14;1.0197343683
50;2025-12-03;15;1.0197343683
50;2025-12-03;16;1.0197343683
50;2025-12-03;17;1.0197343683
50;2025-12-03;18;1.0197343683
50;2025-12-03;19;1.0197343683
50;2025-12-03;20;1.0197343683
50;2025-12-03;21;1.0197343683
50;2025-12-03;22;1.0197343683
50;2025-12-03;23;1.0197343683
50;2025-12-04;0;1.0211571412
50;2025-12-04;1;1.0211571412
50;2025-12-04;2;1.0211571412
50;2025-12-04;3;1.0211571412
50;2025-12-04;4;1.0211571412
50;2025-12-04;5;1.0211571412
50;2025-12-04;6;1.0211571412
50;2025-12-04;7;1.0211571412
50;2025-12-04;8;1.0211571412
50;2025-12-04;9;1.0211571412
50;2025-12-04;10;1.0211571412
50;2025-12-04;11;1.0211571412
50;2025-12-04;12;1.0211571412
50;2025-12-04;13;1.0211571412
50;2025-12-04;14;1.0211571412
50;2025-12-04;15;1.0211571412
50;2025-12-04;16;1.0211571412
50;2025-12-04;17;1.0211571412
50;2025-12-04;18;1.0211571412
50;2025-12-04;19;1.0211571412
50;2025-12-04;20;1.0211571412
50;2025-12-04;21;1.0211571412
50;2025-12-04;22;1.0211571412
50;2025-12-04;23;1.0211571412
50;2025-12-05;0;1.0176438825
50;2025-12-05;1;1.0176438825
50;2025-12-05;2;1.0176438825
50;2025-12-05;3;1.0176438825
50;2025-12-05;4;1.0176438825
50;2025-12-05;5;1.0176438825
50;2025-12-05;6;1.0176438825
50;2025-12-05;7;1.0176438825
50;2025-12-05;8;1.0176438825
50;2025-12-05;9;1.0176438825
50;2025-12-05;10;1.0176438825
50;2025-12-05;11;1.0176438825
50;2025-12-05;12;1.0176438825
50;2025-12-05;13;1.0176438825
50;2025-12-05;14;1.0176438825
50;2025-12-05;15;1.0176438825
50;2025-12-05;16;1.0176438825
50;2025-12-05;17;1.0176438825
50;2025-12-05;18;1.0176438825
50;2025-12-05;19;1.0176438825
50;2025-12-05;20;1.0176438825
50;2025-12-05;21;1.0176438825
50;2025-12-05;22;1.0176438825
50;2025-12-05;23;1.0176438825
50;2025-12-06;0;1.0133862925
50;2025-12-06;1;1.0133862925
50;2025-12-06;2;1.0133862925
50;2025-12-06;3;1.0133862925
50;2025-12-06;4;1.0133862925
50;2025-12-06;5;1.0133862925
50;2025-12-06;6;1.0133862925
50;2025-12-06;7;1.0133862925
50;2025-12-06;8;1.0133862925
50;2025-12-06;9;1.0133862925
50;2025-12-06;10;1.0133862925
50;2025-12-06;11;1.0133862925
50;2025-12-06;12;1.0133862925
50;2025-12-06;13;1.0133862925
50;2025-12-06;14;1.0133862925
50;2025-12-06;15;1.0133862925
50;2025-12-06;16;1.0133862925
50;2025-12-06;17;1.0133862925
50;2025-12-06;18;1.0133862925
50;2025-12-06;19;1.0133862925
50;2025-12-06;20;1.0133862925
50;2025-12-06;21;1.0133862925
50;2025-12-06;22;1.0133862925
50;2025-12-06;23;1.0133862925
50;2025-12-07;0;1.0126268313
50;2025-12-07;1;1.0126268313
50;2025-12-07;2;1.0126268313
50;2025-12-07;3;1.0126268313
50;2025-12-07;4;1.0126268313
50;2025-12-07;5;1.0126268313
50;2025-12-07;6;1.0126268313
50;2025-12-07;7;1.0126268313
50;2025-12-07;8;1.0126268313
50;2025-12-07;9;1.0126268313
50;2025-12-07;10;1.0126268313
50;2025-12-07;11;1.0126268313
50;2025-12-07;12;1.0126268313
50;2025-12-07;13;1.0126268313
50;2025-12-07;14;1.0126268313
50;2025-12-07;15;1.0126268313
50;2025-12-07;16;1.0126268313
50;2025-12-07;17;1.0126268313
50;2025-12-07;18;1.0126268313
50;2025-12-07;19;1.0126268313
50;2025-12-07;20;1.0126268313
50;2025-12-07;21;1.0126268313
50;2025-12-07;22;1.0126268313
50;2025-12-07;23;1.0126268313
50;2025-12-08;0;1.0201516601
50;2025-12-08;1;1.0201516601
50;2025-12-08;2;1.0201516601
50;2025-12-08;3;1.0201516601
50;2025-12-08;4;1.0201516601
50;2025-12-08;5;1.0201516601
50;2025-12-08;6;1.0201516601
50;2025-12-08;7;1.0201516601
50;2025-12-08;8;1.0201516601
50;2025-12-08;9;1.0201516601
50;2025-12-08;10;1.0201516601
50;2025-12-08;11;1.0201516601
50;2025-12-08;12;1.0201516601
50;2025-12-08;13;1.0201516601
50;2025-12-08;14;1.0201516601
50;2025-12-08;15;1.0201516601
50;2025-12-08;16;1.0201516601
50;2025-12-08;17;1.0201516601
50;2025-12-08;18;1.0201516601
50;2025-12-08;19;1.0201516601
50;2025-12-08;20;1.0201516601
50;2025-12-08;21;1.0201516601
50;2025-12-08;22;1.0201516601
50;2025-12-08;23;1.0201516601
50;2025-12-09;0;1.0221397022
50;2025-12-09;1;1.0221397022
50;2025-12-09;2;1.0221397022
50;2025-12-09;3;1.0221397022
50;2025-12-09;4;1.0221397022
50;2025-12-09;5;1.0221397022
50;2025-12-09;6;1.0221397022
50;2025-12-09;7;1.0221397022
50;2025-12-09;8;1.0221397022
50;2025-12-09;9;1.0221397022
50;2025-12-09;10;1.0221397022
50;2025-12-09;11;1.0221397022
50;2025-12-09;12;1.0221397022
50;2025-12-09;13;1.0221397022
50;2025-12-09;14;1.0221397022
50;2025-12-09;15;1.0221397022
50;2025-12-09;16;1.0221397022
50;2025-12-09;17;1.0221397022
50;2025-12-09;18;1.0221397022
50;2025-12-09;19;1.0221397022
50;2025-12-09;20;1.0221397022
50;2025-12-09;21;1.0221397022
50;2025-12-09;22;1.0221397022
50;2025-12-09;23;1.0221397022
50;2025-12-10;0;1.0113164648
50;2025-12-10;1;1.0113164648
50;2025-12-10;2;1.0113164648
50;2025-12-10;3;1.0113164648
50;2025-12-10;4;1.0113164648
50;2025-12-10;5;1.0113164648
50;2025-12-10;6;1.0113164648
50;2025-12-10;7;1.0113164648
50;2025-12-10;8;1.0113164648
50;2025-12-10;9;1.0113164648
50;2025-12-10;10;1.0113164648
50;2025-12-10;11;1.0113164648
50;2025-12-10;12;1.0113164648
50;2025-12-10;13;1.0113164648
50;2025-12-10;14;1.0113164648
50;2025-12-10;15;1.0113164648
50;2025-12-10;16;1.0113164648
50;2025-12-10;17;1.0113164648
50;2025-12-10;18;1.0113164648
50;2025-12-10;19;1.0113164648
50;2025-12-10;20;1.0113164648
50;2025-12-10;21;1.0113164648
50;2025-12-10;22;1.0113164648
50;2025-12-10;23;1.0113164648
50;2025-12-11;0;0.9891522532
50;2025-12-11;1;0.9891522532
50;2025-12-11;2;0.9891522532
50;2025-12-11;3;0.9891522532
50;2025-12-11;4;0.9891522532
50;2025-12-11;5;0.9891522532
50;2025-12-11;6;0.9891522532
50;2025-12-11;7;0.9891522532
50;2025-12-11;8;0.9891522532
50;2025-12-11;9;0.9891522532
50;2025-12-11;10;0.9891522532
50;2025-12-11;11;0.9891522532
50;2025-12-11;12;0.9891522532
50;2025-12-11;13;0.9891522532
50;2025-12-11;14;0.9891522532
50;2025-12-11;15;0.9891522532
50;2025-12-11;16;0.9891522532
50;2025-12-11;17;0.9891522532
50;2025-12-11;18;0.9891522532
50;2025-12-11;19;0.9891522532
50;2025-12-11;20;0.9891522532
50;2025-12-11;21;0.9891522532
50;2025-12-11;22;0.9891522532
50;2025-12-11;23;0.9891522532
50;2025-12-12;0;0.9871091216
50;2025-12-12;1;0.9871091216
50;2025-12-12;2;0.9871091216
50;2025-12-12;3;0.9871091216
50;2025-12-12;4;0.9871091216
50;2025-12-12;5;0.9871091216
50;2025-12-12;6;0.9871091216
50;2025-12-12;7;0.9871091216
50;2025-12-12;8;0.9871091216
50;2025-12-12;9;0.9871091216
50;2025-12-12;10;0.9871091216
50;2025-12-12;11;0.9871091216
50;2025-12-12;12;0.9871091216
50;2025-12-12;13;0.9871091216
50;2025-12-12;14;0.9871091216
50;2025-12-12;15;0.9871091216
50;2025-12-12;16;0.9871091216
50;2025-12-12;17;0.9871091216
50;2025-12-12;18;0.9871091216
50;2025-12-12;19;0.9871091216
50;2025-12-12;20;0.9871091216
50;2025-12-12;21;0.9871091216
50;2025-12-12;22;0.9871091216
50;2025-12-12;23;0.9871091216
50;2025-12-13;0;1.0035911645
50;2025-12-13;1;1.0035911645
50;2025-12-13;2;1.0035911645
50;2025-12-13;3;1.0035911645
50;2025-12-13;4;1.0035911645
50;2025-12-13;5;1.0035911645
50;2025-12-13;6;1.0035911645
50;2025-12-13;7;1.0035911645
50;2025-12-13;8;1.0035911645
50;2025-12-13;9;1.0035911645
50;2025-12-13;10;1.0035911645
50;2025-12-13;11;1.0035911645
50;2025-12-13;12;1.0035911645
50;2025-12-13;13;1.0035911645
50;2025-12-13;14;1.0035911645
50;2025-12-13;15;1.0035911645
50;2025-12-13;16;1.0035911645
50;2025-12-13;17;1.0035911645
50;2025-12-13;18;1.0035911645
50;2025-12-13;19;1.0035911645
50;2025-12-13;20;1.0035911645
50;2025-12-13;21;1.0035911645
50;2025-12-13;22;1.0035911645
50;2025-12-13;23;1.0035911645
50;2025-12-14;0;1.0064602708
50;2025-12-14;1;1.0064602708
50;2025-12-14;2;1.0064602708
50;2025-12-14;3;1.0064602708
50;2025-12-14;4;1.0064602708
50;2025-12-14;5;1.0064602708
50;2025-12-14;6;1.0064602708
50;2025-12-14;7;1.0064602708
50;2025-12-14;8;1.0064602708
50;2025-12-14;9;1.0064602708
50;2025-12-14;10;1.0064602708
50;2025-12-14;11;1.0064602708
50;2025-12-14;12;1.0064602708
50;2025-12-14;13;1.0064602708
50;2025-12-14;14;1.0064602708
50;2025-12-14;15;1.0064602708
50;2025-12-14;16;1.0064602708
50;2025-12-14;17;1.0064602708
50;2025-12-14;18;1.0064602708
50;2025-12-14;19;1.0064602708
50;2025-12-14;20;1.0064602708
50;2025-12-14;21;1.0064602708
50;2025-12-14;22;1.0064602708
50;2025-12-14;23;1.0064602708
50;2025-12-15;0;1.0158090004
50;2025-12-15;1;1.0158090004
50;2025-12-15;2;1.0158090004
50;2025-12-15;3;1.0158090004
50;2025-12-15;4;1.0158090004
50;2025-12-15;5;1.0158090004
50;2025-12-15;6;1.0158090004
50;2025-12-15;7;1.0158090004
50;2025-12-15;8;1.0158090004
50;2025-12-15;9;1.0158090004
50;2025-12-15;10;1.0158090004
50;2025-12-15;11;1.0158090004
50;2025-12-15;12;1.0158090004
50;2025-12-15;13;1.0158090004
50;2025-12-15;14;1.0158090004
50;2025-12-15;15;1.0158090004
50;2025-12-15;16;1.0158090004
50;2025-12-15;17;1.0158090004
50;2025-12-15;18;1.0158090004
50;2025-12-15;19;1.0158090004
50;2025-12-15;20;1.0158090004
50;2025-12-15;21;1.0158090004
50;2025-12-15;22;1.0158090004
50;2025-12-15;23;1.0158090004
50;2025-12-16;0;1.0102401004
50;2025-12-16;1;1.0102401004
50;2025-12-16;2;1.0102401004
50;2025-12-16;3;1.0102401004
50;2025-12-16;4;1.0102401004
50;2025-12-16;5;1.0102401004
50;2025-12-16;6;1.0102401004
50;2025-12-16;7;1.0102401004
50;2025-12-16;8;1.0102401004
50;2025-12-16;9;1.0102401004
50;2025-12-16;10;1.0102401004
50;2025-12-16;11;1.0102401004
50;2025-12-16;12;1.0102401004
50;2025-12-16;13;1.0102401004
50;2025-12-16;14;1.0102401004
50;2025-12-16;15;1.0102401004
50;2025-12-16;16;1.0102401004
50;2025-12-16;17;1.0102401004
50;2025-12-16;18;1.0102401004
50;2025-12-16;19;1.0102401004
50;2025-12-16;20;1.0102401004
50;2025-12-16;21;1.0102401004
50;2025-12-16;22;1.0102401004
50;2025-12-16;23;1.0102401004
50;2025-12-17;0;1.016064922
50;2025-12-17;1;1.016064922
50;2025-12-17;2;1.016064922
50;2025-12-17;3;1.016064922
50;2025-12-17;4;1.016064922
50;2025-12-17;5;1.016064922
50;2025-12-17;6;1.016064922
50;2025-12-17;7;1.016064922
50;2025-12-17;8;1.016064922
50;2025-12-17;9;1.016064922
50;2025-12-17;10;1.016064922
50;2025-12-17;11;1.016064922
50;2025-12-17;12;1.016064922
50;2025-12-17;13;1.016064922
50;2025-12-17;14;1.016064922
50;2025-12-17;15;1.016064922
50;2025-12-17;16;1.016064922
50;2025-12-17;17;1.016064922
50;2025-12-17;18;1.016064922
50;2025-12-17;19;1.016064922
50;2025-12-17;20;1.016064922
50;2025-12-17;21;1.016064922
50;2025-12-17;22;1.016064922
50;2025-12-17;23;1.016064922
50;2025-12-18;0;1.0229387391
50;2025-12-18;1;1.0229387391
50;2025-12-18;2;1.0229387391
50;2025-12-18;3;1.0229387391
50;2025-12-18;4;1.0229387391
50;2025-12-18;5;1.0229387391
50;2025-12-18;6;1.0229387391
50;2025-12-18;7;1.0229387391
50;2025-12-18;8;1.0229387391
50;2025-12-18;9;1.0229387391
50;2025-12-18;10;1.0229387391
50;2025-12-18;11;1.0229387391
50;2025-12-18;12;1.0229387391
50;2025-12-18;13;1.0229387391
50;2025-12-18;14;1.0229387391
50;2025-12-18;15;1.0229387391
50;2025-12-18;16;1.0229387391
50;2025-12-18;17;1.0229387391
50;2025-12-18;18;1.0229387391
50;2025-12-18;19;1.0229387391
50;2025-12-18;20;1.0229387391
50;2025-12-18;21;1.0229387391
50;2025-12-18;22;1.0229387391
50;2025-12-18;23;1.0229387391
50;2025-12-19;0;1.0135801929
50;2025-12-19;1;1.0135801929
50;2025-12-19;2;1.0135801929
50;2025-12-19;3;1.0135801929
50;2025-12-19;4;1.0135801929
50;2025-12-19;5;1.0135801929
50;2025-12-19;6;1.0135801929
50;2025-12-19;7;1.0135801929
50;2025-12-19;8;1.0135801929
50;2025-12-19;9;1.0135801929
50;2025-12-19;10;1.0135801929
50;2025-12-19;11;1.0135801929
50;2025-12-19;12;1.0135801929
50;2025-12-19;13;1.0135801929
50;2025-12-19;14;1.0135801929
50;2025-12-19;15;1.0135801929
50;2025-12-19;16;1.0135801929
50;2025-12-19;17;1.0135801929
50;2025-12-19;18;1.0135801929
50;2025-12-19;19;1.0135801929
50;2025-12-19;20;1.0135801929
50;2025-12-19;21;1.0135801929
50;2025-12-19;22;1.0135801929
50;2025-12-19;23;1.0135801929
50;2025-12-20;0;1.0140715215
50;2025-12-20;1;1.0140715215
50;2025-12-20;2;1.0140715215
50;2025-12-20;3;1.0140715215
50;2025-12-20;4;1.0140715215
50;2025-12-20;5;1.0140715215
50;2025-12-20;6;1.0140715215
50;2025-12-20;7;1.0140715215
50;2025-12-20;8;1.0140715215
50;2025-12-20;9;1.0140715215
50;2025-12-20;10;1.0140715215
50;2025-12-20;11;1.0140715215
50;2025-12-20;12;1.0140715215
50;2025-12-20;13;1.0140715215
50;2025-12-20;14;1.0140715215
50;2025-12-20;15;1.0140715215
50;2025-12-20;16;1.0140715215
50;2025-12-20;17;1.0140715215
50;2025-12-20;18;1.0140715215
50;2025-12-20;19;1.0140715215
50;2025-12-20;20;1.0140715215
50;2025-12-20;21;1.0140715215
50;2025-12-20;22;1.0140715215
50;2025-12-20;23;1.0140715215
50;2025-12-21;0;1.0011126411
50;2025-12-21;1;1.0011126411
50;2025-12-21;2;1.0011126411
50;2025-12-21;3;1.0011126411
50;2025-12-21;4;1.0011126411
50;2025-12-21;5;1.0011126411
50;2025-12-21;6;1.0011126411
50;2025-12-21;7;1.0011126411
50;2025-12-21;8;1.0011126411
50;2025-12-21;9;1.0011126411
50;2025-12-21;10;1.0011126411
50;2025-12-21;11;1.0011126411
50;2025-12-21;12;1.0011126411
50;2025-12-21;13;1.0011126411
50;2025-12-21;14;1.0011126411
50;2025-12-21;15;1.0011126411
50;2025-12-21;16;1.0011126411
50;2025-12-21;17;1.0011126411
50;2025-12-21;18;1.0011126411
50;2025-12-21;19;1.0011126411
50;2025-12-21;20;1.0011126411
50;2025-12-21;21;1.0011126411
50;2025-12-21;22;1.0011126411
50;2025-12-21;23;1.0011126411
50;2025-12-22;0;0.9966331851
50;2025-12-22;1;0.9966331851
50;2025-12-22;2;0.9966331851
50;2025-12-22;3;0.9966331851
50;2025-12-22;4;0.9966331851
50;2025-12-22;5;0.9966331851
50;2025-12-22;6;0.9966331851
50;2025-12-22;7;0.9966331851
50;2025-12-22;8;0.9966331851
50;2025-12-22;9;0.9966331851
50;2025-12-22;10;0.9966331851
50;2025-12-22;11;0.9966331851
50;2025-12-22;12;0.9966331851
50;2025-12-22;13;0.9966331851
50;2025-12-22;14;0.9966331851
50;2025-12-22;15;0.9966331851
50;2025-12-22;16;0.9966331851
50;2025-12-22;17;0.9966331851
50;2025-12-22;18;0.9966331851
50;2025-12-22;19;0.9966331851
50;2025-12-22;20;0.9966331851
50;2025-12-22;21;0.9966331851
50;2025-12-22;22;0.9966331851
50;2025-12-22;23;0.9966331851
50;2025-12-23;0;1.0220241328
50;2025-12-23;1;1.0220241328
50;2025-12-23;2;1.0220241328
50;2025-12-23;3;1.0220241328
50;2025-12-23;4;1.0220241328
50;2025-12-23;5;1.0220241328
50;2025-12-23;6;1.0220241328
50;2025-12-23;7;1.0220241328
50;2025-12-23;8;1.0220241328
50;2025-12-23;9;1.0220241328
50;2025-12-23;10;1.0220241328
50;2025-12-23;11;1.0220241328
50;2025-12-23;12;1.0220241328
50;2025-12-23;13;1.0220241328
50;2025-12-23;14;1.0220241328
50;2025-12-23;15;1.0220241328
50;2025-12-23;16;1.0220241328
50;2025-12-23;17;1.0220241328
50;2025-12-23;18;1.0220241328
50;2025-12-23;19;1.0220241328
50;2025-12-23;20;1.0220241328
50;2025-12-23;21;1.0220241328
50;2025-12-23;22;1.0220241328
50;2025-12-23;23;1.0220241328
50;2025-12-24;0;1.0144371437
50;2025-12-24;1;1.0144371437
50;2025-12-24;2;1.0144371437
50;2025-12-24;3;1.0144371437
50;2025-12-24;4;1.0144371437
50;2025-12-24;5;1.0144371437
50;2025-12-24;6;1.0144371437
50;2025-12-24;7;1.0144371437
50;2025-12-24;8;1.0144371437
50;2025-12-24;9;1.0144371437
50;2025-12-24;10;1.0144371437
50;2025-12-24;11;1.0144371437
50;2025-12-24;12;1.0144371437
50;2025-12-24;13;1.0144371437
50;2025-12-24;14;1.0144371437
50;2025-12-24;15;1.0144371437
50;2025-12-24;16;1.0144371437
50;2025-12-24;17;1.0144371437
50;2025-12-24;18;1.0144371437
50;2025-12-24;19;1.0144371437
50;2025-12-24;20;1.0144371437
50;2025-12-24;21;1.0144371437
50;2025-12-24;22;1.0144371437
50;2025-12-24;23;1.0144371437
50;2025-12-25;0;1.0055143708
50;2025-12-25;1;1.0055143708
50;2025-12-25;2;1.0055143708
50;2025-12-25;3;1.0055143708
50;2025-12-25;4;1.0055143708
50;2025-12-25;5;1.0055143708
50;2025-12-25;6;1.0055143708
50;2025-12-25;7;1.0055143708
50;2025-12-25;8;1.0055143708
50;2025-12-25;9;1.0055143708
50;2025-12-25;10;1.0055143708
50;2025-12-25;11;1.0055143708
50;2025-12-25;12;1.0055143708
50;2025-12-25;13;1.0055143708
50;2025-12-25;14;1.0055143708
50;2025-12-25;15;1.0055143708
50;2025-12-25;16;1.0055143708
50;2025-12-25;17;1.0055143708
50;2025-12-25;18;1.0055143708
50;2025-12-25;19;1.0055143708
50;2025-12-25;20;1.0055143708
50;2025-12-25;21;1.0055143708
50;2025-12-25;22;1.0055143708
50;2025-12-25;23;1.0055143708
50;2025-12-26;0;0.9781783157
50;2025-12-26;1;0.9781783157
50;2025-12-26;2;0.9781783157
50;2025-12-26;3;0.9781783157
50;2025-12-26;4;0.9781783157
50;2025-12-26;5;0.9781783157
50;2025-12-26;6;0.9781783157
50;2025-12-26;7;0.9781783157
50;2025-12-26;8;0.9781783157
50;2025-12-26;9;0.9781783157
50;2025-12-26;10;0.9781783157
50;2025-12-26;11;0.9781783157
50;2025-12-26;12;0.9781783157
50;2025-12-26;13;0.9781783157
50;2025-12-26;14;0.9781783157
50;2025-12-26;15;0.9781783157
50;2025-12-26;16;0.9781783157
50;2025-12-26;17;0.9781783157
50;2025-12-26;18;0.9781783157
50;2025-12-26;19;0.9781783157
50;2025-12-26;20;0.9781783157
50;2025-12-26;21;0.9781783157
50;2025-12-26;22;0.9781783157
50;2025-12-26;23;0.9781783157
50;2025-12-27;0;1.004161095
50;2025-12-27;1;1.004161095
50;2025-12-27;2;1.004161095
50;2025-12-27;3;1.004161095
50;2025-12-27;4;1.004161095
50;2025-12-27;5;1.004161095
50;2025-12-27;6;1.004161095
50;2025-12-27;7;1.004161095
50;2025-12-27;8;1.004161095
50;2025-12-27;9;1.004161095
50;2025-12-27;10;1.004161095
50;2025-12-27;11;1.004161095
50;2025-12-27;12;1.004161095
50;2025-12-27;13;1.004161095
50;2025-12-27;14;1.004161095
50;2025-12-27;15;1.004161095
50;2025-12-27;16;1.004161095
50;2025-12-27;17;1.004161095
50;2025-12-27;18;1.004161095
50;2025-12-27;19;1.004161095
50;2025-12-27;20;1.004161095
50;2025-12-27;21;1.004161095
50;2025-12-27;22;1.004161095
50;2025-12-27;23;1.004161095
50;2025-12-28;0;0.9958669442
50;2025-12-28;1;0.9958669442
50;2025-12-28;2;0.9958669442
50;2025-12-28;3;0.9958669442
50;2025-12-28;4;0.9958669442
50;2025-12-28;5;0.9958669442
50;2025-12-28;6;0.9958669442
50;2025-12-28;7;0.9958669442
50;2025-12-28;8;0.9958669442
50;2025-12-28;9;0.9958669442
50;2025-12-28;10;0.9958669442
50;2025-12-28;11;0.9958669442
50;2025-12-28;12;0.9958669442
50;2025-12-28;13;0.9958669442
50;2025-12-28;14;0.9958669442
50;2025-12-28;15;0.9958669442
50;2025-12-28;16;0.9958669442
50;2025-12-28;17;0.9958669442
50;2025-12-28;18;0.9958669442
50;2025-12-28;19;0.9958669442
50;2025-12-28;20;0.9958669442
50;2025-12-28;21;0.9958669442
50;2025-12-28;22;0.9958669442
50;2025-12-28;23;0.9958669442
50;2025-12-29;0;1.004910331
50;2025-12-29;1;1.004910331
50;2025-12-29;2;1.004910331
50;2025-12-29;3;1.004910331
50;2025-12-29;4;1.004910331
50;2025-12-29;5;1.004910331
50;2025-12-29;6;1.004910331
50;2025-12-29;7;1.004910331
50;2025-12-29;8;1.004910331
50;2025-12-29;9;1.004910331
50;2025-12-29;10;1.004910331
50;2025-12-29;11;1.004910331
50;2025-12-29;12;1.004910331
50;2025-12-29;13;1.004910331
50;2025-12-29;14;1.004910331
50;2025-12-29;15;1.004910331
50;2025-12-29;16;1.004910331
50;2025-12-29;17;1.004910331
50;2025-12-29;18;1.004910331
50;2025-12-29;19;1.004910331
50;2025-12-29;20;1.004910331
50;2025-12-29;21;1.004910331
50;2025-12-29;22;1.004910331
50;2025-12-29;23;1.004910331
50;2025-12-30;0;1.0002169517
50;2025-12-30;1;1.0002169517
50;2025-12-30;2;1.0002169517
50;2025-12-30;3;1.0002169517
50;2025-12-30;4;1.0002169517
50;2025-12-30;5;1.0002169517
50;2025-12-30;6;1.0002169517
50;2025-12-30;7;1.0002169517
50;2025-12-30;8;1.0002169517
50;2025-12-30;9;1.0002169517
50;2025-12-30;10;1.0002169517
50;2025-12-30;11;1.0002169517
50;2025-12-30;12;1.0002169517
50;2025-12-30;13;1.0002169517
50;2025-12-30;14;1.0002169517
50;2025-12-30;15;1.0002169517
50;2025-12-30;16;1.0002169517
50;2025-12-30;17;1.0002169517
50;2025-12-30;18;1.0002169517
50;2025-12-30;19;1.0002169517
50;2025-12-30;20;1.0002169517
50;2025-12-30;21;1.0002169517
50;2025-12-30;22;1.0002169517
50;2025-12-30;23;1.0002169517
50;2025-12-31;0;0.9957961549
50;2025-12-31;1;0.9957961549
50;2025-12-31;2;0.9957961549
50;2025-12-31;3;0.9957961549
50;2025-12-31;4;0.9957961549
50;2025-12-31;5;0.9957961549
50;2025-12-31;6;0.9957961549
50;2025-12-31;7;0.9957961549
50;2025-12-31;8;0.9957961549
50;2025-12-31;9;0.9957961549
50;2025-12-31;10;0.9957961549
50;2025-12-31;11;0.9957961549
50;2025-12-31;12;0.9957961549
50;2025-12-31;13;0.9957961549
50;2025-12-31;14;0.9957961549
50;2025-12-31;15;0.9957961549
50;2025-12-31;16;0.9957961549
50;2025-12-31;17;0.9957961549
50;2025-12-31;18;0.9957961549
50;2025-12-31;19;0.9957961549
50;2025-12-31;20;0.9957961549
50;2025-12-31;21;0.9957961549
50;2025-12-31;22;0.9957961549
50;2025-12-31;23;0.9957961549
